t,x,y,z,vx,vy,vz,speed,roll,pitch,yaw,soc,thrust,state
0.0025,0,0,0,0,0,0,0,0,-2.1204e-20,0,100,174.49,ARMED
0.005,-6.5227e-27,0,0,-2.2177e-24,0,0,2.2177e-24,0,-3.1803e-20,0,100,338.41,ARMED
0.0075,-2.6302e-26,0,0,-6.725e-24,0,0,6.725e-24,0,-3.7101e-20,0,100,492.4,ARMED
0.01,-6.46e-26,0,0,-1.3021e-23,0,0,1.3021e-23,0,4.5065e-20,0,100,637.05,ARMED
0.0125,-6.5489e-26,0,0,-3.0224e-25,0,0,3.0224e-25,0,8.6138e-20,0,99.999,772.95,ARMED
0.015,4.2748e-27,0,0,2.372e-23,0,0,2.372e-23,0,1.0667e-19,0,99.999,900.61,ARMED
0.0175,1.6253e-25,0,0,5.3807e-23,0,0,5.3807e-23,0,1.1693e-19,0,99.999,1020.5,ARMED
0.02,4.175e-25,0,0,8.6689e-23,0,0,8.6689e-23,0,1.2206e-19,0,99.998,1133.2,ARMED
0.0225,7.717e-25,0,3.241e-06,1.4168e-22,0,0.0012964,0.0012964,0,1.2463e-19,0,99.998,1239,ARMED
0.025,1.2775e-24,0,1.4901e-05,2.0233e-22,0,0.0046641,0.0046641,0,1.2719e-19,0,99.997,1338.4,ARMED
0.0275,1.9489e-24,0,3.9845e-05,2.6855e-22,0,0.0099776,0.0099776,0,1.2975e-19,0,99.997,1431.8,ARMED
0.03,2.7995e-24,0,8.2643e-05,3.4025e-22,0,0.017119,0.017119,0,1.3232e-19,0,99.996,1519.6,ARMED
0.0325,3.8429e-24,0,0.00014759,4.1732e-22,0,0.025977,0.025977,0,1.3488e-19,0,99.995,1602,ARMED
0.035,5.0921e-24,0,0.00023871,4.9969e-22,0,0.036449,0.036449,0,-3.219e-20,0,99.994,1679.4,ARMED
0.0375,6.29e-24,0,0.0003598,4.7918e-22,0,0.048436,0.048436,0,-1.9922e-19,0,99.994,1752.2,ARMED
0.04,7.1583e-24,0,0.00051442,3.4731e-22,0,0.061847,0.061847,0,-3.662e-19,0,99.993,1820.5,ARMED
0.0425,7.3992e-24,0,0.0007059,9.6351e-23,0,0.076595,0.076595,0,-5.3314e-19,0,99.992,1884.7,ARMED
0.045,6.6974e-24,0,0.0009374,-2.807e-22,0,0.092599,0.092599,0,-7.0005e-19,0,99.991,1945,ARMED
0.0475,4.7219e-24,0,0.0012119,-7.9021e-22,0,0.10978,0.10978,0,-8.669e-19,0,99.99,2001.6,ARMED
0.05,1.1271e-24,0,0.001532,-1.4379e-21,0,0.12808,0.12808,0,-1.0337e-18,0,99.989,2054.9,ARMED
0.0525,-4.4456e-24,0,0.0019006,-2.2291e-21,0,0.14741,0.14741,0,-1.2005e-18,0,99.988,2104.9,ARMED
0.055,-1.2367e-23,0,0.0023199,-3.1684e-21,0,0.16772,0.16772,0,-1.3672e-18,0,99.987,2151.8,ARMED
0.0575,-2.3017e-23,0,0.0027923,-4.2601e-21,0,0.18895,0.18895,0,-1.5339e-18,0,99.985,2195.9,ARMED
0.06,-3.6787e-23,0,0.0033199,-5.508e-21,0,0.21105,0.21105,0,-1.7006e-18,0,99.984,2237.4,ARMED
0.0625,-5.4075e-23,0,0.0039048,-6.9155e-21,0,0.23396,0.23396,0,-1.8672e-18,0,99.983,2276.3,ARMED
0.065,-7.529e-23,0,0.0045488,-8.4858e-21,0,0.25762,0.25762,0,-2.0338e-18,0,99.982,2312.9,ARMED
0.0675,-1.0084e-22,0,0.0052539,-1.0221e-20,0,0.28201,0.28201,0,-1.861e-18,0,99.98,2347.3,ARMED
0.07,-1.3042e-22,0,0.0060215,-1.1832e-20,0,0.30706,0.30706,0,-1.6883e-18,0,99.979,2379.5,ARMED
0.0725,-1.637e-22,0,0.0068534,-1.3311e-20,0,0.33275,0.33275,0,-1.1764e-18,0,99.978,2409.9,ARMED
0.075,-1.9958e-22,0,0.007751,-1.4354e-20,0,0.35903,0.35903,0,-3.2539e-19,0,99.976,2438.3,ARMED
0.0775,-2.362e-22,0,0.0087156,-1.4645e-20,0,0.38587,0.38587,0,8.6469e-19,0,99.975,2465.1,ARMED
0.08,-2.7085e-22,0,0.0097487,-1.3862e-20,0,0.41323,0.41323,0,2.0545e-18,0,99.974,2490.2,ARMED
0.0825,-3.0082e-22,0,0.010851,-1.1984e-20,0,0.44108,0.44108,0,3.244e-18,0,99.972,2513.8,ARMED
0.085,-3.233e-22,0,0.012025,-8.993e-21,0,0.46939,0.46939,0,4.0939e-18,0,99.971,2536,ARMED
0.0875,-3.3627e-22,0,0.01327,-5.1868e-21,0,0.49814,0.49814,0,4.9436e-18,0,99.969,2556.9,ARMED
0.09,-3.3765e-22,0,0.014588,-5.5545e-22,0,0.5273,0.5273,0,5.7931e-18,0,99.968,2576.5,ARMED
0.0925,-3.2538e-22,0,0.015981,4.9104e-21,0,0.55684,0.55684,0,6.6424e-18,0,99.966,2594.8,ARMED
0.095,-2.9733e-22,0,0.017447,1.1219e-20,0,0.58673,0.58673,0,7.8308e-18,0,99.965,2612.1,ARMED
0.0975,-2.5057e-22,0,0.01899,1.8703e-20,0,0.61697,0.61697,0,9.3581e-18,0,99.963,2628.3,ARMED
0.1,-1.8133e-22,0,0.020609,2.7698e-20,0,0.64752,0.64752,0,1.1224e-17,0,99.962,2643.6,ARMED
0.1025,-8.4963e-23,0,0.022305,3.8545e-20,0,0.67837,0.67837,0,1.3429e-17,0,99.96,2657.9,ARMED
0.105,4.4011e-23,0,0.024078,5.1589e-20,0,0.7095,0.7095,0,1.5973e-17,0,99.959,2671.4,ARMED
0.1075,2.1195e-22,0,0.025931,6.7177e-20,0,0.74089,0.74089,0,1.8177e-17,0,99.957,2684,ARMED
0.11,4.2444e-22,0,0.027862,8.4994e-20,0,0.77253,0.77253,0,2.038e-17,0,99.955,2695.9,ARMED
0.1125,6.8707e-22,0,0.029873,1.0505e-19,0,0.8044,0.8044,0,2.2243e-17,0,99.954,2707,ARMED
0.115,1.0046e-21,0,0.031964,1.2703e-19,0,0.83649,0.83649,0,2.3767e-17,0,99.952,2717.5,ARMED
0.1175,1.3811e-21,0,0.034136,1.506e-19,0,0.86878,0.86878,0,2.529e-17,0,99.951,2727.4,ARMED
0.12,1.8206e-21,0,0.036389,1.7576e-19,0,0.90126,0.90126,0,2.6813e-17,0,99.949,2736.6,ARMED
0.1225,2.3269e-21,0,0.038724,2.0253e-19,0,0.93393,0.93393,0,2.7997e-17,0,99.947,2745.3,ARMED
0.125,2.9032e-21,0,0.041141,2.3055e-19,0,0.96676,0.96676,0,2.918e-17,0,99.946,2753.5,ARMED
0.1275,3.5529e-21,0,0.04364,2.5984e-19,0,0.99975,0.99975,0,3.0362e-17,0,99.944,2761.1,ARMED
0.13,4.2789e-21,0,0.046222,2.904e-19,0,1.0329,1.0329,0,3.1884e-17,0,99.943,2768.3,ARMED
0.1325,5.0853e-21,0,0.048888,3.2257e-19,0,1.0662,1.0662,0,3.3405e-17,0,99.941,2775.1,ARMED
0.135,5.9762e-21,0,0.051637,3.5635e-19,0,1.0996,1.0996,0,3.4926e-17,0,99.939,2781.5,ARMED
0.1375,6.9555e-21,0,0.05447,3.9174e-19,0,1.1331,1.1331,0,3.6447e-17,0,99.938,2787.4,ARMED
0.14,8.0274e-21,0,0.057387,4.2875e-19,0,1.1668,1.1668,0,3.7628e-17,0,99.936,2793,ARMED
0.1425,9.1949e-21,0,0.060388,4.6703e-19,0,1.2005,1.2005,0,3.8808e-17,0,99.934,2798.3,ARMED
0.145,1.0461e-20,0,0.063474,5.0657e-19,0,1.2344,1.2344,0,3.9989e-17,0,99.933,2803.3,ARMED
0.1475,1.183e-20,0,0.066645,5.4739e-19,0,1.2683,1.2683,0,4.1169e-17,0,99.931,2807.9,ARMED
0.15,1.3304e-20,0,0.069901,5.8948e-19,0,1.3024,1.3024,0,4.2009e-17,0,99.929,2812.3,ARMED
0.1525,1.4885e-20,0,0.073242,6.3246e-19,0,1.3365,1.3365,0,4.2849e-17,0,99.927,2814.7,ARMED
0.155,1.6576e-20,0,0.076668,6.7633e-19,0,1.3706,1.3706,0,4.4028e-17,0,99.926,2817,ARMED
0.1575,1.8379e-20,0,0.08018,7.2145e-19,0,1.4048,1.4048,0,4.5547e-17,0,99.924,2819.1,ARMED
0.16,2.03e-20,0,0.083778,7.6816e-19,0,1.439,1.439,0,4.7065e-17,0,99.922,2821.2,ARMED
0.1625,2.234e-20,0,0.087461,8.1634e-19,0,1.4732,1.4732,0,4.7564e-17,0,99.921,2816.7,ARMED
0.165,2.4503e-20,0,0.091229,8.6496e-19,0,1.5072,1.5072,0,4.7385e-17,0,99.919,2812.5,ARMED
0.1675,2.6786e-20,0,0.095082,9.1333e-19,0,1.5412,1.5412,0,4.6867e-17,0,99.917,2808.5,ARMED
0.17,2.9189e-20,0,0.099019,9.611e-19,0,1.575,1.575,0,4.601e-17,0,99.916,2804.8,ARMED
0.1725,3.1708e-20,0,0.10304,1.0078e-18,0,1.6087,1.6087,0,4.4135e-17,0,99.914,2795.1,ARMED
0.175,3.434e-20,0,0.10715,1.0525e-18,0,1.6422,1.6422,0,4.1922e-17,0,99.912,2785.9,ARMED
0.1775,3.7077e-20,0,0.11134,1.0948e-18,0,1.6755,1.6755,0,3.8691e-17,0,99.911,2777.4,ARMED
0.18,3.9911e-20,0,0.11561,1.1338e-18,0,1.7086,1.7086,0,3.4443e-17,0,99.909,2769.3,ARMED
0.1825,4.2832e-20,0,0.11996,1.1682e-18,0,1.7415,1.7415,0,2.9857e-17,0,99.907,2755.8,ARMED
0.185,4.5827e-20,0,0.1244,1.198e-18,0,1.774,1.774,0,2.4254e-17,0,99.906,2743,ARMED
0.1875,4.8882e-20,0,0.12891,1.222e-18,0,1.8064,1.8064,0,1.7974e-17,0,99.904,2731.1,ARMED
0.19,5.1981e-20,0,0.13351,1.2398e-18,0,1.8385,1.8385,0,1.0678e-17,0,99.903,2719.9,ARMED
0.1925,5.5107e-20,0,0.13818,1.2502e-18,0,1.8702,1.8702,0,2.7058e-18,0,99.901,2703.6,ARMED
0.195,5.8239e-20,0,0.14294,1.2528e-18,0,1.9016,1.9016,0,-5.9434e-18,0,99.899,2688.3,ARMED
0.1975,6.1356e-20,0,0.14777,1.247e-18,0,1.9328,1.9328,0,-1.5269e-17,0,99.898,2673.9,ARMED
0.2,6.4437e-20,0,0.15268,1.2322e-18,0,1.9636,1.9636,0,-2.5271e-17,0,99.896,2660.5,ARMED
0.2025,6.7457e-20,0,0.15766,1.2079e-18,0,1.9941,1.9941,0,-3.5948e-17,0,99.895,2642.3,ARMED
0.205,7.039e-20,0,0.16272,1.1735e-18,0,2.0242,2.0242,0,-4.7302e-17,0,99.893,2625.2,ARMED
0.2075,7.3212e-20,0,0.16786,1.1286e-18,0,2.054,2.054,0,-5.8992e-17,0,99.892,2609.2,ARMED
0.21,7.5894e-20,0,0.17307,1.0729e-18,0,2.0834,2.0834,0,-7.1697e-17,0,99.89,2594.2,ARMED
0.2125,7.8409e-20,0,0.17835,1.0058e-18,0,2.1125,2.1125,0,-8.5416e-17,0,99.889,2574.8,ARMED
0.215,8.0725e-20,0,0.1837,9.2633e-19,0,2.1412,2.1412,0,-9.9811e-17,0,99.887,2556.5,ARMED
0.2175,8.281e-20,0,0.18913,8.3414e-19,0,2.1695,2.1695,0,-1.1488e-16,0,99.886,2539.4,ARMED
0.22,8.4632e-20,0,0.19462,7.287e-19,0,2.1974,2.1974,0,-1.3062e-16,0,99.884,2523.3,ARMED
0.2225,8.6156e-20,0,0.20018,6.0978e-19,0,2.225,2.225,0,-1.4704e-16,0,99.883,2503.2,ARMED
0.225,8.7349e-20,0,0.20581,4.7693e-19,0,2.2522,2.2522,0,-1.6414e-16,0,99.882,2484.3,ARMED
0.2275,8.8173e-20,0,0.21151,3.2971e-19,0,2.2789,2.2789,0,-1.8224e-16,0,99.88,2466.5,ARMED
0.23,8.8591e-20,0,0.21727,1.6736e-19,0,2.3054,2.3054,0,-2.0102e-16,0,99.879,2449.8,ARMED
0.2325,8.8566e-20,0,0.2231,-1.0215e-20,0,2.3314,2.3314,0,-2.2082e-16,0,99.877,2429.3,ARMED
0.235,8.8056e-20,0,0.22899,-2.0372e-19,0,2.357,2.357,0,-2.4162e-16,0,99.876,2410,ARMED
0.2375,8.7022e-20,0,0.23495,-4.1386e-19,0,2.3822,2.3822,0,-2.6344e-16,0,99.875,2391.9,ARMED
0.24,8.5418e-20,0,0.24097,-6.4134e-19,0,2.4071,2.4071,0,-2.8594e-16,0,99.874,2374.9,ARMED
0.2425,8.3203e-20,0,0.24705,-8.8609e-19,0,2.4315,2.4315,0,-3.091e-16,0,99.872,2354.3,ARMED
0.245,8.0332e-20,0,0.25318,-1.1485e-18,0,2.4555,2.4555,0,-3.3294e-16,0,99.871,2335,ARMED
0.2475,7.676e-20,0,0.25938,-1.4289e-18,0,2.4792,2.4792,0,-3.5745e-16,0,99.87,2316.8,ARMED
0.25,7.244e-20,0,0.26564,-1.7278e-18,0,2.5025,2.5025,0,-3.8229e-16,0,99.868,2299.8,ARMED
0.2525,6.7329e-20,0,0.27195,-2.0445e-18,0,2.5253,2.5253,0,-4.0815e-16,0,99.867,2279.3,ARMED
0.255,6.1379e-20,0,0.27832,-2.3799e-18,0,2.5478,2.5478,0,-4.3434e-16,0,99.866,2260.1,ARMED
0.2575,5.4545e-20,0,0.28475,-2.7338e-18,0,2.5699,2.5699,0,-4.612e-16,0,99.865,2242,ARMED
0.26,4.6777e-20,0,0.29123,-3.1069e-18,0,2.5916,2.5916,0,-4.8873e-16,0,99.864,2225.1,ARMED
0.2625,3.8031e-20,0,0.29776,-3.4986e-18,0,2.6129,2.6129,0,-5.1693e-16,0,99.862,2204.9,ARMED
0.265,2.8258e-20,0,0.30434,-3.9093e-18,0,2.6338,2.6338,0,-5.4547e-16,0,99.861,2186,ARMED
0.2675,1.741e-20,0,0.31098,-4.3392e-18,0,2.6544,2.6544,0,-5.7433e-16,0,99.86,2168.2,ARMED
0.27,5.4393e-21,0,0.31766,-4.7883e-18,0,2.6746,2.6746,0,-6.0387e-16,0,99.859,2151.5,ARMED
0.2725,-7.701e-21,0,0.3244,-5.2561e-18,0,2.6943,2.6943,0,-6.3408e-16,0,99.858,2131.8,ARMED
0.275,-2.2059e-20,0,0.33118,-5.7431e-18,0,2.7137,2.7137,0,-6.6496e-16,0,99.857,2113.2,ARMED
0.2775,-3.7683e-20,0,0.33802,-6.2496e-18,0,2.7327,2.7327,0,-6.9618e-16,0,99.856,2095.8,ARMED
0.28,-5.4622e-20,0,0.34489,-6.7757e-18,0,2.7514,2.7514,0,-7.2806e-16,0,99.855,2079.5,ARMED
0.2825,-7.2924e-20,0,0.35182,-7.3208e-18,0,2.7697,2.7697,0,-7.6028e-16,0,99.854,2060.2,ARMED
0.285,-9.2637e-20,0,0.35879,-7.885e-18,0,2.7876,2.7876,0,-7.9316e-16,0,99.853,2042.2,ARMED
0.2875,-1.1381e-19,0,0.3658,-8.4687e-18,0,2.8052,2.8052,0,-8.2672e-16,0,99.852,2025.2,ARMED
0.29,-1.3649e-19,0,0.37286,-9.0723e-18,0,2.8224,2.8224,0,-8.606e-16,0,99.85,2009.2,ARMED
0.2925,-1.6073e-19,0,0.37995,-9.6948e-18,0,2.8392,2.8392,0,-8.9516e-16,0,99.849,1990.6,ARMED
0.295,-1.8657e-19,0,0.38709,-1.0337e-17,0,2.8556,2.8556,0,-9.3005e-16,0,99.848,1973,ARMED
0.2975,-2.1406e-19,0,0.39427,-1.0998e-17,0,2.8718,2.8718,0,-9.6526e-16,0,99.848,1956.6,ARMED
0.3,-2.4326e-19,0,0.40149,-1.1678e-17,0,2.8875,2.8875,0,-1.0008e-15,0,99.847,1941.1,ARMED
0.3025,-2.742e-19,0,0.40875,-1.2378e-17,0,2.9029,2.9029,0,-1.037e-15,0,99.846,1923,ARMED
0.305,-3.0694e-19,0,0.41604,-1.3096e-17,0,2.918,2.918,0,-1.0736e-15,0,99.845,1906.1,ARMED
0.3075,-3.4152e-19,0,0.42338,-1.3833e-17,0,2.9327,2.9327,0,-1.1101e-15,0,99.844,1890.1,ARMED
0.31,-3.78e-19,0,0.43074,-1.4589e-17,0,2.9471,2.9471,0,-1.1466e-15,0,99.843,1875.2,ARMED
0.3125,-4.164e-19,0,0.43815,-1.5363e-17,0,2.9612,2.9612,0,-1.1835e-15,0,99.842,1857.7,ARMED
0.315,-4.5679e-19,0,0.44558,-1.6155e-17,0,2.9749,2.9749,0,-1.2204e-15,0,99.841,1841.4,ARMED
0.3175,-4.992e-19,0,0.45305,-1.6964e-17,0,2.9882,2.9882,0,-1.2569e-15,0,99.84,1826,ARMED
0.32,-5.4368e-19,0,0.46056,-1.7791e-17,0,3.0013,3.0013,0,-1.2933e-15,0,99.839,1811.6,ARMED
0.3225,-5.9027e-19,0,0.46809,-1.8634e-17,0,3.014,3.014,0,-1.3295e-15,0,99.838,1794.8,ARMED
0.325,-6.39e-19,0,0.47566,-1.9493e-17,0,3.0264,3.0264,0,-1.3653e-15,0,99.838,1779,ARMED
0.3275,-6.8992e-19,0,0.48326,-2.0368e-17,0,3.0385,3.0385,0,-1.4007e-15,0,99.837,1764.2,ARMED
0.33,-7.4307e-19,0,0.49088,-2.1259e-17,0,3.0503,3.0503,0,-1.4358e-15,0,99.836,1750.3,ARMED
0.3325,-7.9847e-19,0,0.49854,-2.2163e-17,0,3.0618,3.0618,0,-1.4706e-15,0,99.835,1734.2,ARMED
0.335,-8.5618e-19,0,0.50622,-2.3081e-17,0,3.0729,3.0729,0,-1.505e-15,0,99.834,1719,ARMED
0.3375,-9.1621e-19,0,0.51393,-2.4013e-17,0,3.0838,3.0838,0,-1.5392e-15,0,99.833,1704.8,ARMED
0.34,-9.7861e-19,0,0.52166,-2.4958e-17,0,3.0943,3.0943,0,-1.5734e-15,0,99.833,1691.5,ARMED
0.3425,-1.0434e-18,0,0.52942,-2.5916e-17,0,3.1046,3.1046,0,-1.6075e-15,0,99.832,1676,ARMED
0.345,-1.1106e-18,0,0.53721,-2.6886e-17,0,3.1145,3.1145,0,-1.6412e-15,0,99.831,1661.5,ARMED
0.3475,-1.1803e-18,0,0.54502,-2.7868e-17,0,3.1241,3.1241,0,-1.6743e-15,0,99.83,1647.8,ARMED
0.35,-1.2524e-18,0,0.55286,-2.8862e-17,0,3.1335,3.1335,0,-1.7075e-15,0,99.83,1635,ARMED
0.3525,-1.3271e-18,0,0.56071,-2.9866e-17,0,3.1426,3.1426,0,-1.7405e-15,0,99.829,1620.2,ARMED
0.355,-1.4043e-18,0,0.56859,-3.0881e-17,0,3.1514,3.1514,0,-1.773e-15,0,99.828,1606.3,ARMED
0.3575,-1.4841e-18,0,0.57649,-3.1906e-17,0,3.1599,3.1599,0,-1.8053e-15,0,99.827,1593.2,ARMED
0.36,-1.5664e-18,0,0.58441,-3.2942e-17,0,3.1681,3.1681,0,-1.8372e-15,0,99.827,1580.9,ARMED
0.3625,-1.6514e-18,0,0.59235,-3.3987e-17,0,3.1761,3.1761,0,-1.8688e-15,0,99.826,1566.7,ARMED
0.365,-1.739e-18,0,0.60031,-3.5041e-17,0,3.1838,3.1838,0,-1.8999e-15,0,99.825,1553.4,ARMED
0.3675,-1.8292e-18,0,0.60829,-3.6104e-17,0,3.1912,3.1912,0,-1.9306e-15,0,99.825,1540.9,ARMED
0.37,-1.9222e-18,0,0.61628,-3.7175e-17,0,3.1984,3.1984,0,-1.9612e-15,0,99.824,1529.1,ARMED
0.3725,-2.0178e-18,0,0.6243,-3.8254e-17,0,3.2053,3.2053,0,-1.9916e-15,0,99.823,1515.6,ARMED
0.375,-2.1162e-18,0,0.63233,-3.934e-17,0,3.2119,3.2119,0,-2.0218e-15,0,99.823,1502.9,ARMED
0.3775,-2.2173e-18,0,0.64037,-4.0434e-17,0,3.2182,3.2182,0,-2.0514e-15,0,99.822,1490.9,ARMED
0.38,-2.3211e-18,0,0.64843,-4.1536e-17,0,3.2244,3.2244,0,-2.0808e-15,0,99.821,1479.7,ARMED
0.3825,-2.4277e-18,0,0.65651,-4.2643e-17,0,3.2303,3.2303,0,-2.1099e-15,0,99.821,1466.7,ARMED
0.385,-2.5371e-18,0,0.6646,-4.3757e-17,0,3.2359,3.2359,0,-2.1389e-15,0,99.82,1454.6,ARMED
0.3875,-2.6493e-18,0,0.6727,-4.4877e-17,0,3.2412,3.2412,0,-2.1676e-15,0,99.819,1443.2,ARMED
0.39,-2.7643e-18,0,0.68082,-4.6003e-17,0,3.2464,3.2464,0,-2.1959e-15,0,99.819,1432.4,ARMED
0.3925,-2.8821e-18,0,0.68895,-4.7135e-17,0,3.2513,3.2513,0,-2.224e-15,0,99.818,1420.1,ARMED
0.395,-3.0028e-18,0,0.69709,-4.8271e-17,0,3.2559,3.2559,0,-2.2516e-15,0,99.818,1408.5,ARMED
0.3975,-3.1263e-18,0,0.70524,-4.9413e-17,0,3.2604,3.2604,0,-2.2787e-15,0,99.817,1397.6,ARMED
0.4,-3.2527e-18,0,0.7134,-5.056e-17,0,3.2646,3.2646,0,-2.3054e-15,0,99.817,1387.4,ARMED
0.4025,-3.382e-18,0,0.72157,-5.171e-17,0,3.2685,3.2685,0,-2.3316e-15,0,99.816,1375.6,ARMED
0.405,-3.5142e-18,0,0.72975,-5.2864e-17,0,3.2723,3.2723,0,-2.3577e-15,0,99.815,1364.6,ARMED
0.4075,-3.6492e-18,0,0.73794,-5.4022e-17,0,3.2758,3.2758,0,-2.3834e-15,0,99.815,1354.2,ARMED
0.41,-3.7872e-18,0,0.74614,-5.5184e-17,0,3.2791,3.2791,0,-2.4087e-15,0,99.814,1344.5,ARMED
0.4125,-3.9281e-18,0,0.75434,-5.6349e-17,0,3.2822,3.2822,0,-2.4339e-15,0,99.814,1333.3,ARMED
0.415,-4.0719e-18,0,0.76256,-5.7517e-17,0,3.285,3.285,0,-2.4589e-15,0,99.813,1322.8,ARMED
0.4175,-4.2186e-18,0,0.77077,-5.8687e-17,0,3.2877,3.2877,0,-2.4836e-15,0,99.813,1312.9,ARMED
0.42,-4.3682e-18,0,0.779,-5.9861e-17,0,3.2902,3.2902,0,-2.5079e-15,0,99.812,1303.6,ARMED
0.4225,-4.5208e-18,0,0.78723,-6.1037e-17,0,3.2924,3.2924,0,-2.5318e-15,0,99.812,1293,ARMED
0.425,-4.6764e-18,0,0.79547,-6.2215e-17,0,3.2944,3.2944,0,-2.5556e-15,0,99.811,1283,ARMED
0.4275,-4.8348e-18,0,0.80371,-6.3395e-17,0,3.2963,3.2963,0,-2.5792e-15,0,99.811,1273.6,ARMED
0.43,-4.9963e-18,0,0.81195,-6.4578e-17,0,3.2979,3.2979,0,-2.6027e-15,0,99.81,1264.7,ARMED
0.4325,-5.1607e-18,0,0.8202,-6.5761e-17,0,3.2994,3.2994,0,-2.626e-15,0,99.81,1254.6,ARMED
0.435,-5.3281e-18,0,0.82845,-6.6947e-17,0,3.3006,3.3006,0,-2.649e-15,0,99.809,1245.1,ARMED
0.4375,-5.4984e-18,0,0.83671,-6.8134e-17,0,3.3017,3.3017,0,-2.6718e-15,0,99.809,1236.2,ARMED
0.44,-5.6717e-18,0,0.84496,-6.9323e-17,0,3.3025,3.3025,0,-2.6944e-15,0,99.808,1227.8,ARMED
0.4425,-5.848e-18,0,0.85322,-7.0512e-17,0,3.3032,3.3032,0,-2.7166e-15,0,99.808,1218.2,ARMED
0.445,-6.0272e-18,0,0.86148,-7.1703e-17,0,3.3037,3.3037,0,-2.7381e-15,0,99.807,1209.2,ARMED
0.4475,-6.2095e-18,0,0.86974,-7.2894e-17,0,3.304,3.304,0,-2.759e-15,0,99.807,1200.7,ARMED
0.45,-6.3947e-18,0,0.878,-7.4087e-17,0,3.3042,3.3042,0,-2.7791e-15,0,99.806,1192.7,ARMED
0.4525,-6.5829e-18,0,0.88626,-7.5279e-17,0,3.3041,3.3041,0,-2.7986e-15,0,99.806,1183.6,ARMED
0.455,-6.7741e-18,0,0.89452,-7.6471e-17,0,3.3039,3.3039,0,-2.8174e-15,0,99.805,1175.1,ARMED
0.4575,-6.9682e-18,0,0.90278,-7.7662e-17,0,3.3035,3.3035,0,-2.8357e-15,0,99.805,1167,ARMED
0.46,-7.1654e-18,0,0.91104,-7.8853e-17,0,3.303,3.303,0,-2.8532e-15,0,99.804,1159.5,ARMED
0.4625,-7.3655e-18,0,0.91929,-8.0043e-17,0,3.3023,3.3023,0,-2.8698e-15,0,99.804,1150.8,ARMED
0.465,-7.5685e-18,0,0.92755,-8.1231e-17,0,3.3014,3.3014,0,-2.8857e-15,0,99.803,1142.7,ARMED
0.4675,-7.7746e-18,0,0.9358,-8.2417e-17,0,3.3003,3.3003,0,-2.9009e-15,0,99.803,1135.1,ARMED
0.47,-7.9836e-18,0,0.94405,-8.3603e-17,0,3.2991,3.2991,0,-2.9152e-15,0,99.803,1128,ARMED
0.4725,-8.1956e-18,0,0.95229,-8.4785e-17,0,3.2978,3.2978,0,-2.9289e-15,0,99.802,1119.8,ARMED
0.475,-8.4105e-18,0,0.96053,-8.5965e-17,0,3.2962,3.2962,0,-2.9419e-15,0,99.802,1112.1,ARMED
0.4775,-8.6283e-18,0,0.96877,-8.7142e-17,0,3.2946,3.2946,0,-2.9543e-15,0,99.801,1104.9,ARMED
0.48,-8.8491e-18,0,0.977,-8.8317e-17,0,3.2927,3.2927,0,-2.9657e-15,0,99.801,1098.1,ARMED
0.4825,-9.0728e-18,0,0.98523,-8.9488e-17,0,3.2908,3.2908,0,-2.9764e-15,0,99.801,1090.4,ARMED
0.485,-9.2995e-18,0,0.99345,-9.0655e-17,0,3.2886,3.2886,0,-2.9863e-15,0,99.8,1083.1,ARMED
0.4875,-9.529e-18,0,1.0017,-9.1819e-17,0,3.2863,3.2863,0,-2.9956e-15,0,99.8,1076.3,ARMED
0.49,-9.7615e-18,0,1.0099,-9.2979e-17,0,3.2839,3.2839,0,-3.0041e-15,0,99.799,1069.9,ARMED
0.4925,-9.9968e-18,0,1.0181,-9.4134e-17,0,3.2814,3.2814,0,-3.012e-15,0,99.799,1062.6,ARMED
0.495,-1.0235e-17,0,1.0263,-9.5286e-17,0,3.2787,3.2787,0,-3.0192e-15,0,99.799,1055.7,ARMED
0.4975,-1.0476e-17,0,1.0345,-9.6432e-17,0,3.2758,3.2758,0,-3.0258e-15,0,99.798,1049.3,ARMED
0.5,-1.072e-17,0,1.0426,-9.7575e-17,0,3.2729,3.2729,0,-3.0316e-15,0,99.798,1043.2,ARMED
0.5025,-1.0967e-17,0,1.0508,-9.8782e-17,0,3.2711,3.2711,0,-3.0368e-15,0,99.797,1100.1,TAKEOFF
0.505,-1.1217e-17,0,1.059,-1.0005e-16,0,3.2704,3.2704,0,-3.0413e-15,0,99.797,1153.6,TAKEOFF
0.5075,-1.1471e-17,0,1.0672,-1.0138e-16,0,3.2708,3.2708,0,-3.045e-15,0,99.796,1203.8,TAKEOFF
0.51,-1.1727e-17,0,1.0754,-1.0276e-16,0,3.2722,3.2722,0,-3.0479e-15,0,99.796,1251,TAKEOFF
0.5125,-1.1988e-17,0,1.0835,-1.0418e-16,0,3.2745,3.2745,0,-3.0502e-15,0,99.795,1294,TAKEOFF
0.515,-1.2252e-17,0,1.0917,-1.0566e-16,0,3.2776,3.2776,0,-3.0518e-15,0,99.795,1334.4,TAKEOFF
0.5175,-1.252e-17,0,1.0999,-1.0718e-16,0,3.2815,3.2815,0,-3.0529e-15,0,99.794,1372.3,TAKEOFF
0.52,-1.2792e-17,0,1.1082,-1.0873e-16,0,3.2861,3.2861,0,-3.0534e-15,0,99.794,1408,TAKEOFF
0.5225,-1.3068e-17,0,1.1164,-1.1032e-16,0,3.2914,3.2914,0,-3.0534e-15,0,99.793,1438.9,TAKEOFF
0.525,-1.3347e-17,0,1.1246,-1.1195e-16,0,3.2973,3.2973,0,-3.0533e-15,0,99.792,1467.9,TAKEOFF
0.5275,-1.3632e-17,0,1.1329,-1.136e-16,0,3.3037,3.3037,0,-3.0529e-15,0,99.792,1495.2,TAKEOFF
0.53,-1.392e-17,0,1.1412,-1.1528e-16,0,3.3107,3.3107,0,-3.052e-15,0,99.791,1520.9,TAKEOFF
0.5325,-1.4212e-17,0,1.1495,-1.1699e-16,0,3.3181,3.3181,0,-3.0507e-15,0,99.79,1542.5,TAKEOFF
0.535,-1.4509e-17,0,1.1578,-1.1872e-16,0,3.326,3.326,0,-3.0491e-15,0,99.79,1562.8,TAKEOFF
0.5375,-1.481e-17,0,1.1661,-1.2046e-16,0,3.3342,3.3342,0,-3.0473e-15,0,99.789,1581.8,TAKEOFF
0.54,-1.5116e-17,0,1.1745,-1.2223e-16,0,3.3429,3.3429,0,-3.045e-15,0,99.788,1599.7,TAKEOFF
0.5425,-1.5426e-17,0,1.1828,-1.2401e-16,0,3.3518,3.3518,0,-3.0426e-15,0,99.788,1614.2,TAKEOFF
0.545,-1.574e-17,0,1.1912,-1.258e-16,0,3.361,3.361,0,-3.0396e-15,0,99.787,1627.8,TAKEOFF
0.5475,-1.6059e-17,0,1.1997,-1.2761e-16,0,3.3705,3.3705,0,-3.0363e-15,0,99.786,1640.5,TAKEOFF
0.55,-1.6383e-17,0,1.2081,-1.2943e-16,0,3.3802,3.3802,0,-3.0328e-15,0,99.785,1652.5,TAKEOFF
0.5525,-1.6711e-17,0,1.2166,-1.3125e-16,0,3.3901,3.3901,0,-3.0293e-15,0,99.785,1661.5,TAKEOFF
0.555,-1.7044e-17,0,1.2251,-1.3308e-16,0,3.4002,3.4002,0,-3.0259e-15,0,99.784,1670,TAKEOFF
0.5575,-1.7381e-17,0,1.2336,-1.3492e-16,0,3.4104,3.4104,0,-3.0226e-15,0,99.783,1678,TAKEOFF
0.56,-1.7723e-17,0,1.2422,-1.3677e-16,0,3.4208,3.4208,0,-3.0193e-15,0,99.782,1685.5,TAKEOFF
0.5625,-1.8069e-17,0,1.2508,-1.3862e-16,0,3.4313,3.4313,0,-3.016e-15,0,99.781,1690.4,TAKEOFF
0.565,-1.8421e-17,0,1.2594,-1.4047e-16,0,3.4419,3.4419,0,-3.0127e-15,0,99.781,1695,TAKEOFF
0.5675,-1.8776e-17,0,1.268,-1.4232e-16,0,3.4526,3.4526,0,-3.0095e-15,0,99.78,1699.3,TAKEOFF
0.57,-1.9137e-17,0,1.2767,-1.4418e-16,0,3.4634,3.4634,0,-3.0064e-15,0,99.779,1703.3,TAKEOFF
0.5725,-1.9502e-17,0,1.2853,-1.4603e-16,0,3.4742,3.4742,0,-3.0031e-15,0,99.778,1705.1,TAKEOFF
0.575,-1.9872e-17,0,1.294,-1.4789e-16,0,3.485,3.485,0,-2.9998e-15,0,99.777,1706.8,TAKEOFF
0.5775,-2.0246e-17,0,1.3028,-1.4974e-16,0,3.4959,3.4959,0,-2.9965e-15,0,99.777,1708.4,TAKEOFF
0.58,-2.0625e-17,0,1.3116,-1.516e-16,0,3.5068,3.5068,0,-2.9935e-15,0,99.776,1709.9,TAKEOFF
0.5825,-2.1009e-17,0,1.3204,-1.5345e-16,0,3.5177,3.5177,0,-2.9909e-15,0,99.775,1709.4,TAKEOFF
0.585,-2.1397e-17,0,1.3292,-1.553e-16,0,3.5286,3.5286,0,-2.9886e-15,0,99.774,1708.9,TAKEOFF
0.5875,-2.179e-17,0,1.338,-1.5714e-16,0,3.5395,3.5395,0,-2.9864e-15,0,99.773,1708.4,TAKEOFF
0.59,-2.2187e-17,0,1.3469,-1.5899e-16,0,3.5503,3.5503,0,-2.9841e-15,0,99.773,1708,TAKEOFF
0.5925,-2.2589e-17,0,1.3558,-1.6083e-16,0,3.5611,3.5611,0,-2.9818e-15,0,99.772,1705.8,TAKEOFF
0.595,-2.2996e-17,0,1.3647,-1.6267e-16,0,3.5719,3.5719,0,-2.9795e-15,0,99.771,1703.7,TAKEOFF
0.5975,-2.3407e-17,0,1.3737,-1.645e-16,0,3.5826,3.5826,0,-2.9773e-15,0,99.77,1701.8,TAKEOFF
0.6,-2.3823e-17,0,1.3827,-1.6633e-16,0,3.5933,3.5933,0,-2.9748e-15,0,99.769,1699.9,TAKEOFF
0.6025,-2.4243e-17,0,1.3917,-1.6816e-16,0,3.6039,3.6039,0,-2.9722e-15,0,99.769,1696.5,TAKEOFF
0.605,-2.4668e-17,0,1.4007,-1.6998e-16,0,3.6145,3.6145,0,-2.9694e-15,0,99.768,1693.3,TAKEOFF
0.6075,-2.5098e-17,0,1.4098,-1.7179e-16,0,3.6249,3.6249,0,-2.9668e-15,0,99.767,1690.2,TAKEOFF
0.61,-2.5532e-17,0,1.4189,-1.736e-16,0,3.6354,3.6354,0,-2.964e-15,0,99.766,1687.4,TAKEOFF
0.6125,-2.597e-17,0,1.428,-1.7541e-16,0,3.6457,3.6457,0,-2.9613e-15,0,99.766,1683.1,TAKEOFF
0.615,-2.6413e-17,0,1.4371,-1.772e-16,0,3.6559,3.6559,0,-2.9587e-15,0,99.765,1679.1,TAKEOFF
0.6175,-2.6861e-17,0,1.4463,-1.79e-16,0,3.6661,3.6661,0,-2.9559e-15,0,99.764,1675.3,TAKEOFF
0.62,-2.7313e-17,0,1.4555,-1.8078e-16,0,3.6762,3.6762,0,-2.9531e-15,0,99.763,1671.7,TAKEOFF
0.6225,-2.7769e-17,0,1.4647,-1.8256e-16,0,3.6862,3.6862,0,-2.9505e-15,0,99.762,1666.9,TAKEOFF
0.625,-2.823e-17,0,1.4739,-1.8433e-16,0,3.696,3.696,0,-2.9477e-15,0,99.762,1662.3,TAKEOFF
0.6275,-2.8695e-17,0,1.4832,-1.861e-16,0,3.7058,3.7058,0,-2.9446e-15,0,99.761,1658,TAKEOFF
0.63,-2.9165e-17,0,1.4925,-1.8786e-16,0,3.7156,3.7156,0,-2.9412e-15,0,99.76,1653.9,TAKEOFF
0.6325,-2.9639e-17,0,1.5018,-1.8961e-16,0,3.7252,3.7252,0,-2.9375e-15,0,99.759,1648.7,TAKEOFF
0.635,-3.0117e-17,0,1.5111,-1.9135e-16,0,3.7347,3.7347,0,-2.9337e-15,0,99.759,1643.8,TAKEOFF
0.6375,-3.06e-17,0,1.5205,-1.9309e-16,0,3.7441,3.7441,0,-2.9298e-15,0,99.758,1639.1,TAKEOFF
0.64,-3.1087e-17,0,1.5299,-1.9482e-16,0,3.7534,3.7534,0,-2.9253e-15,0,99.757,1634.8,TAKEOFF
0.6425,-3.1578e-17,0,1.5393,-1.9654e-16,0,3.7626,3.7626,0,-2.9205e-15,0,99.756,1629.3,TAKEOFF
0.645,-3.2074e-17,0,1.5487,-1.9825e-16,0,3.7716,3.7716,0,-2.9154e-15,0,99.756,1624.2,TAKEOFF
0.6475,-3.2574e-17,0,1.5582,-1.9996e-16,0,3.7806,3.7806,0,-2.9102e-15,0,99.755,1619.4,TAKEOFF
0.65,-3.3078e-17,0,1.5676,-2.0165e-16,0,3.7895,3.7895,0,-2.9047e-15,0,99.754,1614.9,TAKEOFF
0.6525,-3.3586e-17,0,1.5771,-2.0334e-16,0,3.7983,3.7983,0,-2.8989e-15,0,99.753,1609.4,TAKEOFF
0.655,-3.4099e-17,0,1.5867,-2.0502e-16,0,3.8069,3.8069,0,-2.8928e-15,0,99.753,1604.2,TAKEOFF
0.6575,-3.4616e-17,0,1.5962,-2.0669e-16,0,3.8155,3.8155,0,-2.8863e-15,0,99.752,1599.3,TAKEOFF
0.66,-3.5137e-17,0,1.6057,-2.0835e-16,0,3.824,3.824,0,-2.8794e-15,0,99.751,1594.7,TAKEOFF
0.6625,-3.5662e-17,0,1.6153,-2.1e-16,0,3.8323,3.8323,0,-2.8724e-15,0,99.751,1589.2,TAKEOFF
0.665,-3.6191e-17,0,1.6249,-2.1164e-16,0,3.8406,3.8406,0,-2.8653e-15,0,99.75,1584,TAKEOFF
0.6675,-3.6724e-17,0,1.6346,-2.1327e-16,0,3.8487,3.8487,0,-2.8578e-15,0,99.749,1579.1,TAKEOFF
0.67,-3.7261e-17,0,1.6442,-2.1489e-16,0,3.8567,3.8567,0,-2.8499e-15,0,99.748,1574.5,TAKEOFF
0.6725,-3.7802e-17,0,1.6539,-2.165e-16,0,3.8647,3.8647,0,-2.8419e-15,0,99.748,1569,TAKEOFF
0.675,-3.8348e-17,0,1.6635,-2.1811e-16,0,3.8725,3.8725,0,-2.8337e-15,0,99.747,1563.9,TAKEOFF
0.6775,-3.8897e-17,0,1.6732,-2.197e-16,0,3.8802,3.8802,0,-2.8254e-15,0,99.746,1559.1,TAKEOFF
0.68,-3.945e-17,0,1.683,-2.2128e-16,0,3.8878,3.8878,0,-2.8167e-15,0,99.746,1554.6,TAKEOFF
0.6825,-4.0007e-17,0,1.6927,-2.2285e-16,0,3.8953,3.8953,0,-2.8079e-15,0,99.745,1549.2,TAKEOFF
0.685,-4.0568e-17,0,1.7025,-2.2442e-16,0,3.9027,3.9027,0,-2.7989e-15,0,99.744,1544.2,TAKEOFF
0.6875,-4.1133e-17,0,1.7122,-2.2597e-16,0,3.91,3.91,0,-2.7897e-15,0,99.744,1539.5,TAKEOFF
0.69,-4.1702e-17,0,1.722,-2.2751e-16,0,3.9172,3.9172,0,-2.7802e-15,0,99.743,1535.1,TAKEOFF
0.6925,-4.2275e-17,0,1.7318,-2.2904e-16,0,3.9243,3.9243,0,-2.7703e-15,0,99.742,1529.9,TAKEOFF
0.695,-4.2851e-17,0,1.7417,-2.3056e-16,0,3.9313,3.9313,0,-2.7603e-15,0,99.742,1525.1,TAKEOFF
0.6975,-4.3431e-17,0,1.7515,-2.3207e-16,0,3.9382,3.9382,0,-2.7499e-15,0,99.741,1520.5,TAKEOFF
0.7,-4.4015e-17,0,1.7614,-2.3358e-16,0,3.945,3.945,0,-2.7392e-15,0,99.74,1516.2,TAKEOFF
0.7025,-4.4603e-17,0,1.7712,-2.3507e-16,0,3.9517,3.9517,0,-2.7282e-15,0,99.74,1511.2,TAKEOFF
0.705,-4.5194e-17,0,1.7811,-2.3654e-16,0,3.9584,3.9584,0,-2.7168e-15,0,99.739,1506.5,TAKEOFF
0.7075,-4.5789e-17,0,1.7911,-2.3801e-16,0,3.9649,3.9649,0,-2.7051e-15,0,99.738,1502.1,TAKEOFF
0.71,-4.6388e-17,0,1.801,-2.3947e-16,0,3.9713,3.9713,0,-2.6932e-15,0,99.738,1497.9,TAKEOFF
0.7125,-4.699e-17,0,1.8109,-2.4092e-16,0,3.9776,3.9776,0,-2.6812e-15,0,99.737,1493.1,TAKEOFF
0.715,-4.7596e-17,0,1.8209,-2.4235e-16,0,3.9839,3.9839,0,-2.6686e-15,0,99.736,1488.6,TAKEOFF
0.7175,-4.8205e-17,0,1.8309,-2.4378e-16,0,3.99,3.99,0,-2.6558e-15,0,99.736,1484.4,TAKEOFF
0.72,-4.8818e-17,0,1.8409,-2.4519e-16,0,3.9961,3.9961,0,-2.6425e-15,0,99.735,1480.4,TAKEOFF
0.7225,-4.9435e-17,0,1.8509,-2.4659e-16,0,4.002,4.002,0,-2.629e-15,0,99.734,1475.8,TAKEOFF
0.725,-5.0055e-17,0,1.8609,-2.4798e-16,0,4.0079,4.0079,0,-2.6149e-15,0,99.734,1471.4,TAKEOFF
0.7275,-5.0678e-17,0,1.8709,-2.4936e-16,0,4.0137,4.0137,0,-2.6005e-15,0,99.733,1467.4,TAKEOFF
0.73,-5.1305e-17,0,1.881,-2.5073e-16,0,4.0194,4.0194,0,-2.586e-15,0,99.732,1463.5,TAKEOFF
0.7325,-5.1935e-17,0,1.891,-2.5208e-16,0,4.025,4.025,0,-2.5712e-15,0,99.732,1459.1,TAKEOFF
0.735,-5.2569e-17,0,1.9011,-2.5343e-16,0,4.0305,4.0305,0,-2.5563e-15,0,99.731,1455,TAKEOFF
0.7375,-5.3206e-17,0,1.9112,-2.5476e-16,0,4.036,4.036,0,-2.5411e-15,0,99.731,1451.1,TAKEOFF
0.74,-5.3846e-17,0,1.9213,-2.5608e-16,0,4.0413,4.0413,0,-2.5257e-15,0,99.73,1447.5,TAKEOFF
0.7425,-5.4489e-17,0,1.9314,-2.5739e-16,0,4.0466,4.0466,0,-2.51e-15,0,99.729,1443.3,TAKEOFF
0.745,-5.5136e-17,0,1.9415,-2.5868e-16,0,4.0518,4.0518,0,-2.4939e-15,0,99.729,1439.3,TAKEOFF
0.7475,-5.5786e-17,0,1.9517,-2.5997e-16,0,4.0569,4.0569,0,-2.4775e-15,0,99.728,1435.6,TAKEOFF
0.75,-5.6439e-17,0,1.9618,-2.6124e-16,0,4.062,4.062,0,-2.4608e-15,0,99.728,1432.2,TAKEOFF
0.7525,-5.7095e-17,0,1.972,-2.625e-16,0,4.0669,4.0669,0,-2.4437e-15,0,99.727,1428.2,TAKEOFF
0.755,-5.7755e-17,0,1.9822,-2.6375e-16,0,4.0718,4.0718,0,-2.4263e-15,0,99.726,1424.4,TAKEOFF
0.7575,-5.8417e-17,0,1.9924,-2.6498e-16,0,4.0766,4.0766,0,-2.4087e-15,0,99.726,1420.9,TAKEOFF
0.76,-5.9083e-17,0,2.0026,-2.6621e-16,0,4.0814,4.0814,0,-2.3908e-15,0,99.725,1417.6,TAKEOFF
0.7625,-5.9751e-17,0,2.0128,-2.6742e-16,0,4.086,4.086,0,-2.3727e-15,0,99.724,1413.8,TAKEOFF
0.765,-6.0423e-17,0,2.023,-2.6862e-16,0,4.0906,4.0906,0,-2.3545e-15,0,99.724,1410.3,TAKEOFF
0.7675,-6.1097e-17,0,2.0333,-2.698e-16,0,4.0951,4.0951,0,-2.3361e-15,0,99.723,1406.9,TAKEOFF
0.77,-6.1775e-17,0,2.0435,-2.7098e-16,0,4.0996,4.0996,0,-2.3174e-15,0,99.723,1403.8,TAKEOFF
0.7725,-6.2455e-17,0,2.0538,-2.7214e-16,0,4.104,4.104,0,-2.2981e-15,0,99.722,1400.2,TAKEOFF
0.775,-6.3138e-17,0,2.064,-2.7329e-16,0,4.1083,4.1083,0,-2.2787e-15,0,99.722,1396.8,TAKEOFF
0.7775,-6.3824e-17,0,2.0743,-2.7442e-16,0,4.1125,4.1125,0,-2.259e-15,0,99.721,1393.6,TAKEOFF
0.78,-6.4513e-17,0,2.0846,-2.7555e-16,0,4.1167,4.1167,0,-2.2389e-15,0,99.72,1390.6,TAKEOFF
0.7825,-6.5205e-17,0,2.0949,-2.7666e-16,0,4.1208,4.1208,0,-2.2185e-15,0,99.72,1387.2,TAKEOFF
0.785,-6.5899e-17,0,2.1052,-2.7775e-16,0,4.1248,4.1248,0,-2.1974e-15,0,99.719,1384,TAKEOFF
0.7875,-6.6596e-17,0,2.1155,-2.7884e-16,0,4.1288,4.1288,0,-2.1758e-15,0,99.719,1381,TAKEOFF
0.79,-6.7296e-17,0,2.1259,-2.7991e-16,0,4.1327,4.1327,0,-2.1537e-15,0,99.718,1378.2,TAKEOFF
0.7925,-6.7998e-17,0,2.1362,-2.8097e-16,0,4.1365,4.1365,0,-2.1313e-15,0,99.717,1375,TAKEOFF
0.795,-6.8704e-17,0,2.1466,-2.8201e-16,0,4.1403,4.1403,0,-2.1086e-15,0,99.717,1371.9,TAKEOFF
0.7975,-6.9411e-17,0,2.1569,-2.8304e-16,0,4.144,4.144,0,-2.0855e-15,0,99.716,1369.1,TAKEOFF
0.8,-7.0121e-17,0,2.1673,-2.8406e-16,0,4.1477,4.1477,0,-2.0622e-15,0,99.716,1366.4,TAKEOFF
0.8025,-7.0834e-17,0,2.1777,-2.8506e-16,0,4.1513,4.1513,0,-2.0386e-15,0,99.715,1363.4,TAKEOFF
0.805,-7.1549e-17,0,2.1881,-2.8605e-16,0,4.1548,4.1548,0,-2.0147e-15,0,99.715,1360.5,TAKEOFF
0.8075,-7.2267e-17,0,2.1985,-2.8702e-16,0,4.1583,4.1583,0,-1.9906e-15,0,99.714,1357.8,TAKEOFF
0.81,-7.2987e-17,0,2.2089,-2.8798e-16,0,4.1617,4.1617,0,-1.9664e-15,0,99.713,1355.3,TAKEOFF
0.8125,-7.3709e-17,0,2.2193,-2.8893e-16,0,4.1651,4.1651,0,-1.942e-15,0,99.713,1352.4,TAKEOFF
0.815,-7.4434e-17,0,2.2297,-2.8986e-16,0,4.1684,4.1684,0,-1.9174e-15,0,99.712,1349.7,TAKEOFF
0.8175,-7.516e-17,0,2.2401,-2.9078e-16,0,4.1717,4.1717,0,-1.8926e-15,0,99.712,1347.1,TAKEOFF
0.82,-7.589e-17,0,2.2506,-2.9169e-16,0,4.1749,4.1749,0,-1.8676e-15,0,99.711,1344.7,TAKEOFF
0.8225,-7.6621e-17,0,2.261,-2.9258e-16,0,4.178,4.178,0,-1.8423e-15,0,99.711,1342,TAKEOFF
0.825,-7.7355e-17,0,2.2715,-2.9346e-16,0,4.1811,4.1811,0,-1.8169e-15,0,99.71,1339.4,TAKEOFF
0.8275,-7.8091e-17,0,2.2819,-2.9432e-16,0,4.1842,4.1842,0,-1.7912e-15,0,99.71,1337,TAKEOFF
0.83,-7.8829e-17,0,2.2924,-2.9517e-16,0,4.1872,4.1872,0,-1.7651e-15,0,99.709,1334.8,TAKEOFF
0.8325,-7.9569e-17,0,2.3029,-2.96e-16,0,4.1901,4.1901,0,-1.7387e-15,0,99.708,1332.2,TAKEOFF
0.835,-8.0311e-17,0,2.3133,-2.9682e-16,0,4.193,4.193,0,-1.712e-15,0,99.708,1329.8,TAKEOFF
0.8375,-8.1055e-17,0,2.3238,-2.9763e-16,0,4.1959,4.1959,0,-1.685e-15,0,99.707,1327.5,TAKEOFF
0.84,-8.1801e-17,0,2.3343,-2.9842e-16,0,4.1987,4.1987,0,-1.6576e-15,0,99.707,1325.4,TAKEOFF
0.8425,-8.2549e-17,0,2.3448,-2.992e-16,0,4.2014,4.2014,0,-1.6298e-15,0,99.706,1322.9,TAKEOFF
0.845,-8.3299e-17,0,2.3553,-2.9996e-16,0,4.2041,4.2041,0,-1.6019e-15,0,99.706,1320.6,TAKEOFF
0.8475,-8.405e-17,0,2.3659,-3.007e-16,0,4.2068,4.2068,0,-1.5739e-15,0,99.705,1318.5,TAKEOFF
0.85,-8.4804e-17,0,2.3764,-3.0144e-16,0,4.2094,4.2094,0,-1.5455e-15,0,99.705,1316.5,TAKEOFF
0.8525,-8.5559e-17,0,2.3869,-3.0215e-16,0,4.212,4.212,0,-1.5168e-15,0,99.704,1314.2,TAKEOFF
0.855,-8.6316e-17,0,2.3975,-3.0286e-16,0,4.2145,4.2145,0,-1.4877e-15,0,99.704,1312,TAKEOFF
0.8575,-8.7075e-17,0,2.408,-3.0354e-16,0,4.217,4.217,0,-1.4585e-15,0,99.703,1310,TAKEOFF
0.86,-8.7836e-17,0,2.4185,-3.0422e-16,0,4.2194,4.2194,0,-1.4292e-15,0,99.703,1308.1,TAKEOFF
0.8625,-8.8598e-17,0,2.4291,-3.0487e-16,0,4.2218,4.2218,0,-1.3996e-15,0,99.702,1305.9,TAKEOFF
0.865,-8.9362e-17,0,2.4397,-3.0552e-16,0,4.2242,4.2242,0,-1.3699e-15,0,99.701,1303.9,TAKEOFF
0.8675,-9.0127e-17,0,2.4502,-3.0614e-16,0,4.2265,4.2265,0,-1.3399e-15,0,99.701,1302,TAKEOFF
0.87,-9.0894e-17,0,2.4608,-3.0675e-16,0,4.2287,4.2287,0,-1.3097e-15,0,99.7,1300.2,TAKEOFF
0.8725,-9.1662e-17,0,2.4714,-3.0735e-16,0,4.231,4.231,0,-1.2792e-15,0,99.7,1298.1,TAKEOFF
0.875,-9.2432e-17,0,2.482,-3.0793e-16,0,4.2332,4.2332,0,-1.2481e-15,0,99.699,1296.2,TAKEOFF
0.8775,-9.3204e-17,0,2.4925,-3.085e-16,0,4.2353,4.2353,0,-1.217e-15,0,99.699,1294.4,TAKEOFF
0.88,-9.3976e-17,0,2.5031,-3.0905e-16,0,4.2374,4.2374,0,-1.1856e-15,0,99.698,1292.7,TAKEOFF
0.8825,-9.475e-17,0,2.5137,-3.0958e-16,0,4.2395,4.2395,0,-1.1539e-15,0,99.698,1290.7,TAKEOFF
0.885,-9.5525e-17,0,2.5243,-3.101e-16,0,4.2415,4.2415,0,-1.1221e-15,0,99.697,1288.9,TAKEOFF
0.8875,-9.6302e-17,0,2.535,-3.1061e-16,0,4.2435,4.2435,0,-1.0901e-15,0,99.697,1287.2,TAKEOFF
0.89,-9.708e-17,0,2.5456,-3.1109e-16,0,4.2455,4.2455,0,-1.0576e-15,0,99.696,1285.6,TAKEOFF
0.8925,-9.7859e-17,0,2.5562,-3.1156e-16,0,4.2474,4.2474,0,-1.0249e-15,0,99.696,1283.8,TAKEOFF
0.895,-9.8639e-17,0,2.5668,-3.1202e-16,0,4.2493,4.2493,0,-9.9208e-16,0,99.695,1282.1,TAKEOFF
0.8975,-9.942e-17,0,2.5774,-3.1246e-16,0,4.2512,4.2512,0,-9.591e-16,0,99.695,1280.5,TAKEOFF
0.9,-1.002e-16,0,2.5881,-3.1288e-16,0,4.253,4.253,0,-9.2577e-16,0,99.694,1279,TAKEOFF
0.9025,-1.0099e-16,0,2.5987,-3.1329e-16,0,4.2548,4.2548,0,-8.9212e-16,0,99.694,1277.3,TAKEOFF
0.905,-1.0177e-16,0,2.6093,-3.1368e-16,0,4.2566,4.2566,0,-8.5831e-16,0,99.693,1275.6,TAKEOFF
0.9075,-1.0255e-16,0,2.62,-3.1406e-16,0,4.2583,4.2583,0,-8.2417e-16,0,99.693,1274.1,TAKEOFF
0.91,-1.0334e-16,0,2.6306,-3.1442e-16,0,4.26,4.26,0,-7.8969e-16,0,99.692,1272.7,TAKEOFF
0.9125,-1.0413e-16,0,2.6413,-3.1476e-16,0,4.2616,4.2616,0,-7.5489e-16,0,99.692,1271.1,TAKEOFF
0.915,-1.0492e-16,0,2.652,-3.1509e-16,0,4.2633,4.2633,0,-7.1976e-16,0,99.691,1269.6,TAKEOFF
0.9175,-1.057e-16,0,2.6626,-3.154e-16,0,4.2649,4.2649,0,-6.8429e-16,0,99.691,1268.1,TAKEOFF
0.92,-1.0649e-16,0,2.6733,-3.1569e-16,0,4.2664,4.2664,0,-6.4866e-16,0,99.69,1266.8,TAKEOFF
0.9225,-1.0728e-16,0,2.684,-3.1597e-16,0,4.268,4.268,0,-6.1271e-16,0,99.69,1265.2,TAKEOFF
0.925,-1.0807e-16,0,2.6946,-3.1622e-16,0,4.2695,4.2695,0,-5.7625e-16,0,99.689,1263.8,TAKEOFF
0.9275,-1.0886e-16,0,2.7053,-3.1647e-16,0,4.271,4.271,0,-5.3963e-16,0,99.688,1262.5,TAKEOFF
0.93,-1.0966e-16,0,2.716,-3.1669e-16,0,4.2724,4.2724,0,-5.0252e-16,0,99.688,1261.2,TAKEOFF
0.9325,-1.1045e-16,0,2.7267,-3.169e-16,0,4.2739,4.2739,0,-4.6507e-16,0,99.687,1259.8,TAKEOFF
0.935,-1.1124e-16,0,2.7374,-3.1709e-16,0,4.2752,4.2752,0,-4.2729e-16,0,99.687,1258.4,TAKEOFF
0.9375,-1.1203e-16,0,2.7481,-3.1726e-16,0,4.2766,4.2766,0,-3.8902e-16,0,99.686,1257.1,TAKEOFF
0.94,-1.1283e-16,0,2.7587,-3.1742e-16,0,4.278,4.278,0,-3.5024e-16,0,99.686,1255.9,TAKEOFF
0.9425,-1.1362e-16,0,2.7694,-3.1755e-16,0,4.2793,4.2793,0,-3.1097e-16,0,99.685,1254.6,TAKEOFF
0.945,-1.1442e-16,0,2.7801,-3.1767e-16,0,4.2806,4.2806,0,-2.7153e-16,0,99.685,1253.3,TAKEOFF
0.9475,-1.1521e-16,0,2.7908,-3.1777e-16,0,4.2818,4.2818,0,-2.316e-16,0,99.684,1252.1,TAKEOFF
0.95,-1.1601e-16,0,2.8016,-3.1786e-16,0,4.2831,4.2831,0,-1.9151e-16,0,99.684,1251,TAKEOFF
0.9525,-1.168e-16,0,2.8123,-3.1792e-16,0,4.2843,4.2843,0,-1.5125e-16,0,99.683,1249.7,TAKEOFF
0.955,-1.1759e-16,0,2.823,-3.1797e-16,0,4.2855,4.2855,0,-1.1101e-16,0,99.683,1248.5,TAKEOFF
0.9575,-1.1839e-16,0,2.8337,-3.1799e-16,0,4.2866,4.2866,0,-7.0609e-17,0,99.682,1247.4,TAKEOFF
0.96,-1.1918e-16,0,2.8444,-3.18e-16,0,4.2878,4.2878,0,-3.0217e-17,0,99.682,1246.3,TAKEOFF
0.9625,-1.1998e-16,0,2.8551,-3.1799e-16,0,4.2889,4.2889,0,9.9957e-18,0,99.681,1245.1,TAKEOFF
0.965,-1.2077e-16,0,2.8659,-3.1797e-16,0,4.29,4.29,0,5.0198e-17,0,99.681,1243.9,TAKEOFF
0.9675,-1.2157e-16,0,2.8766,-3.1792e-16,0,4.291,4.291,0,9.0221e-17,0,99.68,1242.9,TAKEOFF
0.97,-1.2236e-16,0,2.8873,-3.1786e-16,0,4.2921,4.2921,0,1.3023e-16,0,99.68,1241.9,TAKEOFF
0.9725,-1.2316e-16,0,2.8981,-3.1778e-16,0,4.2931,4.2931,0,1.7007e-16,0,99.679,1240.7,TAKEOFF
0.975,-1.2395e-16,0,2.9088,-3.1768e-16,0,4.2941,4.2941,0,2.0972e-16,0,99.679,1239.7,TAKEOFF
0.9775,-1.2475e-16,0,2.9195,-3.1756e-16,0,4.2951,4.2951,0,2.4936e-16,0,99.679,1238.7,TAKEOFF
0.98,-1.2554e-16,0,2.9303,-3.1743e-16,0,4.2961,4.2961,0,2.89e-16,0,99.678,1237.7,TAKEOFF
0.9825,-1.2633e-16,0,2.941,-3.1727e-16,0,4.297,4.297,0,3.2862e-16,0,99.678,1236.2,TAKEOFF
0.985,-1.2713e-16,0,2.9518,-3.171e-16,0,4.2979,4.2979,0,3.684e-16,0,99.677,1234.9,TAKEOFF
0.9875,-1.2792e-16,0,2.9625,-3.1691e-16,0,4.2988,4.2988,0,4.0801e-16,0,99.677,1233.5,TAKEOFF
0.99,-1.2871e-16,0,2.9733,-3.1671e-16,0,4.2996,4.2996,0,4.476e-16,0,99.676,1232.3,TAKEOFF
0.9925,-1.295e-16,0,2.984,-3.1649e-16,0,4.3004,4.3004,0,4.8702e-16,0,99.676,1228.6,TAKEOFF
0.995,-1.3029e-16,0,2.9948,-3.1625e-16,0,4.3011,4.3011,0,5.2625e-16,0,99.675,1225,TAKEOFF
0.9975,-1.3108e-16,0,3.0055,-3.1599e-16,0,4.3017,4.3017,0,5.6548e-16,0,99.675,1221.7,TAKEOFF
1,-1.3187e-16,0,3.0163,-3.1572e-16,0,4.3023,4.3023,0,6.0452e-16,0,99.674,1218.6,TAKEOFF
1.0025,-1.3266e-16,0,3.027,-3.1543e-16,0,4.3027,4.3027,0,6.4339e-16,0,99.674,1213.1,TAKEOFF
1.005,-1.3345e-16,0,3.0378,-3.1512e-16,0,4.3031,4.3031,0,6.8224e-16,0,99.673,1208,TAKEOFF
1.0075,-1.3423e-16,0,3.0485,-3.148e-16,0,4.3033,4.3033,0,7.2109e-16,0,99.673,1203.2,TAKEOFF
1.01,-1.3502e-16,0,3.0593,-3.1446e-16,0,4.3035,4.3035,0,7.5993e-16,0,99.672,1198.7,TAKEOFF
1.0125,-1.3581e-16,0,3.0701,-3.1411e-16,0,4.3035,4.3035,0,7.9859e-16,0,99.672,1192,TAKEOFF
1.015,-1.3659e-16,0,3.0808,-3.1375e-16,0,4.3033,4.3033,0,8.3723e-16,0,99.671,1185.8,TAKEOFF
1.0175,-1.3737e-16,0,3.0916,-3.1336e-16,0,4.3031,4.3031,0,8.7587e-16,0,99.671,1180,TAKEOFF
1.02,-1.3816e-16,0,3.1023,-3.1297e-16,0,4.3027,4.3027,0,9.1433e-16,0,99.67,1174.5,TAKEOFF
1.0225,-1.3894e-16,0,3.1131,-3.1256e-16,0,4.3022,4.3022,0,9.5278e-16,0,99.67,1167.1,TAKEOFF
1.025,-1.3972e-16,0,3.1238,-3.1213e-16,0,4.3016,4.3016,0,9.9122e-16,0,99.669,1160.1,TAKEOFF
1.0275,-1.405e-16,0,3.1346,-3.1169e-16,0,4.3008,4.3008,0,1.0297e-15,0,99.669,1153.6,TAKEOFF
1.03,-1.4128e-16,0,3.1453,-3.1124e-16,0,4.2999,4.2999,0,1.0681e-15,0,99.669,1147.4,TAKEOFF
1.0325,-1.4205e-16,0,3.1561,-3.1078e-16,0,4.2988,4.2988,0,1.1065e-15,0,99.668,1139.5,TAKEOFF
1.035,-1.4283e-16,0,3.1668,-3.103e-16,0,4.2975,4.2975,0,1.1449e-15,0,99.668,1132.1,TAKEOFF
1.0375,-1.436e-16,0,3.1776,-3.0981e-16,0,4.2962,4.2962,0,1.1833e-15,0,99.667,1125.1,TAKEOFF
1.04,-1.4438e-16,0,3.1883,-3.0931e-16,0,4.2946,4.2946,0,1.2217e-15,0,99.667,1118.6,TAKEOFF
1.0425,-1.4515e-16,0,3.199,-3.0879e-16,0,4.2929,4.2929,0,1.26e-15,0,99.666,1110.4,TAKEOFF
1.045,-1.4592e-16,0,3.2098,-3.0826e-16,0,4.2911,4.2911,0,1.2982e-15,0,99.666,1102.8,TAKEOFF
1.0475,-1.4669e-16,0,3.2205,-3.0772e-16,0,4.2891,4.2891,0,1.3364e-15,0,99.666,1095.6,TAKEOFF
1.05,-1.4746e-16,0,3.2312,-3.0717e-16,0,4.287,4.287,0,1.3746e-15,0,99.665,1088.8,TAKEOFF
1.0525,-1.4822e-16,0,3.2419,-3.0661e-16,0,4.2846,4.2846,0,1.4127e-15,0,99.665,1080.6,TAKEOFF
1.055,-1.4899e-16,0,3.2526,-3.0604e-16,0,4.2822,4.2822,0,1.4509e-15,0,99.664,1072.8,TAKEOFF
1.0575,-1.4975e-16,0,3.2633,-3.0545e-16,0,4.2796,4.2796,0,1.4889e-15,0,99.664,1065.5,TAKEOFF
1.06,-1.5051e-16,0,3.274,-3.0486e-16,0,4.2768,4.2768,0,1.5267e-15,0,99.664,1058.7,TAKEOFF
1.0625,-1.5127e-16,0,3.2847,-3.0425e-16,0,4.2739,4.2739,0,1.5645e-15,0,99.663,1050.5,TAKEOFF
1.065,-1.5203e-16,0,3.2954,-3.0364e-16,0,4.2708,4.2708,0,1.6022e-15,0,99.663,1042.8,TAKEOFF
1.0675,-1.5279e-16,0,3.306,-3.0301e-16,0,4.2675,4.2675,0,1.64e-15,0,99.663,1035.6,TAKEOFF
1.07,-1.5355e-16,0,3.3167,-3.0238e-16,0,4.2641,4.2641,0,1.6778e-15,0,99.662,1028.8,TAKEOFF
1.0725,-1.543e-16,0,3.3274,-3.0174e-16,0,4.2606,4.2606,0,1.7154e-15,0,99.662,1020.7,TAKEOFF
1.075,-1.5505e-16,0,3.338,-3.0108e-16,0,4.2569,4.2569,0,1.7528e-15,0,99.661,1013.1,TAKEOFF
1.0775,-1.558e-16,0,3.3486,-3.0042e-16,0,4.253,4.253,0,1.79e-15,0,99.661,1006,TAKEOFF
1.08,-1.5655e-16,0,3.3593,-2.9975e-16,0,4.249,4.249,0,1.827e-15,0,99.661,999.31,TAKEOFF
1.0825,-1.573e-16,0,3.3699,-2.9907e-16,0,4.2448,4.2448,0,1.8639e-15,0,99.66,991.46,TAKEOFF
1.085,-1.5805e-16,0,3.3805,-2.9838e-16,0,4.2405,4.2405,0,1.9006e-15,0,99.66,984.08,TAKEOFF
1.0875,-1.5879e-16,0,3.3911,-2.9768e-16,0,4.2361,4.2361,0,1.9369e-15,0,99.66,977.15,TAKEOFF
1.09,-1.5953e-16,0,3.4016,-2.9698e-16,0,4.2315,4.2315,0,1.9731e-15,0,99.659,970.64,TAKEOFF
1.0925,-1.6027e-16,0,3.4122,-2.9627e-16,0,4.2267,4.2267,0,2.0089e-15,0,99.659,963.05,TAKEOFF
1.095,-1.6101e-16,0,3.4228,-2.9555e-16,0,4.2218,4.2218,0,2.0445e-15,0,99.659,955.92,TAKEOFF
1.0975,-1.6175e-16,0,3.4333,-2.9482e-16,0,4.2168,4.2168,0,2.0801e-15,0,99.658,949.22,TAKEOFF
1.1,-1.6249e-16,0,3.4438,-2.9409e-16,0,4.2116,4.2116,0,2.1157e-15,0,99.658,942.93,TAKEOFF
1.1025,-1.6322e-16,0,3.4543,-2.9335e-16,0,4.2063,4.2063,0,2.151e-15,0,99.658,935.64,TAKEOFF
1.105,-1.6395e-16,0,3.4648,-2.926e-16,0,4.2008,4.2008,0,2.1863e-15,0,99.657,928.78,TAKEOFF
1.1075,-1.6468e-16,0,3.4753,-2.9185e-16,0,4.1952,4.1952,0,2.2213e-15,0,99.657,922.35,TAKEOFF
1.11,-1.6541e-16,0,3.4858,-2.9109e-16,0,4.1895,4.1895,0,2.2564e-15,0,99.657,916.3,TAKEOFF
1.1125,-1.6613e-16,0,3.4963,-2.9032e-16,0,4.1836,4.1836,0,2.2913e-15,0,99.656,909.33,TAKEOFF
1.115,-1.6686e-16,0,3.5067,-2.8955e-16,0,4.1776,4.1776,0,2.3262e-15,0,99.656,902.78,TAKEOFF
1.1175,-1.6758e-16,0,3.5171,-2.8877e-16,0,4.1715,4.1715,0,2.3609e-15,0,99.656,896.62,TAKEOFF
1.12,-1.683e-16,0,3.5276,-2.8798e-16,0,4.1653,4.1653,0,2.3954e-15,0,99.655,890.84,TAKEOFF
1.1225,-1.6902e-16,0,3.538,-2.8719e-16,0,4.1589,4.1589,0,2.4298e-15,0,99.655,884.21,TAKEOFF
1.125,-1.6973e-16,0,3.5483,-2.864e-16,0,4.1524,4.1524,0,2.4641e-15,0,99.655,877.97,TAKEOFF
1.1275,-1.7045e-16,0,3.5587,-2.856e-16,0,4.1457,4.1457,0,2.4983e-15,0,99.655,872.12,TAKEOFF
1.13,-1.7116e-16,0,3.569,-2.8479e-16,0,4.139,4.139,0,2.5324e-15,0,99.654,866.62,TAKEOFF
1.1325,-1.7187e-16,0,3.5794,-2.8398e-16,0,4.1321,4.1321,0,2.5664e-15,0,99.654,860.33,TAKEOFF
1.135,-1.7258e-16,0,3.5897,-2.8316e-16,0,4.1251,4.1251,0,2.6002e-15,0,99.654,854.42,TAKEOFF
1.1375,-1.7328e-16,0,3.6,-2.8234e-16,0,4.118,4.118,0,2.6339e-15,0,99.653,848.86,TAKEOFF
1.14,-1.7399e-16,0,3.6103,-2.8151e-16,0,4.1108,4.1108,0,2.6675e-15,0,99.653,843.65,TAKEOFF
1.1425,-1.7469e-16,0,3.6205,-2.8068e-16,0,4.1034,4.1034,0,2.7009e-15,0,99.653,837.71,TAKEOFF
1.145,-1.7539e-16,0,3.6308,-2.7984e-16,0,4.096,4.096,0,2.734e-15,0,99.653,832.12,TAKEOFF
1.1475,-1.7609e-16,0,3.641,-2.79e-16,0,4.0884,4.0884,0,2.7668e-15,0,99.652,826.88,TAKEOFF
1.15,-1.7678e-16,0,3.6512,-2.7816e-16,0,4.0807,4.0807,0,2.7994e-15,0,99.652,821.95,TAKEOFF
1.1525,-1.7747e-16,0,3.6614,-2.7731e-16,0,4.0729,4.0729,0,2.8315e-15,0,99.652,816.35,TAKEOFF
1.155,-1.7817e-16,0,3.6715,-2.7645e-16,0,4.065,4.065,0,2.8635e-15,0,99.652,811.1,TAKEOFF
1.1575,-1.7885e-16,0,3.6817,-2.7559e-16,0,4.057,4.057,0,2.8951e-15,0,99.651,806.16,TAKEOFF
1.16,-1.7954e-16,0,3.6918,-2.7473e-16,0,4.0489,4.0489,0,2.9263e-15,0,99.651,801.52,TAKEOFF
1.1625,-1.8023e-16,0,3.7019,-2.7387e-16,0,4.0407,4.0407,0,2.9571e-15,0,99.651,796.27,TAKEOFF
1.165,-1.8091e-16,0,3.712,-2.73e-16,0,4.0324,4.0324,0,2.9874e-15,0,99.651,791.33,TAKEOFF
1.1675,-1.8159e-16,0,3.722,-2.7212e-16,0,4.024,4.024,0,3.0173e-15,0,99.65,786.69,TAKEOFF
1.17,-1.8227e-16,0,3.7321,-2.7125e-16,0,4.0156,4.0156,0,3.0468e-15,0,99.65,782.34,TAKEOFF
1.1725,-1.8294e-16,0,3.7421,-2.7037e-16,0,4.007,4.007,0,3.0759e-15,0,99.65,777.42,TAKEOFF
1.175,-1.8362e-16,0,3.7521,-2.6949e-16,0,3.9983,3.9983,0,3.1044e-15,0,99.65,772.8,TAKEOFF
1.1775,-1.8429e-16,0,3.7621,-2.686e-16,0,3.9895,3.9895,0,3.1326e-15,0,99.649,768.46,TAKEOFF
1.18,-1.8496e-16,0,3.772,-2.6771e-16,0,3.9807,3.9807,0,3.1601e-15,0,99.649,764.39,TAKEOFF
1.1825,-1.8562e-16,0,3.7819,-2.6682e-16,0,3.9717,3.9717,0,3.1872e-15,0,99.649,759.8,TAKEOFF
1.185,-1.8629e-16,0,3.7918,-2.6593e-16,0,3.9627,3.9627,0,3.2139e-15,0,99.649,755.49,TAKEOFF
1.1875,-1.8695e-16,0,3.8017,-2.6503e-16,0,3.9535,3.9535,0,3.2402e-15,0,99.648,751.44,TAKEOFF
1.19,-1.8761e-16,0,3.8116,-2.6413e-16,0,3.9443,3.9443,0,3.2659e-15,0,99.648,747.64,TAKEOFF
1.1925,-1.8827e-16,0,3.8214,-2.6323e-16,0,3.935,3.935,0,3.2912e-15,0,99.648,743.37,TAKEOFF
1.195,-1.8893e-16,0,3.8312,-2.6233e-16,0,3.9257,3.9257,0,3.3161e-15,0,99.648,739.36,TAKEOFF
1.1975,-1.8958e-16,0,3.841,-2.6143e-16,0,3.9162,3.9162,0,3.3405e-15,0,99.647,735.6,TAKEOFF
1.2,-1.9023e-16,0,3.8508,-2.6052e-16,0,3.9067,3.9067,0,3.3645e-15,0,99.647,732.06,TAKEOFF
1.2025,-1.9088e-16,0,3.8605,-2.5961e-16,0,3.8971,3.8971,0,3.388e-15,0,99.647,728.1,TAKEOFF
1.205,-1.9153e-16,0,3.8703,-2.587e-16,0,3.8874,3.8874,0,3.4111e-15,0,99.647,724.38,TAKEOFF
1.2075,-1.9217e-16,0,3.88,-2.5779e-16,0,3.8777,3.8777,0,3.4336e-15,0,99.647,720.89,TAKEOFF
1.21,-1.9281e-16,0,3.8896,-2.5688e-16,0,3.8679,3.8679,0,3.4557e-15,0,99.646,717.61,TAKEOFF
1.2125,-1.9345e-16,0,3.8993,-2.5597e-16,0,3.858,3.858,0,3.4772e-15,0,99.646,713.95,TAKEOFF
1.215,-1.9409e-16,0,3.9089,-2.5505e-16,0,3.848,3.848,0,3.4983e-15,0,99.646,710.52,TAKEOFF
1.2175,-1.9473e-16,0,3.9185,-2.5414e-16,0,3.838,3.838,0,3.5191e-15,0,99.646,707.29,TAKEOFF
1.22,-1.9536e-16,0,3.9281,-2.5322e-16,0,3.8279,3.8279,0,3.5393e-15,0,99.646,704.26,TAKEOFF
1.2225,-1.9599e-16,0,3.9376,-2.523e-16,0,3.8177,3.8177,0,3.559e-15,0,99.645,700.89,TAKEOFF
1.225,-1.9662e-16,0,3.9471,-2.5138e-16,0,3.8075,3.8075,0,3.5782e-15,0,99.645,697.72,TAKEOFF
1.2275,-1.9724e-16,0,3.9566,-2.5046e-16,0,3.7972,3.7972,0,3.5969e-15,0,99.645,694.75,TAKEOFF
1.23,-1.9787e-16,0,3.9661,-2.4954e-16,0,3.7869,3.7869,0,3.6151e-15,0,99.645,691.96,TAKEOFF
1.2325,-1.9849e-16,0,3.9755,-2.4862e-16,0,3.7765,3.7765,0,3.6329e-15,0,99.644,688.87,TAKEOFF
1.235,-1.9911e-16,0,3.9849,-2.477e-16,0,3.766,3.766,0,3.6501e-15,0,99.644,685.97,TAKEOFF
1.2375,-1.9973e-16,0,3.9943,-2.4678e-16,0,3.7555,3.7555,0,3.6667e-15,0,99.644,683.24,TAKEOFF
1.24,-2.0034e-16,0,4.0037,-2.4585e-16,0,3.7449,3.7449,0,3.683e-15,0,99.644,680.68,TAKEOFF
1.2425,-2.0095e-16,0,4.013,-2.4493e-16,0,3.7343,3.7343,0,3.6989e-15,0,99.644,677.86,TAKEOFF
1.245,-2.0156e-16,0,4.0223,-2.4401e-16,0,3.7236,3.7236,0,3.7142e-15,0,99.643,675.21,TAKEOFF
1.2475,-2.0217e-16,0,4.0316,-2.4308e-16,0,3.7129,3.7129,0,3.7291e-15,0,99.643,672.72,TAKEOFF
1.25,-2.0278e-16,0,4.0409,-2.4216e-16,0,3.7021,3.7021,0,3.7435e-15,0,99.643,670.38,TAKEOFF
1.2525,-2.0338e-16,0,4.0501,-2.4123e-16,0,3.6913,3.6913,0,3.7574e-15,0,99.643,667.82,TAKEOFF
1.255,-2.0398e-16,0,4.0593,-2.4031e-16,0,3.6804,3.6804,0,3.7708e-15,0,99.643,665.41,TAKEOFF
1.2575,-2.0458e-16,0,4.0685,-2.3939e-16,0,3.6695,3.6695,0,3.7839e-15,0,99.643,663.15,TAKEOFF
1.26,-2.0518e-16,0,4.0776,-2.3846e-16,0,3.6585,3.6585,0,3.7963e-15,0,99.642,661.03,TAKEOFF
1.2625,-2.0577e-16,0,4.0867,-2.3754e-16,0,3.6475,3.6475,0,3.8083e-15,0,99.642,658.71,TAKEOFF
1.265,-2.0636e-16,0,4.0958,-2.3662e-16,0,3.6364,3.6364,0,3.8198e-15,0,99.642,656.53,TAKEOFF
1.2675,-2.0695e-16,0,4.1049,-2.3569e-16,0,3.6253,3.6253,0,3.8308e-15,0,99.642,654.49,TAKEOFF
1.27,-2.0754e-16,0,4.1139,-2.3477e-16,0,3.6142,3.6142,0,3.8412e-15,0,99.642,652.57,TAKEOFF
1.2725,-2.0812e-16,0,4.1229,-2.3385e-16,0,3.603,3.603,0,3.8513e-15,0,99.641,650.49,TAKEOFF
1.275,-2.087e-16,0,4.1319,-2.3292e-16,0,3.5918,3.5918,0,3.8608e-15,0,99.641,648.53,TAKEOFF
1.2775,-2.0928e-16,0,4.1409,-2.32e-16,0,3.5805,3.5805,0,3.8699e-15,0,99.641,646.7,TAKEOFF
1.28,-2.0986e-16,0,4.1498,-2.3108e-16,0,3.5692,3.5692,0,3.8785e-15,0,99.641,644.97,TAKEOFF
1.2825,-2.1044e-16,0,4.1587,-2.3016e-16,0,3.5579,3.5579,0,3.8867e-15,0,99.641,643.12,TAKEOFF
1.285,-2.1101e-16,0,4.1675,-2.2924e-16,0,3.5465,3.5465,0,3.8943e-15,0,99.64,641.38,TAKEOFF
1.2875,-2.1158e-16,0,4.1764,-2.2832e-16,0,3.5351,3.5351,0,3.9014e-15,0,99.64,639.74,TAKEOFF
1.29,-2.1215e-16,0,4.1852,-2.274e-16,0,3.5237,3.5237,0,3.908e-15,0,99.64,638.2,TAKEOFF
1.2925,-2.1272e-16,0,4.194,-2.2648e-16,0,3.5122,3.5122,0,3.9143e-15,0,99.64,636.57,TAKEOFF
1.295,-2.1328e-16,0,4.2027,-2.2557e-16,0,3.5007,3.5007,0,3.92e-15,0,99.64,635.03,TAKEOFF
1.2975,-2.1384e-16,0,4.2115,-2.2465e-16,0,3.4892,3.4892,0,3.9253e-15,0,99.64,633.58,TAKEOFF
1.3,-2.144e-16,0,4.2201,-2.2373e-16,0,3.4777,3.4777,0,3.9302e-15,0,99.639,632.23,TAKEOFF
1.3025,-2.1496e-16,0,4.2288,-2.2282e-16,0,3.4661,3.4661,0,3.9346e-15,0,99.639,630.8,TAKEOFF
1.305,-2.1551e-16,0,4.2374,-2.2191e-16,0,3.4545,3.4545,0,3.9386e-15,0,99.639,629.45,TAKEOFF
1.3075,-2.1606e-16,0,4.2461,-2.2099e-16,0,3.4429,3.4429,0,3.9422e-15,0,99.639,628.19,TAKEOFF
1.31,-2.1661e-16,0,4.2546,-2.2008e-16,0,3.4312,3.4312,0,3.9454e-15,0,99.639,627,TAKEOFF
1.3125,-2.1716e-16,0,4.2632,-2.1917e-16,0,3.4195,3.4195,0,3.9482e-15,0,99.638,625.77,TAKEOFF
1.315,-2.1771e-16,0,4.2717,-2.1826e-16,0,3.4078,3.4078,0,3.9504e-15,0,99.638,624.61,TAKEOFF
1.3175,-2.1825e-16,0,4.2802,-2.1736e-16,0,3.3961,3.3961,0,3.9521e-15,0,99.638,623.52,TAKEOFF
1.32,-2.1879e-16,0,4.2887,-2.1645e-16,0,3.3844,3.3844,0,3.9534e-15,0,99.638,622.5,TAKEOFF
1.3225,-2.1933e-16,0,4.2971,-2.1554e-16,0,3.3726,3.3726,0,3.9543e-15,0,99.638,621.46,TAKEOFF
1.325,-2.1987e-16,0,4.3055,-2.1464e-16,0,3.3608,3.3608,0,3.9549e-15,0,99.638,620.47,TAKEOFF
1.3275,-2.204e-16,0,4.3139,-2.1374e-16,0,3.349,3.349,0,3.955e-15,0,99.637,619.55,TAKEOFF
1.33,-2.2093e-16,0,4.3222,-2.1283e-16,0,3.3372,3.3372,0,3.9546e-15,0,99.637,618.69,TAKEOFF
1.3325,-2.2146e-16,0,4.3305,-2.1193e-16,0,3.3254,3.3254,0,3.9537e-15,0,99.637,617.82,TAKEOFF
1.335,-2.2199e-16,0,4.3388,-2.1104e-16,0,3.3135,3.3135,0,3.9524e-15,0,99.637,617.01,TAKEOFF
1.3375,-2.2252e-16,0,4.3471,-2.1014e-16,0,3.3017,3.3017,0,3.9506e-15,0,99.637,616.24,TAKEOFF
1.34,-2.2304e-16,0,4.3553,-2.0924e-16,0,3.2898,3.2898,0,3.9484e-15,0,99.637,615.53,TAKEOFF
1.3425,-2.2356e-16,0,4.3635,-2.0835e-16,0,3.2779,3.2779,0,3.9457e-15,0,99.636,614.83,TAKEOFF
1.345,-2.2408e-16,0,4.3716,-2.0746e-16,0,3.266,3.266,0,3.9427e-15,0,99.636,614.18,TAKEOFF
1.3475,-2.246e-16,0,4.3798,-2.0656e-16,0,3.2541,3.2541,0,3.9392e-15,0,99.636,613.57,TAKEOFF
1.35,-2.2511e-16,0,4.3879,-2.0568e-16,0,3.2422,3.2422,0,3.9352e-15,0,99.636,612.99,TAKEOFF
1.3525,-2.2562e-16,0,4.396,-2.0479e-16,0,3.2303,3.2303,0,3.9308e-15,0,99.636,612.46,TAKEOFF
1.355,-2.2613e-16,0,4.404,-2.039e-16,0,3.2183,3.2183,0,3.9258e-15,0,99.636,611.96,TAKEOFF
1.3575,-2.2664e-16,0,4.412,-2.0302e-16,0,3.2064,3.2064,0,3.9204e-15,0,99.635,611.49,TAKEOFF
1.36,-2.2715e-16,0,4.42,-2.0214e-16,0,3.1944,3.1944,0,3.9145e-15,0,99.635,611.05,TAKEOFF
1.3625,-2.2765e-16,0,4.428,-2.0126e-16,0,3.1824,3.1824,0,3.9081e-15,0,99.635,610.67,TAKEOFF
1.365,-2.2815e-16,0,4.4359,-2.0038e-16,0,3.1705,3.1705,0,3.9013e-15,0,99.635,610.32,TAKEOFF
1.3675,-2.2865e-16,0,4.4438,-1.995e-16,0,3.1585,3.1585,0,3.8941e-15,0,99.635,609.98,TAKEOFF
1.37,-2.2914e-16,0,4.4516,-1.9863e-16,0,3.1465,3.1465,0,3.8863e-15,0,99.635,609.67,TAKEOFF
1.3725,-2.2964e-16,0,4.4595,-1.9776e-16,0,3.1345,3.1345,0,3.8781e-15,0,99.634,609.44,TAKEOFF
1.375,-2.3013e-16,0,4.4673,-1.9689e-16,0,3.1225,3.1225,0,3.8694e-15,0,99.634,609.22,TAKEOFF
1.3775,-2.3062e-16,0,4.4751,-1.9602e-16,0,3.1105,3.1105,0,3.8602e-15,0,99.634,609.02,TAKEOFF
1.38,-2.3111e-16,0,4.4828,-1.9516e-16,0,3.0986,3.0986,0,3.8504e-15,0,99.634,608.83,TAKEOFF
1.3825,-2.3159e-16,0,4.4905,-1.9429e-16,0,3.0866,3.0866,0,3.8401e-15,0,99.634,608.74,TAKEOFF
1.385,-2.3208e-16,0,4.4982,-1.9343e-16,0,3.0746,3.0746,0,3.8295e-15,0,99.633,608.65,TAKEOFF
1.3875,-2.3256e-16,0,4.5059,-1.9258e-16,0,3.0626,3.0626,0,3.8188e-15,0,99.633,608.57,TAKEOFF
1.39,-2.3304e-16,0,4.5135,-1.9172e-16,0,3.0506,3.0506,0,3.8076e-15,0,99.633,608.5,TAKEOFF
1.3925,-2.3352e-16,0,4.5211,-1.9087e-16,0,3.0386,3.0386,0,3.7962e-15,0,99.633,608.54,TAKEOFF
1.395,-2.3399e-16,0,4.5287,-1.9002e-16,0,3.0266,3.0266,0,3.7846e-15,0,99.633,608.58,TAKEOFF
1.3975,-2.3446e-16,0,4.5362,-1.8917e-16,0,3.0146,3.0146,0,3.7727e-15,0,99.633,608.61,TAKEOFF
1.4,-2.3494e-16,0,4.5437,-1.8833e-16,0,3.0026,3.0026,0,3.7607e-15,0,99.632,608.65,TAKEOFF
1.4025,-2.354e-16,0,4.5512,-1.8749e-16,0,2.9906,2.9906,0,3.7485e-15,0,99.632,608.82,TAKEOFF
1.405,-2.3587e-16,0,4.5586,-1.8665e-16,0,2.9786,2.9786,0,3.7361e-15,0,99.632,608.97,TAKEOFF
1.4075,-2.3634e-16,0,4.566,-1.8581e-16,0,2.9667,2.9667,0,3.7235e-15,0,99.632,609.12,TAKEOFF
1.41,-2.368e-16,0,4.5734,-1.8498e-16,0,2.9547,2.9547,0,3.7108e-15,0,99.632,609.26,TAKEOFF
1.4125,-2.3726e-16,0,4.5808,-1.8414e-16,0,2.9427,2.9427,0,3.698e-15,0,99.632,609.55,TAKEOFF
1.415,-2.3772e-16,0,4.5881,-1.8332e-16,0,2.9308,2.9308,0,3.685e-15,0,99.631,609.81,TAKEOFF
1.4175,-2.3817e-16,0,4.5954,-1.8249e-16,0,2.9188,2.9188,0,3.6718e-15,0,99.631,610.07,TAKEOFF
1.42,-2.3863e-16,0,4.6027,-1.8167e-16,0,2.9069,2.9069,0,3.6584e-15,0,99.631,610.3,TAKEOFF
1.4225,-2.3908e-16,0,4.6099,-1.8084e-16,0,2.895,2.895,0,3.6449e-15,0,99.631,610.7,TAKEOFF
1.425,-2.3953e-16,0,4.6171,-1.8003e-16,0,2.883,2.883,0,3.6313e-15,0,99.631,611.08,TAKEOFF
1.4275,-2.3998e-16,0,4.6243,-1.7921e-16,0,2.8711,2.8711,0,3.6175e-15,0,99.631,611.43,TAKEOFF
1.43,-2.4042e-16,0,4.6314,-1.784e-16,0,2.8592,2.8592,0,3.6037e-15,0,99.63,611.76,TAKEOFF
1.4325,-2.4087e-16,0,4.6386,-1.7759e-16,0,2.8473,2.8473,0,3.5896e-15,0,99.63,612.26,TAKEOFF
1.435,-2.4131e-16,0,4.6457,-1.7678e-16,0,2.8354,2.8354,0,3.5755e-15,0,99.63,612.74,TAKEOFF
1.4375,-2.4175e-16,0,4.6527,-1.7597e-16,0,2.8235,2.8235,0,3.5612e-15,0,99.63,613.18,TAKEOFF
1.44,-2.4219e-16,0,4.6597,-1.7517e-16,0,2.8117,2.8117,0,3.5467e-15,0,99.63,613.6,TAKEOFF
1.4425,-2.4262e-16,0,4.6667,-1.7437e-16,0,2.7998,2.7998,0,3.5319e-15,0,99.63,614.21,TAKEOFF
1.445,-2.4306e-16,0,4.6737,-1.7357e-16,0,2.788,2.788,0,3.5169e-15,0,99.629,614.78,TAKEOFF
1.4475,-2.4349e-16,0,4.6807,-1.7278e-16,0,2.7762,2.7762,0,3.5018e-15,0,99.629,615.31,TAKEOFF
1.45,-2.4392e-16,0,4.6876,-1.7198e-16,0,2.7643,2.7643,0,3.4865e-15,0,99.629,615.81,TAKEOFF
1.4525,-2.4435e-16,0,4.6944,-1.7119e-16,0,2.7525,2.7525,0,3.4711e-15,0,99.629,616.51,TAKEOFF
1.455,-2.4477e-16,0,4.7013,-1.7041e-16,0,2.7408,2.7408,0,3.4556e-15,0,99.629,617.17,TAKEOFF
1.4575,-2.452e-16,0,4.7081,-1.6962e-16,0,2.729,2.729,0,3.4398e-15,0,99.629,617.79,TAKEOFF
1.46,-2.4562e-16,0,4.7149,-1.6884e-16,0,2.7172,2.7172,0,3.4238e-15,0,99.628,618.37,TAKEOFF
1.4625,-2.4604e-16,0,4.7217,-1.6806e-16,0,2.7055,2.7055,0,3.4075e-15,0,99.628,619.16,TAKEOFF
1.465,-2.4646e-16,0,4.7284,-1.6729e-16,0,2.6938,2.6938,0,3.3911e-15,0,99.628,619.9,TAKEOFF
1.4675,-2.4687e-16,0,4.7351,-1.6652e-16,0,2.6821,2.6821,0,3.3746e-15,0,99.628,620.6,TAKEOFF
1.47,-2.4729e-16,0,4.7418,-1.6575e-16,0,2.6704,2.6704,0,3.358e-15,0,99.628,621.25,TAKEOFF
1.4725,-2.477e-16,0,4.7484,-1.6498e-16,0,2.6587,2.6587,0,3.3413e-15,0,99.627,622.12,TAKEOFF
1.475,-2.4811e-16,0,4.7551,-1.6422e-16,0,2.647,2.647,0,3.3244e-15,0,99.627,622.94,TAKEOFF
1.4775,-2.4852e-16,0,4.7616,-1.6345e-16,0,2.6354,2.6354,0,3.3073e-15,0,99.627,623.71,TAKEOFF
1.48,-2.4893e-16,0,4.7682,-1.627e-16,0,2.6238,2.6238,0,3.29e-15,0,99.627,624.44,TAKEOFF
1.4825,-2.4933e-16,0,4.7747,-1.6194e-16,0,2.6122,2.6122,0,3.2725e-15,0,99.627,625.39,TAKEOFF
1.485,-2.4973e-16,0,4.7812,-1.6119e-16,0,2.6006,2.6006,0,3.2549e-15,0,99.627,626.28,TAKEOFF
1.4875,-2.5013e-16,0,4.7877,-1.6044e-16,0,2.589,2.589,0,3.2372e-15,0,99.626,627.12,TAKEOFF
1.49,-2.5053e-16,0,4.7942,-1.5969e-16,0,2.5775,2.5775,0,3.2191e-15,0,99.626,627.91,TAKEOFF
1.4925,-2.5093e-16,0,4.8006,-1.5895e-16,0,2.5659,2.5659,0,3.201e-15,0,99.626,628.94,TAKEOFF
1.495,-2.5133e-16,0,4.807,-1.5821e-16,0,2.5544,2.5544,0,3.1826e-15,0,99.626,629.9,TAKEOFF
1.4975,-2.5172e-16,0,4.8133,-1.5747e-16,0,2.543,2.543,0,3.1641e-15,0,99.626,630.81,TAKEOFF
1.5,-2.5211e-16,0,4.8196,-1.5674e-16,0,2.5315,2.5315,0,3.1454e-15,0,99.626,631.66,TAKEOFF
1.5025,-2.525e-16,0,4.8259,-1.5601e-16,0,2.5201,2.5201,0,3.1266e-15,0,99.625,632.75,TAKEOFF
1.505,-2.5289e-16,0,4.8322,-1.5528e-16,0,2.5086,2.5086,0,3.1078e-15,0,99.625,633.78,TAKEOFF
1.5075,-2.5328e-16,0,4.8385,-1.5456e-16,0,2.4972,2.4972,0,3.0888e-15,0,99.625,634.75,TAKEOFF
1.51,-2.5366e-16,0,4.8447,-1.5384e-16,0,2.4859,2.4859,0,3.0696e-15,0,99.625,635.66,TAKEOFF
1.5125,-2.5404e-16,0,4.8509,-1.5312e-16,0,2.4745,2.4745,0,3.0502e-15,0,99.625,636.82,TAKEOFF
1.515,-2.5443e-16,0,4.857,-1.5241e-16,0,2.4632,2.4632,0,3.0305e-15,0,99.624,637.91,TAKEOFF
1.5175,-2.548e-16,0,4.8631,-1.517e-16,0,2.4519,2.4519,0,3.0107e-15,0,99.624,638.93,TAKEOFF
1.52,-2.5518e-16,0,4.8692,-1.5099e-16,0,2.4406,2.4406,0,2.9909e-15,0,99.624,639.89,TAKEOFF
1.5225,-2.5556e-16,0,4.8753,-1.5029e-16,0,2.4293,2.4293,0,2.9709e-15,0,99.624,641.11,TAKEOFF
1.525,-2.5593e-16,0,4.8814,-1.4959e-16,0,2.4181,2.4181,0,2.9508e-15,0,99.624,642.26,TAKEOFF
1.5275,-2.563e-16,0,4.8874,-1.4889e-16,0,2.4069,2.4069,0,2.9306e-15,0,99.624,643.34,TAKEOFF
1.53,-2.5667e-16,0,4.8934,-1.482e-16,0,2.3957,2.3957,0,2.9102e-15,0,99.623,644.35,TAKEOFF
1.5325,-2.5704e-16,0,4.8993,-1.4751e-16,0,2.3845,2.3845,0,2.8895e-15,0,99.623,645.63,TAKEOFF
1.535,-2.5741e-16,0,4.9053,-1.4682e-16,0,2.3734,2.3734,0,2.8686e-15,0,99.623,646.82,TAKEOFF
1.5375,-2.5778e-16,0,4.9112,-1.4614e-16,0,2.3623,2.3623,0,2.8476e-15,0,99.623,647.95,TAKEOFF
1.54,-2.5814e-16,0,4.917,-1.4546e-16,0,2.3512,2.3512,0,2.8264e-15,0,99.623,649.01,TAKEOFF
1.5425,-2.585e-16,0,4.9229,-1.4479e-16,0,2.3401,2.3401,0,2.8052e-15,0,99.622,650.34,TAKEOFF
1.545,-2.5886e-16,0,4.9287,-1.4412e-16,0,2.3291,2.3291,0,2.7838e-15,0,99.622,651.59,TAKEOFF
1.5475,-2.5922e-16,0,4.9345,-1.4345e-16,0,2.3181,2.3181,0,2.7621e-15,0,99.622,652.76,TAKEOFF
1.55,-2.5958e-16,0,4.9403,-1.4279e-16,0,2.3071,2.3071,0,2.7404e-15,0,99.622,653.86,TAKEOFF
1.5525,-2.5993e-16,0,4.946,-1.4213e-16,0,2.2962,2.2962,0,2.7185e-15,0,99.622,655.24,TAKEOFF
1.555,-2.6029e-16,0,4.9517,-1.4148e-16,0,2.2852,2.2852,0,2.6964e-15,0,99.621,656.54,TAKEOFF
1.5575,-2.6064e-16,0,4.9574,-1.4083e-16,0,2.2743,2.2743,0,2.674e-15,0,99.621,657.75,TAKEOFF
1.56,-2.6099e-16,0,4.9631,-1.4018e-16,0,2.2634,2.2634,0,2.6515e-15,0,99.621,658.89,TAKEOFF
1.5625,-2.6134e-16,0,4.9687,-1.3954e-16,0,2.2526,2.2526,0,2.6287e-15,0,99.621,660.32,TAKEOFF
1.565,-2.6169e-16,0,4.9743,-1.389e-16,0,2.2418,2.2418,0,2.6057e-15,0,99.621,661.65,TAKEOFF
1.5675,-2.6203e-16,0,4.9799,-1.3827e-16,0,2.231,2.231,0,2.5825e-15,0,99.621,662.91,TAKEOFF
1.57,-2.6237e-16,0,4.9854,-1.3764e-16,0,2.2202,2.2202,0,2.5591e-15,0,99.62,664.09,TAKEOFF
1.5725,-2.6272e-16,0,4.991,-1.3702e-16,0,2.2095,2.2095,0,2.5355e-15,0,99.62,665.55,TAKEOFF
1.575,-2.6306e-16,0,4.9965,-1.364e-16,0,2.1988,2.1988,0,2.5117e-15,0,99.62,666.93,TAKEOFF
1.5775,-2.634e-16,0,5.0019,-1.3578e-16,0,2.1881,2.1881,0,2.4878e-15,0,99.62,668.22,TAKEOFF
1.58,-2.6374e-16,0,5.0074,-1.3517e-16,0,2.1775,2.1775,0,2.4637e-15,0,99.62,669.44,TAKEOFF
1.5825,-2.6407e-16,0,5.0128,-1.3456e-16,0,2.1669,2.1669,0,2.4394e-15,0,99.619,670.94,TAKEOFF
1.585,-2.6441e-16,0,5.0182,-1.3396e-16,0,2.1563,2.1563,0,2.4149e-15,0,99.619,672.35,TAKEOFF
1.5875,-2.6474e-16,0,5.0236,-1.3337e-16,0,2.1457,2.1457,0,2.3904e-15,0,99.619,673.68,TAKEOFF
1.59,-2.6507e-16,0,5.0289,-1.3278e-16,0,2.1352,2.1352,0,2.3658e-15,0,99.619,674.92,TAKEOFF
1.5925,-2.654e-16,0,5.0342,-1.3219e-16,0,2.1247,2.1247,0,2.3411e-15,0,99.619,676.46,TAKEOFF
1.595,-2.6573e-16,0,5.0395,-1.3161e-16,0,2.1142,2.1142,0,2.3161e-15,0,99.618,677.9,TAKEOFF
1.5975,-2.6606e-16,0,5.0447,-1.3103e-16,0,2.1038,2.1038,0,2.2909e-15,0,99.618,679.26,TAKEOFF
1.6,-2.6639e-16,0,5.05,-1.3046e-16,0,2.0934,2.0934,0,2.2655e-15,0,99.618,680.53,TAKEOFF
1.6025,-2.6671e-16,0,5.0552,-1.2989e-16,0,2.083,2.083,0,2.2399e-15,0,99.618,682.1,TAKEOFF
1.605,-2.6703e-16,0,5.0604,-1.2933e-16,0,2.0726,2.0726,0,2.214e-15,0,99.618,683.58,TAKEOFF
1.6075,-2.6736e-16,0,5.0655,-1.2878e-16,0,2.0623,2.0623,0,2.188e-15,0,99.617,684.96,TAKEOFF
1.61,-2.6768e-16,0,5.0707,-1.2823e-16,0,2.052,2.052,0,2.1616e-15,0,99.617,686.26,TAKEOFF
1.6125,-2.68e-16,0,5.0758,-1.2768e-16,0,2.0418,2.0418,0,2.1351e-15,0,99.617,687.86,TAKEOFF
1.615,-2.6831e-16,0,5.0808,-1.2714e-16,0,2.0315,2.0315,0,2.1085e-15,0,99.617,689.36,TAKEOFF
1.6175,-2.6863e-16,0,5.0859,-1.2661e-16,0,2.0213,2.0213,0,2.0818e-15,0,99.617,690.77,TAKEOFF
1.62,-2.6895e-16,0,5.0909,-1.2608e-16,0,2.0112,2.0112,0,2.0548e-15,0,99.616,692.1,TAKEOFF
1.6225,-2.6926e-16,0,5.0959,-1.2556e-16,0,2.001,2.001,0,2.0275e-15,0,99.616,693.72,TAKEOFF
1.625,-2.6957e-16,0,5.1009,-1.2504e-16,0,1.9909,1.9909,0,2.0001e-15,0,99.616,695.25,TAKEOFF
1.6275,-2.6988e-16,0,5.1058,-1.2453e-16,0,1.9809,1.9809,0,1.9725e-15,0,99.616,696.68,TAKEOFF
1.63,-2.7019e-16,0,5.1108,-1.2402e-16,0,1.9708,1.9708,0,1.9451e-15,0,99.615,698.03,TAKEOFF
1.6325,-2.705e-16,0,5.1157,-1.2353e-16,0,1.9608,1.9608,0,1.9175e-15,0,99.615,699.68,TAKEOFF
1.635,-2.7081e-16,0,5.1206,-1.2303e-16,0,1.9509,1.9509,0,1.8899e-15,0,99.615,701.22,TAKEOFF
1.6375,-2.7112e-16,0,5.1254,-1.2255e-16,0,1.9409,1.9409,0,1.8623e-15,0,99.615,702.68,TAKEOFF
1.64,-2.7142e-16,0,5.1302,-1.2206e-16,0,1.931,1.931,0,1.8346e-15,0,99.615,704.04,TAKEOFF
1.6425,-2.7172e-16,0,5.135,-1.2159e-16,0,1.9211,1.9211,0,1.8068e-15,0,99.614,705.71,TAKEOFF
1.645,-2.7203e-16,0,5.1398,-1.2112e-16,0,1.9113,1.9113,0,1.7791e-15,0,99.614,707.28,TAKEOFF
1.6475,-2.7233e-16,0,5.1446,-1.2066e-16,0,1.9015,1.9015,0,1.7513e-15,0,99.614,708.75,TAKEOFF
1.65,-2.7263e-16,0,5.1493,-1.202e-16,0,1.8917,1.8917,0,1.7236e-15,0,99.614,710.14,TAKEOFF
1.6525,-2.7293e-16,0,5.154,-1.1975e-16,0,1.8819,1.8819,0,1.6958e-15,0,99.614,711.82,TAKEOFF
1.655,-2.7323e-16,0,5.1587,-1.1931e-16,0,1.8722,1.8722,0,1.6681e-15,0,99.613,713.41,TAKEOFF
1.6575,-2.7352e-16,0,5.1633,-1.1887e-16,0,1.8626,1.8626,0,1.6404e-15,0,99.613,714.9,TAKEOFF
1.66,-2.7382e-16,0,5.168,-1.1844e-16,0,1.8529,1.8529,0,1.6127e-15,0,99.613,716.3,TAKEOFF
1.6625,-2.7412e-16,0,5.1726,-1.1802e-16,0,1.8433,1.8433,0,1.5849e-15,0,99.613,718,TAKEOFF
1.665,-2.7441e-16,0,5.1772,-1.176e-16,0,1.8337,1.8337,0,1.5571e-15,0,99.612,719.6,TAKEOFF
1.6675,-2.747e-16,0,5.1817,-1.1719e-16,0,1.8242,1.8242,0,1.5292e-15,0,99.612,721.1,TAKEOFF
1.67,-2.7499e-16,0,5.1863,-1.1678e-16,0,1.8146,1.8146,0,1.5013e-15,0,99.612,722.51,TAKEOFF
1.6725,-2.7529e-16,0,5.1908,-1.1638e-16,0,1.8052,1.8052,0,1.4732e-15,0,99.612,724.23,TAKEOFF
1.675,-2.7558e-16,0,5.1953,-1.1599e-16,0,1.7957,1.7957,0,1.4452e-15,0,99.612,725.84,TAKEOFF
1.6775,-2.7586e-16,0,5.1997,-1.156e-16,0,1.7863,1.7863,0,1.4173e-15,0,99.611,727.36,TAKEOFF
1.68,-2.7615e-16,0,5.2042,-1.1523e-16,0,1.7769,1.7769,0,1.3893e-15,0,99.611,728.78,TAKEOFF
1.6825,-2.7644e-16,0,5.2086,-1.1485e-16,0,1.7675,1.7675,0,1.3615e-15,0,99.611,730.51,TAKEOFF
1.685,-2.7673e-16,0,5.213,-1.1449e-16,0,1.7582,1.7582,0,1.3337e-15,0,99.611,732.13,TAKEOFF
1.6875,-2.7701e-16,0,5.2174,-1.1413e-16,0,1.7489,1.7489,0,1.3062e-15,0,99.61,733.66,TAKEOFF
1.69,-2.773e-16,0,5.2217,-1.1378e-16,0,1.7397,1.7397,0,1.2788e-15,0,99.61,735.09,TAKEOFF
1.6925,-2.7758e-16,0,5.226,-1.1343e-16,0,1.7305,1.7305,0,1.2517e-15,0,99.61,736.83,TAKEOFF
1.695,-2.7786e-16,0,5.2303,-1.1309e-16,0,1.7213,1.7213,0,1.2247e-15,0,99.61,738.46,TAKEOFF
1.6975,-2.7814e-16,0,5.2346,-1.1276e-16,0,1.7121,1.7121,0,1.1977e-15,0,99.61,740,TAKEOFF
1.7,-2.7842e-16,0,5.2389,-1.1243e-16,0,1.703,1.703,0,1.1709e-15,0,99.609,741.44,TAKEOFF
1.7025,-2.7871e-16,0,5.2431,-1.1211e-16,0,1.6939,1.6939,0,1.1441e-15,0,99.609,743.18,TAKEOFF
1.705,-2.7898e-16,0,5.2473,-1.118e-16,0,1.6849,1.6849,0,1.1175e-15,0,99.609,744.83,TAKEOFF
1.7075,-2.7926e-16,0,5.2515,-1.1149e-16,0,1.6759,1.6759,0,1.091e-15,0,99.609,746.37,TAKEOFF
1.71,-2.7954e-16,0,5.2557,-1.1119e-16,0,1.6669,1.6669,0,1.0647e-15,0,99.608,747.81,TAKEOFF
1.7125,-2.7982e-16,0,5.2598,-1.109e-16,0,1.658,1.658,0,1.0385e-15,0,99.608,749.57,TAKEOFF
1.715,-2.801e-16,0,5.2639,-1.1061e-16,0,1.649,1.649,0,1.0126e-15,0,99.608,751.21,TAKEOFF
1.7175,-2.8037e-16,0,5.268,-1.1033e-16,0,1.6402,1.6402,0,9.8681e-16,0,99.608,752.76,TAKEOFF
1.72,-2.8065e-16,0,5.2721,-1.1006e-16,0,1.6313,1.6313,0,9.6129e-16,0,99.608,754.21,TAKEOFF
1.7225,-2.8092e-16,0,5.2762,-1.0979e-16,0,1.6225,1.6225,0,9.3587e-16,0,99.607,755.97,TAKEOFF
1.725,-2.8119e-16,0,5.2802,-1.0953e-16,0,1.6137,1.6137,0,9.1062e-16,0,99.607,757.62,TAKEOFF
1.7275,-2.8147e-16,0,5.2842,-1.0928e-16,0,1.605,1.605,0,8.8554e-16,0,99.607,759.17,TAKEOFF
1.73,-2.8174e-16,0,5.2882,-1.0903e-16,0,1.5963,1.5963,0,8.6064e-16,0,99.607,760.62,TAKEOFF
1.7325,-2.8201e-16,0,5.2922,-1.0879e-16,0,1.5876,1.5876,0,8.3592e-16,0,99.606,762.38,TAKEOFF
1.735,-2.8228e-16,0,5.2961,-1.0855e-16,0,1.5789,1.5789,0,8.1137e-16,0,99.606,764.03,TAKEOFF
1.7375,-2.8255e-16,0,5.3001,-1.0832e-16,0,1.5703,1.5703,0,7.8708e-16,0,99.606,765.59,TAKEOFF
1.74,-2.8282e-16,0,5.304,-1.081e-16,0,1.5618,1.5618,0,7.6288e-16,0,99.606,767.04,TAKEOFF
1.7425,-2.8309e-16,0,5.3079,-1.0788e-16,0,1.5532,1.5532,0,7.3886e-16,0,99.605,768.8,TAKEOFF
1.745,-2.8336e-16,0,5.3117,-1.0767e-16,0,1.5447,1.5447,0,7.1493e-16,0,99.605,770.46,TAKEOFF
1.7475,-2.8363e-16,0,5.3156,-1.0747e-16,0,1.5362,1.5362,0,6.9109e-16,0,99.605,772.01,TAKEOFF
1.75,-2.839e-16,0,5.3194,-1.0727e-16,0,1.5278,1.5278,0,6.6734e-16,0,99.605,773.47,TAKEOFF
1.7525,-2.8417e-16,0,5.3232,-1.0708e-16,0,1.5194,1.5194,0,6.4377e-16,0,99.604,775.23,TAKEOFF
1.755,-2.8444e-16,0,5.3269,-1.069e-16,0,1.511,1.511,0,6.2037e-16,0,99.604,776.88,TAKEOFF
1.7575,-2.847e-16,0,5.3307,-1.0672e-16,0,1.5027,1.5027,0,5.9707e-16,0,99.604,778.43,TAKEOFF
1.76,-2.8497e-16,0,5.3344,-1.0655e-16,0,1.4944,1.4944,0,5.7402e-16,0,99.604,779.89,TAKEOFF
1.7625,-2.8523e-16,0,5.3382,-1.0638e-16,0,1.4861,1.4861,0,5.5123e-16,0,99.603,781.65,TAKEOFF
1.765,-2.855e-16,0,5.3419,-1.0622e-16,0,1.4779,1.4779,0,5.2862e-16,0,99.603,783.3,TAKEOFF
1.7675,-2.8577e-16,0,5.3455,-1.0607e-16,0,1.4697,1.4697,0,5.0627e-16,0,99.603,784.85,TAKEOFF
1.77,-2.8603e-16,0,5.3492,-1.0592e-16,0,1.4615,1.4615,0,4.8401e-16,0,99.603,786.31,TAKEOFF
1.7725,-2.8629e-16,0,5.3528,-1.0578e-16,0,1.4534,1.4534,0,4.6192e-16,0,99.602,788.06,TAKEOFF
1.775,-2.8656e-16,0,5.3564,-1.0565e-16,0,1.4453,1.4453,0,4.401e-16,0,99.602,789.71,TAKEOFF
1.7775,-2.8682e-16,0,5.36,-1.0552e-16,0,1.4372,1.4372,0,4.1845e-16,0,99.602,791.26,TAKEOFF
1.78,-2.8709e-16,0,5.3636,-1.0539e-16,0,1.4292,1.4292,0,3.9697e-16,0,99.602,792.71,TAKEOFF
1.7825,-2.8735e-16,0,5.3671,-1.0528e-16,0,1.4212,1.4212,0,3.7567e-16,0,99.601,794.46,TAKEOFF
1.785,-2.8761e-16,0,5.3707,-1.0516e-16,0,1.4132,1.4132,0,3.5455e-16,0,99.601,796.1,TAKEOFF
1.7875,-2.8787e-16,0,5.3742,-1.0506e-16,0,1.4053,1.4053,0,3.336e-16,0,99.601,797.65,TAKEOFF
1.79,-2.8814e-16,0,5.3777,-1.0496e-16,0,1.3974,1.3974,0,3.1265e-16,0,99.601,799.1,TAKEOFF
1.7925,-2.884e-16,0,5.3812,-1.0487e-16,0,1.3895,1.3895,0,2.918e-16,0,99.6,800.84,TAKEOFF
1.795,-2.8866e-16,0,5.3846,-1.0478e-16,0,1.3817,1.3817,0,2.712e-16,0,99.6,802.48,TAKEOFF
1.7975,-2.8892e-16,0,5.388,-1.047e-16,0,1.3739,1.3739,0,2.5087e-16,0,99.6,804.02,TAKEOFF
1.8,-2.8918e-16,0,5.3915,-1.0462e-16,0,1.3661,1.3661,0,2.307e-16,0,99.6,805.47,TAKEOFF
1.8025,-2.8945e-16,0,5.3949,-1.0455e-16,0,1.3584,1.3584,0,2.1063e-16,0,99.599,807.2,TAKEOFF
1.805,-2.8971e-16,0,5.3982,-1.0449e-16,0,1.3507,1.3507,0,1.9082e-16,0,99.599,808.83,TAKEOFF
1.8075,-2.8997e-16,0,5.4016,-1.0443e-16,0,1.343,1.343,0,1.7118e-16,0,99.599,810.37,TAKEOFF
1.81,-2.9023e-16,0,5.4049,-1.0438e-16,0,1.3354,1.3354,0,1.5181e-16,0,99.599,811.81,TAKEOFF
1.8125,-2.9049e-16,0,5.4083,-1.0433e-16,0,1.3278,1.3278,0,1.3252e-16,0,99.598,813.54,TAKEOFF
1.815,-2.9075e-16,0,5.4116,-1.0429e-16,0,1.3202,1.3202,0,1.1332e-16,0,99.598,815.16,TAKEOFF
1.8175,-2.9101e-16,0,5.4148,-1.0425e-16,0,1.3127,1.3127,0,9.4294e-17,0,99.598,816.69,TAKEOFF
1.82,-2.9127e-16,0,5.4181,-1.0422e-16,0,1.3052,1.3052,0,7.5529e-17,0,99.598,818.12,TAKEOFF
1.8225,-2.9153e-16,0,5.4213,-1.042e-16,0,1.2977,1.2977,0,5.7023e-17,0,99.597,819.84,TAKEOFF
1.825,-2.9179e-16,0,5.4246,-1.0418e-16,0,1.2903,1.2903,0,3.8692e-17,0,99.597,821.45,TAKEOFF
1.8275,-2.9205e-16,0,5.4278,-1.0416e-16,0,1.2829,1.2829,0,2.0534e-17,0,99.597,822.97,TAKEOFF
1.83,-2.9231e-16,0,5.431,-1.0415e-16,0,1.2755,1.2755,0,2.466e-18,0,99.596,824.4,TAKEOFF
1.8325,-2.9257e-16,0,5.4341,-1.0415e-16,0,1.2682,1.2682,0,-1.5428e-17,0,99.596,826.11,TAKEOFF
1.835,-2.9283e-16,0,5.4373,-1.0415e-16,0,1.2609,1.2609,0,-3.3233e-17,0,99.596,827.71,TAKEOFF
1.8375,-2.9309e-16,0,5.4404,-1.0416e-16,0,1.2536,1.2536,0,-5.1033e-17,0,99.596,829.22,TAKEOFF
1.84,-2.9336e-16,0,5.4435,-1.0417e-16,0,1.2464,1.2464,0,-6.8574e-17,0,99.595,830.64,TAKEOFF
1.8425,-2.9362e-16,0,5.4466,-1.0419e-16,0,1.2392,1.2392,0,-8.5941e-17,0,99.595,832.34,TAKEOFF
1.845,-2.9388e-16,0,5.4497,-1.0422e-16,0,1.232,1.232,0,-1.0313e-16,0,99.595,833.94,TAKEOFF
1.8475,-2.9414e-16,0,5.4528,-1.0425e-16,0,1.2249,1.2249,0,-1.2032e-16,0,99.595,835.44,TAKEOFF
1.85,-2.944e-16,0,5.4558,-1.0428e-16,0,1.2178,1.2178,0,-1.3742e-16,0,99.594,836.85,TAKEOFF
1.8525,-2.9466e-16,0,5.4588,-1.0432e-16,0,1.2107,1.2107,0,-1.5426e-16,0,99.594,838.53,TAKEOFF
1.855,-2.9492e-16,0,5.4619,-1.0437e-16,0,1.2037,1.2037,0,-1.7093e-16,0,99.594,840.12,TAKEOFF
1.8575,-2.9518e-16,0,5.4648,-1.0442e-16,0,1.1967,1.1967,0,-1.8734e-16,0,99.593,841.61,TAKEOFF
1.86,-2.9544e-16,0,5.4678,-1.0447e-16,0,1.1897,1.1897,0,-2.0366e-16,0,99.593,843.01,TAKEOFF
1.8625,-2.957e-16,0,5.4708,-1.0453e-16,0,1.1827,1.1827,0,-2.1981e-16,0,99.593,844.68,TAKEOFF
1.865,-2.9596e-16,0,5.4737,-1.046e-16,0,1.1758,1.1758,0,-2.3544e-16,0,99.593,846.26,TAKEOFF
1.8675,-2.9623e-16,0,5.4766,-1.0467e-16,0,1.1689,1.1689,0,-2.5073e-16,0,99.592,847.73,TAKEOFF
1.87,-2.9649e-16,0,5.4795,-1.0474e-16,0,1.1621,1.1621,0,-2.6559e-16,0,99.592,849.12,TAKEOFF
1.8725,-2.9675e-16,0,5.4824,-1.0482e-16,0,1.1553,1.1553,0,-2.8003e-16,0,99.592,850.79,TAKEOFF
1.875,-2.9701e-16,0,5.4853,-1.0491e-16,0,1.1485,1.1485,0,-2.9403e-16,0,99.592,852.35,TAKEOFF
1.8775,-2.9727e-16,0,5.4882,-1.05e-16,0,1.1418,1.1418,0,-3.0753e-16,0,99.591,853.81,TAKEOFF
1.88,-2.9754e-16,0,5.491,-1.0509e-16,0,1.135,1.135,0,-3.2068e-16,0,99.591,855.19,TAKEOFF
1.8825,-2.978e-16,0,5.4938,-1.0519e-16,0,1.1283,1.1283,0,-3.3349e-16,0,99.591,856.84,TAKEOFF
1.885,-2.9806e-16,0,5.4966,-1.0529e-16,0,1.1217,1.1217,0,-3.4579e-16,0,99.59,858.39,TAKEOFF
1.8875,-2.9833e-16,0,5.4994,-1.054e-16,0,1.1151,1.1151,0,-3.5757e-16,0,99.59,859.84,TAKEOFF
1.89,-2.9859e-16,0,5.5022,-1.0551e-16,0,1.1085,1.1085,0,-3.6918e-16,0,99.59,861.21,TAKEOFF
1.8925,-2.9885e-16,0,5.5049,-1.0562e-16,0,1.1013,1.1013,0,-3.8062e-16,0,99.59,834.47,FLYING
1.895,-2.9912e-16,0,5.5077,-1.0573e-16,0,1.0936,1.0936,0,-3.9164e-16,0,99.589,809.35,FLYING
1.8975,-2.9938e-16,0,5.5104,-1.0584e-16,0,1.0855,1.0855,0,-4.0231e-16,0,99.589,785.76,FLYING
1.9,-2.9965e-16,0,5.5131,-1.0595e-16,0,1.0768,1.0768,0,-4.1264e-16,0,99.589,763.59,FLYING
1.9025,-2.9991e-16,0,5.5157,-1.0606e-16,0,1.0678,1.0678,0,-4.2262e-16,0,99.589,744.02,FLYING
1.905,-3.0018e-16,0,5.5184,-1.0617e-16,0,1.0584,1.0584,0,-4.3235e-16,0,99.588,725.65,FLYING
1.9075,-3.0044e-16,0,5.521,-1.0628e-16,0,1.0486,1.0486,0,-4.4174e-16,0,99.588,708.38,FLYING
1.91,-3.0071e-16,0,5.5236,-1.0639e-16,0,1.0385,1.0385,0,-4.507e-16,0,99.588,692.16,FLYING
1.9125,-3.0098e-16,0,5.5262,-1.0649e-16,0,1.0281,1.0281,0,-4.5924e-16,0,99.588,678.74,FLYING
1.915,-3.0124e-16,0,5.5287,-1.066e-16,0,1.0174,1.0174,0,-4.6718e-16,0,99.588,666.14,FLYING
1.9175,-3.0151e-16,0,5.5312,-1.0671e-16,0,1.0065,1.0065,0,-4.7452e-16,0,99.587,654.3,FLYING
1.92,-3.0178e-16,0,5.5337,-1.0682e-16,0,0.99541,0.99541,0,-4.8127e-16,0,99.587,643.18,FLYING
1.9225,-3.0204e-16,0,5.5362,-1.0693e-16,0,0.9841,0.9841,0,-4.8743e-16,0,99.587,634.5,FLYING
1.925,-3.0231e-16,0,5.5386,-1.0704e-16,0,0.97261,0.97261,0,-4.9298e-16,0,99.587,626.35,FLYING
1.9275,-3.0258e-16,0,5.541,-1.0715e-16,0,0.96097,0.96097,0,-4.9803e-16,0,99.587,618.69,FLYING
1.93,-3.0285e-16,0,5.5434,-1.0726e-16,0,0.94918,0.94918,0,-5.0265e-16,0,99.586,611.49,FLYING
1.9325,-3.0312e-16,0,5.5457,-1.0737e-16,0,0.93728,0.93728,0,-5.0685e-16,0,99.586,606.44,FLYING
1.935,-3.0339e-16,0,5.548,-1.0748e-16,0,0.92528,0.92528,0,-5.1045e-16,0,99.586,601.69,FLYING
1.9375,-3.0365e-16,0,5.5503,-1.0759e-16,0,0.9132,0.9132,0,-5.1346e-16,0,99.586,597.23,FLYING
1.94,-3.0392e-16,0,5.5526,-1.077e-16,0,0.90102,0.90102,0,-5.1588e-16,0,99.586,593.05,FLYING
1.9425,-3.0419e-16,0,5.5548,-1.0781e-16,0,0.8888,0.8888,0,-5.1761e-16,0,99.586,590.76,FLYING
1.945,-3.0446e-16,0,5.557,-1.0791e-16,0,0.87653,0.87653,0,-5.1884e-16,0,99.585,588.61,FLYING
1.9475,-3.0473e-16,0,5.5592,-1.0802e-16,0,0.86422,0.86422,0,-5.1947e-16,0,99.585,586.59,FLYING
1.95,-3.05e-16,0,5.5613,-1.0813e-16,0,0.85187,0.85187,0,-5.1959e-16,0,99.585,584.7,FLYING
1.9525,-3.0527e-16,0,5.5634,-1.0824e-16,0,0.83952,0.83952,0,-5.1929e-16,0,99.585,584.51,FLYING
1.955,-3.0554e-16,0,5.5655,-1.0835e-16,0,0.82717,0.82717,0,-5.1839e-16,0,99.585,584.33,FLYING
1.9575,-3.0582e-16,0,5.5675,-1.0846e-16,0,0.81481,0.81481,0,-5.1699e-16,0,99.585,584.17,FLYING
1.96,-3.0609e-16,0,5.5695,-1.0857e-16,0,0.80245,0.80245,0,-5.1499e-16,0,99.585,584.01,FLYING
1.9625,-3.0636e-16,0,5.5715,-1.0868e-16,0,0.79012,0.79012,0,-5.1248e-16,0,99.584,585.4,FLYING
1.965,-3.0663e-16,0,5.5734,-1.0878e-16,0,0.77781,0.77781,0,-5.0947e-16,0,99.584,586.7,FLYING
1.9675,-3.069e-16,0,5.5753,-1.0889e-16,0,0.76553,0.76553,0,-5.0595e-16,0,99.584,587.93,FLYING
1.97,-3.0718e-16,0,5.5772,-1.09e-16,0,0.75328,0.75328,0,-5.0191e-16,0,99.584,589.08,FLYING
1.9725,-3.0745e-16,0,5.5791,-1.091e-16,0,0.74108,0.74108,0,-4.9721e-16,0,99.584,591.65,FLYING
1.975,-3.0772e-16,0,5.5809,-1.0921e-16,0,0.72893,0.72893,0,-4.9191e-16,0,99.584,594.06,FLYING
1.9775,-3.0799e-16,0,5.5827,-1.0932e-16,0,0.71683,0.71683,0,-4.8618e-16,0,99.583,596.33,FLYING
1.98,-3.0827e-16,0,5.5844,-1.0942e-16,0,0.70477,0.70477,0,-4.7995e-16,0,99.583,598.45,FLYING
1.9825,-3.0854e-16,0,5.5862,-1.0952e-16,0,0.69279,0.69279,0,-4.7313e-16,0,99.583,601.88,FLYING
1.985,-3.0882e-16,0,5.5879,-1.0963e-16,0,0.68087,0.68087,0,-4.6588e-16,0,99.583,605.11,FLYING
1.9875,-3.0909e-16,0,5.5896,-1.0973e-16,0,0.66901,0.66901,0,-4.583e-16,0,99.583,608.14,FLYING
1.99,-3.0937e-16,0,5.5912,-1.0983e-16,0,0.65722,0.65722,0,-4.5047e-16,0,99.583,610.98,FLYING
1.9925,-3.0964e-16,0,5.5928,-1.0993e-16,0,0.64551,0.64551,0,-4.4229e-16,0,99.582,615.04,FLYING
1.995,-3.0992e-16,0,5.5944,-1.1003e-16,0,0.63388,0.63388,0,-4.3387e-16,0,99.582,618.85,FLYING
1.9975,-3.1019e-16,0,5.5959,-1.1012e-16,0,0.62232,0.62232,0,-4.2519e-16,0,99.582,622.43,FLYING
2,-3.1047e-16,0,5.5975,-1.1022e-16,0,0.61083,0.61083,0,-4.1618e-16,0,99.582,625.8,FLYING
2.0025,-3.1074e-16,0,5.599,-1.1031e-16,0,0.59944,0.59944,0,-4.0674e-16,0,99.582,630.29,FLYING
2.005,-3.1102e-16,0,5.6004,-1.1041e-16,0,0.58814,0.58814,0,-3.9697e-16,0,99.581,634.52,FLYING
2.0075,-3.1129e-16,0,5.6019,-1.105e-16,0,0.57692,0.57692,0,-3.8686e-16,0,99.581,638.48,FLYING
2.01,-3.1157e-16,0,5.6033,-1.1059e-16,0,0.56578,0.56578,0,-3.7641e-16,0,99.581,642.21,FLYING
2.0125,-3.1185e-16,0,5.6047,-1.1067e-16,0,0.55473,0.55473,0,-3.6563e-16,0,99.581,647,FLYING
2.015,-3.1212e-16,0,5.606,-1.1076e-16,0,0.54378,0.54378,0,-3.5459e-16,0,99.581,651.51,FLYING
2.0175,-3.124e-16,0,5.6074,-1.1084e-16,0,0.53292,0.53292,0,-3.4313e-16,0,99.581,655.73,FLYING
2.02,-3.1268e-16,0,5.6087,-1.1092e-16,0,0.52215,0.52215,0,-3.3143e-16,0,99.58,659.71,FLYING
2.0225,-3.1296e-16,0,5.61,-1.11e-16,0,0.51147,0.51147,0,-3.1938e-16,0,99.58,664.69,FLYING
2.025,-3.1323e-16,0,5.6112,-1.1108e-16,0,0.5009,0.5009,0,-3.0692e-16,0,99.58,669.36,FLYING
2.0275,-3.1351e-16,0,5.6124,-1.1116e-16,0,0.49041,0.49041,0,-2.9412e-16,0,99.58,673.76,FLYING
2.03,-3.1379e-16,0,5.6136,-1.1123e-16,0,0.48002,0.48002,0,-2.8098e-16,0,99.58,677.88,FLYING
2.0325,-3.1407e-16,0,5.6148,-1.113e-16,0,0.46972,0.46972,0,-2.6759e-16,0,99.579,682.96,FLYING
2.035,-3.1435e-16,0,5.616,-1.1136e-16,0,0.45953,0.45953,0,-2.5395e-16,0,99.579,687.73,FLYING
2.0375,-3.1462e-16,0,5.6171,-1.1142e-16,0,0.44943,0.44943,0,-2.3997e-16,0,99.579,692.22,FLYING
2.04,-3.149e-16,0,5.6182,-1.1148e-16,0,0.43942,0.43942,0,-2.2575e-16,0,99.579,696.43,FLYING
2.0425,-3.1518e-16,0,5.6193,-1.1154e-16,0,0.42952,0.42952,0,-2.111e-16,0,99.579,701.55,FLYING
2.045,-3.1546e-16,0,5.6203,-1.1159e-16,0,0.41971,0.41971,0,-1.9603e-16,0,99.578,706.35,FLYING
2.0475,-3.1574e-16,0,5.6213,-1.1164e-16,0,0.41,0.41,0,-1.8071e-16,0,99.578,710.87,FLYING
2.05,-3.1602e-16,0,5.6223,-1.1169e-16,0,0.40038,0.40038,0,-1.6515e-16,0,99.578,715.11,FLYING
2.0525,-3.163e-16,0,5.6233,-1.1173e-16,0,0.39087,0.39087,0,-1.495e-16,0,99.578,720.22,FLYING
2.055,-3.1658e-16,0,5.6243,-1.1177e-16,0,0.38145,0.38145,0,-1.3376e-16,0,99.577,725.01,FLYING
2.0575,-3.1686e-16,0,5.6252,-1.1181e-16,0,0.37213,0.37213,0,-1.1787e-16,0,99.577,729.52,FLYING
2.06,-3.1714e-16,0,5.6261,-1.1184e-16,0,0.3629,0.3629,0,-1.0181e-16,0,99.577,733.75,FLYING
2.0625,-3.1742e-16,0,5.627,-1.1186e-16,0,0.35377,0.35377,0,-8.5578e-17,0,99.577,738.81,FLYING
2.065,-3.177e-16,0,5.6279,-1.1189e-16,0,0.34474,0.34474,0,-6.91e-17,0,99.577,743.56,FLYING
2.0675,-3.1798e-16,0,5.6287,-1.119e-16,0,0.33581,0.33581,0,-5.2626e-17,0,99.576,748.02,FLYING
2.07,-3.1826e-16,0,5.6295,-1.1192e-16,0,0.32696,0.32696,0,-3.6072e-17,0,99.576,752.21,FLYING
2.0725,-3.1854e-16,0,5.6303,-1.1193e-16,0,0.31822,0.31822,0,-1.9352e-17,0,99.576,757.19,FLYING
2.075,-3.1882e-16,0,5.6311,-1.1193e-16,0,0.30957,0.30957,0,-2.3813e-18,0,99.576,761.87,FLYING
2.0775,-3.191e-16,0,5.6318,-1.1193e-16,0,0.30102,0.30102,0,1.4754e-17,0,99.575,766.27,FLYING
2.08,-3.1938e-16,0,5.6326,-1.1193e-16,0,0.29255,0.29255,0,3.2056e-17,0,99.575,770.4,FLYING
2.0825,-3.1966e-16,0,5.6333,-1.1192e-16,0,0.28418,0.28418,0,4.9352e-17,0,99.575,775.28,FLYING
2.085,-3.1994e-16,0,5.634,-1.119e-16,0,0.27591,0.27591,0,6.6899e-17,0,99.575,779.87,FLYING
2.0875,-3.2022e-16,0,5.6346,-1.1188e-16,0,0.26773,0.26773,0,8.4527e-17,0,99.574,784.18,FLYING
2.09,-3.2049e-16,0,5.6353,-1.1186e-16,0,0.25963,0.25963,0,1.0223e-16,0,99.574,788.23,FLYING
2.0925,-3.2077e-16,0,5.6359,-1.1183e-16,0,0.25164,0.25164,0,1.2002e-16,0,99.574,793,FLYING
2.095,-3.2105e-16,0,5.6365,-1.1179e-16,0,0.24373,0.24373,0,1.3789e-16,0,99.574,797.49,FLYING
2.0975,-3.2133e-16,0,5.6371,-1.1175e-16,0,0.23592,0.23592,0,1.5576e-16,0,99.573,801.7,FLYING
2.1,-3.2161e-16,0,5.6377,-1.1171e-16,0,0.22819,0.22819,0,1.7353e-16,0,99.573,805.66,FLYING
2.1025,-3.2189e-16,0,5.6382,-1.1166e-16,0,0.22055,0.22055,0,1.9138e-16,0,99.573,810.31,FLYING
2.105,-3.2217e-16,0,5.6388,-1.116e-16,0,0.213,0.213,0,2.0915e-16,0,99.573,814.68,FLYING
2.1075,-3.2245e-16,0,5.6393,-1.1154e-16,0,0.20555,0.20555,0,2.27e-16,0,99.572,818.78,FLYING
2.11,-3.2273e-16,0,5.6398,-1.1147e-16,0,0.19817,0.19817,0,2.4475e-16,0,99.572,822.64,FLYING
2.1125,-3.2301e-16,0,5.6402,-1.1139e-16,0,0.19088,0.19088,0,2.6251e-16,0,99.572,827.16,FLYING
2.115,-3.2328e-16,0,5.6407,-1.1131e-16,0,0.18369,0.18369,0,2.8017e-16,0,99.572,831.41,FLYING
2.1175,-3.2356e-16,0,5.6411,-1.1123e-16,0,0.17657,0.17657,0,2.9791e-16,0,99.571,835.41,FLYING
2.12,-3.2384e-16,0,5.6416,-1.1114e-16,0,0.16954,0.16954,0,3.1565e-16,0,99.571,839.16,FLYING
2.1225,-3.2412e-16,0,5.642,-1.1104e-16,0,0.16259,0.16259,0,3.3339e-16,0,99.571,843.55,FLYING
2.125,-3.244e-16,0,5.6424,-1.1094e-16,0,0.15574,0.15574,0,3.5103e-16,0,99.57,847.67,FLYING
2.1275,-3.2467e-16,0,5.6427,-1.1083e-16,0,0.14896,0.14896,0,3.6867e-16,0,99.57,851.55,FLYING
2.13,-3.2495e-16,0,5.6431,-1.1071e-16,0,0.14226,0.14226,0,3.8631e-16,0,99.57,855.19,FLYING
2.1325,-3.2523e-16,0,5.6434,-1.1059e-16,0,0.13565,0.13565,0,4.0394e-16,0,99.57,859.44,FLYING
2.135,-3.255e-16,0,5.6438,-1.1047e-16,0,0.12912,0.12912,0,4.2123e-16,0,99.569,863.44,FLYING
2.1375,-3.2578e-16,0,5.6441,-1.1033e-16,0,0.12267,0.12267,0,4.3835e-16,0,99.569,867.2,FLYING
2.14,-3.2605e-16,0,5.6444,-1.1019e-16,0,0.11629,0.11629,0,4.5529e-16,0,99.569,870.73,FLYING
2.1425,-3.2633e-16,0,5.6446,-1.1005e-16,0,0.11,0.11,0,4.7188e-16,0,99.568,874.85,FLYING
2.145,-3.266e-16,0,5.6449,-1.099e-16,0,0.10379,0.10379,0,4.8831e-16,0,99.568,878.72,FLYING
2.1475,-3.2688e-16,0,5.6451,-1.0974e-16,0,0.097658,0.097658,0,5.0456e-16,0,99.568,882.35,FLYING
2.15,-3.2715e-16,0,5.6454,-1.0958e-16,0,0.091594,0.091594,0,5.2046e-16,0,99.568,885.77,FLYING
2.1525,-3.2743e-16,0,5.6456,-1.0941e-16,0,0.085614,0.085614,0,5.3603e-16,0,99.567,889.75,FLYING
2.155,-3.277e-16,0,5.6458,-1.0924e-16,0,0.079712,0.079712,0,5.5125e-16,0,99.567,893.49,FLYING
2.1575,-3.2797e-16,0,5.646,-1.0906e-16,0,0.073883,0.073883,0,5.6612e-16,0,99.567,897.01,FLYING
2.16,-3.2824e-16,0,5.6461,-1.0887e-16,0,0.068122,0.068122,0,5.8049e-16,0,99.566,900.31,FLYING
2.1625,-3.2851e-16,0,5.6463,-1.0868e-16,0,0.062442,0.062442,0,5.9451e-16,0,99.566,904.16,FLYING
2.165,-3.2879e-16,0,5.6464,-1.0848e-16,0,0.056838,0.056838,0,6.0802e-16,0,99.566,907.78,FLYING
2.1675,-3.2906e-16,0,5.6466,-1.0828e-16,0,0.051304,0.051304,0,6.2136e-16,0,99.565,911.17,FLYING
2.17,-3.2933e-16,0,5.6467,-1.0807e-16,0,0.045836,0.045836,0,6.3452e-16,0,99.565,914.36,FLYING
2.1725,-3.296e-16,0,5.6468,-1.0786e-16,0,0.040446,0.040446,0,6.4751e-16,0,99.565,918.08,FLYING
2.175,-3.2987e-16,0,5.6469,-1.0765e-16,0,0.035129,0.035129,0,6.6016e-16,0,99.564,921.57,FLYING
2.1775,-3.3013e-16,0,5.6469,-1.0742e-16,0,0.02988,0.02988,0,6.7263e-16,0,99.564,924.85,FLYING
2.18,-3.304e-16,0,5.647,-1.072e-16,0,0.024695,0.024695,0,6.8493e-16,0,99.564,927.93,FLYING
2.1825,-3.3067e-16,0,5.647,-1.0696e-16,0,0.019585,0.019585,0,6.9706e-16,0,99.563,931.51,FLYING
2.185,-3.3094e-16,0,5.6471,-1.0673e-16,0,0.014545,0.014545,0,7.0885e-16,0,99.563,934.88,FLYING
2.1875,-3.312e-16,0,5.6471,-1.0649e-16,0,0.0095709,0.0095709,0,7.2047e-16,0,99.563,938.04,FLYING
2.19,-3.3147e-16,0,5.6471,-1.0624e-16,0,0.0046587,0.0046587,0,7.3174e-16,0,99.563,941.01,FLYING
2.1925,-3.3173e-16,0,5.6471,-1.0599e-16,0,-0.00018147,0.00018147,0,7.4267e-16,0,99.562,944.47,FLYING
2.195,-3.32e-16,0,5.6471,-1.0573e-16,0,-0.004954,0.004954,0,7.5326e-16,0,99.562,947.72,FLYING
2.1975,-3.3226e-16,0,5.6471,-1.0547e-16,0,-0.009663,0.009663,0,7.635e-16,0,99.562,950.77,FLYING
2.2,-3.3252e-16,0,5.647,-1.0521e-16,0,-0.014312,0.014312,0,7.7358e-16,0,99.561,953.63,FLYING
2.2025,-3.3279e-16,0,5.647,-1.0494e-16,0,-0.018892,0.018892,0,7.8348e-16,0,99.561,956.96,FLYING
2.205,-3.3305e-16,0,5.6469,-1.0466e-16,0,-0.023407,0.023407,0,7.9287e-16,0,99.561,960.09,FLYING
2.2075,-3.3331e-16,0,5.6469,-1.0439e-16,0,-0.02786,0.02786,0,8.0209e-16,0,99.56,963.03,FLYING
2.21,-3.3357e-16,0,5.6468,-1.041e-16,0,-0.032256,0.032256,0,8.1114e-16,0,99.56,965.79,FLYING
2.2125,-3.3383e-16,0,5.6467,-1.0382e-16,0,-0.036586,0.036586,0,8.2001e-16,0,99.56,969,FLYING
2.215,-3.3409e-16,0,5.6466,-1.0353e-16,0,-0.040852,0.040852,0,8.2871e-16,0,99.559,972.01,FLYING
2.2175,-3.3435e-16,0,5.6465,-1.0323e-16,0,-0.045059,0.045059,0,8.3708e-16,0,99.559,974.84,FLYING
2.22,-3.346e-16,0,5.6464,-1.0294e-16,0,-0.049211,0.049211,0,8.4527e-16,0,99.558,977.5,FLYING
2.2225,-3.3486e-16,0,5.6462,-1.0264e-16,0,-0.053299,0.053299,0,8.5311e-16,0,99.558,980.59,FLYING
2.225,-3.3512e-16,0,5.6461,-1.0233e-16,0,-0.057326,0.057326,0,8.6062e-16,0,99.558,983.49,FLYING
2.2275,-3.3537e-16,0,5.6459,-1.0202e-16,0,-0.061296,0.061296,0,8.6779e-16,0,99.557,986.22,FLYING
2.23,-3.3563e-16,0,5.6458,-1.0171e-16,0,-0.065214,0.065214,0,8.7461e-16,0,99.557,988.78,FLYING
2.2325,-3.3588e-16,0,5.6456,-1.0139e-16,0,-0.069069,0.069069,0,8.8127e-16,0,99.557,991.75,FLYING
2.235,-3.3613e-16,0,5.6454,-1.0108e-16,0,-0.072866,0.072866,0,8.8758e-16,0,99.556,994.54,FLYING
2.2375,-3.3638e-16,0,5.6452,-1.0075e-16,0,-0.076608,0.076608,0,8.9355e-16,0,99.556,997.16,FLYING
2.24,-3.3663e-16,0,5.645,-1.0043e-16,0,-0.080299,0.080299,0,8.9918e-16,0,99.556,999.63,FLYING
2.2425,-3.3688e-16,0,5.6448,-1.001e-16,0,-0.08393,0.08393,0,9.0464e-16,0,99.555,1002.5,FLYING
2.245,-3.3713e-16,0,5.6446,-9.977e-17,0,-0.087506,0.087506,0,9.0976e-16,0,99.555,1005.2,FLYING
2.2475,-3.3738e-16,0,5.6444,-9.9436e-17,0,-0.091029,0.091029,0,9.1454e-16,0,99.555,1007.7,FLYING
2.25,-3.3763e-16,0,5.6441,-9.91e-17,0,-0.094502,0.094502,0,9.1915e-16,0,99.554,1010.1,FLYING
2.2525,-3.3788e-16,0,5.6439,-9.8762e-17,0,-0.097919,0.097919,0,9.2342e-16,0,99.554,1012.8,FLYING
2.255,-3.3812e-16,0,5.6436,-9.8421e-17,0,-0.10128,0.10128,0,9.2735e-16,0,99.553,1015.4,FLYING
2.2575,-3.3837e-16,0,5.6434,-9.8077e-17,0,-0.10459,0.10459,0,9.3094e-16,0,99.553,1017.8,FLYING
2.26,-3.3861e-16,0,5.6431,-9.7732e-17,0,-0.10786,0.10786,0,9.3418e-16,0,99.553,1020.1,FLYING
2.2625,-3.3886e-16,0,5.6428,-9.7384e-17,0,-0.11107,0.11107,0,9.3692e-16,0,99.552,1022.7,FLYING
2.265,-3.391e-16,0,5.6425,-9.7035e-17,0,-0.11422,0.11422,0,9.3932e-16,0,99.552,1025.2,FLYING
2.2675,-3.3934e-16,0,5.6422,-9.6684e-17,0,-0.11733,0.11733,0,9.4138e-16,0,99.552,1027.6,FLYING
2.27,-3.3958e-16,0,5.6419,-9.6331e-17,0,-0.1204,0.1204,0,9.4309e-16,0,99.551,1029.7,FLYING
2.2725,-3.3982e-16,0,5.6416,-9.5977e-17,0,-0.12341,0.12341,0,9.4447e-16,0,99.551,1032.3,FLYING
2.275,-3.4006e-16,0,5.6413,-9.5621e-17,0,-0.12637,0.12637,0,9.4551e-16,0,99.551,1034.7,FLYING
2.2775,-3.403e-16,0,5.641,-9.5265e-17,0,-0.12928,0.12928,0,9.4621e-16,0,99.55,1036.9,FLYING
2.28,-3.4054e-16,0,5.6407,-9.4907e-17,0,-0.13215,0.13215,0,9.4657e-16,0,99.55,1039,FLYING
2.2825,-3.4077e-16,0,5.6403,-9.4548e-17,0,-0.13497,0.13497,0,9.4659e-16,0,99.549,1041.4,FLYING
2.285,-3.4101e-16,0,5.64,-9.4189e-17,0,-0.13774,0.13774,0,9.4627e-16,0,99.549,1043.7,FLYING
2.2875,-3.4124e-16,0,5.6396,-9.3829e-17,0,-0.14047,0.14047,0,9.4561e-16,0,99.549,1045.9,FLYING
2.29,-3.4148e-16,0,5.6393,-9.3468e-17,0,-0.14316,0.14316,0,9.4462e-16,0,99.548,1047.9,FLYING
2.2925,-3.4171e-16,0,5.6389,-9.3107e-17,0,-0.14579,0.14579,0,9.4328e-16,0,99.548,1050.2,FLYING
2.295,-3.4194e-16,0,5.6385,-9.2746e-17,0,-0.14838,0.14838,0,9.416e-16,0,99.547,1052.4,FLYING
2.2975,-3.4217e-16,0,5.6382,-9.2385e-17,0,-0.15093,0.15093,0,9.3959e-16,0,99.547,1054.5,FLYING
2.3,-3.424e-16,0,5.6378,-9.2024e-17,0,-0.15344,0.15344,0,9.3724e-16,0,99.547,1056.5,FLYING
2.3025,-3.4263e-16,0,5.6374,-9.1663e-17,0,-0.1559,0.1559,0,9.3455e-16,0,99.546,1058.7,FLYING
2.305,-3.4286e-16,0,5.637,-9.1302e-17,0,-0.15831,0.15831,0,9.3152e-16,0,99.546,1060.8,FLYING
2.3075,-3.4309e-16,0,5.6366,-9.0942e-17,0,-0.16069,0.16069,0,9.2815e-16,0,99.546,1062.8,FLYING
2.31,-3.4331e-16,0,5.6362,-9.0582e-17,0,-0.16302,0.16302,0,9.2444e-16,0,99.545,1064.6,FLYING
2.3125,-3.4354e-16,0,5.6358,-9.0223e-17,0,-0.16531,0.16531,0,9.204e-16,0,99.545,1066.8,FLYING
2.315,-3.4376e-16,0,5.6354,-8.9865e-17,0,-0.16756,0.16756,0,9.1601e-16,0,99.544,1068.8,FLYING
2.3175,-3.4399e-16,0,5.6349,-8.9508e-17,0,-0.16977,0.16977,0,9.1129e-16,0,99.544,1070.7,FLYING
2.32,-3.4421e-16,0,5.6345,-8.9153e-17,0,-0.17195,0.17195,0,9.0623e-16,0,99.544,1072.5,FLYING
2.3225,-3.4443e-16,0,5.6341,-8.8798e-17,0,-0.17407,0.17407,0,9.0083e-16,0,99.543,1074.6,FLYING
2.325,-3.4465e-16,0,5.6336,-8.8446e-17,0,-0.17616,0.17616,0,8.951e-16,0,99.543,1076.5,FLYING
2.3275,-3.4487e-16,0,5.6332,-8.8094e-17,0,-0.17821,0.17821,0,8.8902e-16,0,99.542,1078.3,FLYING
2.33,-3.4509e-16,0,5.6327,-8.7745e-17,0,-0.18023,0.18023,0,8.8261e-16,0,99.542,1080.1,FLYING
2.3325,-3.4531e-16,0,5.6323,-8.7397e-17,0,-0.1822,0.1822,0,8.7586e-16,0,99.542,1082,FLYING
2.335,-3.4553e-16,0,5.6318,-8.7052e-17,0,-0.18414,0.18414,0,8.6878e-16,0,99.541,1083.9,FLYING
2.3375,-3.4575e-16,0,5.6313,-8.6709e-17,0,-0.18604,0.18604,0,8.6135e-16,0,99.541,1085.6,FLYING
2.34,-3.4596e-16,0,5.6309,-8.6368e-17,0,-0.1879,0.1879,0,8.5359e-16,0,99.54,1087.3,FLYING
2.3425,-3.4618e-16,0,5.6304,-8.603e-17,0,-0.18972,0.18972,0,8.4549e-16,0,99.54,1089.2,FLYING
2.345,-3.4639e-16,0,5.6299,-8.5694e-17,0,-0.19151,0.19151,0,8.3706e-16,0,99.54,1091,FLYING
2.3475,-3.466e-16,0,5.6294,-8.5361e-17,0,-0.19326,0.19326,0,8.2829e-16,0,99.539,1092.6,FLYING
2.35,-3.4682e-16,0,5.6289,-8.5031e-17,0,-0.19498,0.19498,0,8.1918e-16,0,99.539,1094.2,FLYING
2.3525,-3.4703e-16,0,5.6285,-8.4705e-17,0,-0.19667,0.19667,0,8.0973e-16,0,99.538,1096,FLYING
2.355,-3.4724e-16,0,5.628,-8.4381e-17,0,-0.19831,0.19831,0,7.9995e-16,0,99.538,1097.7,FLYING
2.3575,-3.4745e-16,0,5.6275,-8.4061e-17,0,-0.19993,0.19993,0,7.8982e-16,0,99.537,1099.3,FLYING
2.36,-3.4766e-16,0,5.627,-8.3745e-17,0,-0.20151,0.20151,0,7.7937e-16,0,99.537,1100.8,FLYING
2.3625,-3.4787e-16,0,5.6265,-8.3432e-17,0,-0.20305,0.20305,0,7.6857e-16,0,99.537,1102.6,FLYING
2.365,-3.4807e-16,0,5.6259,-8.3123e-17,0,-0.20456,0.20456,0,7.5744e-16,0,99.536,1104.2,FLYING
2.3675,-3.4828e-16,0,5.6254,-8.2818e-17,0,-0.20604,0.20604,0,7.4598e-16,0,99.536,1105.8,FLYING
2.37,-3.4849e-16,0,5.6249,-8.2518e-17,0,-0.20749,0.20749,0,7.3417e-16,0,99.535,1107.2,FLYING
2.3725,-3.4869e-16,0,5.6244,-8.2221e-17,0,-0.20891,0.20891,0,7.2203e-16,0,99.535,1108.9,FLYING
2.375,-3.489e-16,0,5.6239,-8.193e-17,0,-0.21029,0.21029,0,7.0956e-16,0,99.535,1110.4,FLYING
2.3775,-3.491e-16,0,5.6233,-8.1642e-17,0,-0.21164,0.21164,0,6.9674e-16,0,99.534,1111.9,FLYING
2.38,-3.4931e-16,0,5.6228,-8.136e-17,0,-0.21296,0.21296,0,6.836e-16,0,99.534,1113.3,FLYING
2.3825,-3.4951e-16,0,5.6223,-8.1083e-17,0,-0.21425,0.21425,0,6.7011e-16,0,99.533,1114.9,FLYING
2.385,-3.4971e-16,0,5.6217,-8.081e-17,0,-0.21551,0.21551,0,6.5629e-16,0,99.533,1116.4,FLYING
2.3875,-3.4991e-16,0,5.6212,-8.0543e-17,0,-0.21674,0.21674,0,6.4213e-16,0,99.532,1117.8,FLYING
2.39,-3.5011e-16,0,5.6206,-8.0282e-17,0,-0.21794,0.21794,0,6.2764e-16,0,99.532,1119.1,FLYING
2.3925,-3.5031e-16,0,5.6201,-8.0026e-17,0,-0.21911,0.21911,0,6.1282e-16,0,99.532,1120.6,FLYING
2.395,-3.5051e-16,0,5.6195,-7.9775e-17,0,-0.22025,0.22025,0,5.9765e-16,0,99.531,1122,FLYING
2.3975,-3.5071e-16,0,5.619,-7.9531e-17,0,-0.22136,0.22136,0,5.8215e-16,0,99.531,1123.4,FLYING
2.4,-3.5091e-16,0,5.6184,-7.9293e-17,0,-0.22245,0.22245,0,5.6632e-16,0,99.53,1124.6,FLYING
2.4025,-3.5111e-16,0,5.6179,-7.906e-17,0,-0.2235,0.2235,0,5.5015e-16,0,99.53,1126.1,FLYING
2.405,-3.513e-16,0,5.6173,-7.8835e-17,0,-0.22453,0.22453,0,5.3365e-16,0,99.529,1127.5,FLYING
2.4075,-3.515e-16,0,5.6167,-7.8615e-17,0,-0.22553,0.22553,0,5.1681e-16,0,99.529,1128.7,FLYING
2.41,-3.517e-16,0,5.6162,-7.8403e-17,0,-0.22651,0.22651,0,4.9963e-16,0,99.529,1130,FLYING
2.4125,-3.5189e-16,0,5.6156,-7.8197e-17,0,-0.22745,0.22745,0,4.8213e-16,0,99.528,1131.3,FLYING
2.415,-3.5209e-16,0,5.615,-7.7998e-17,0,-0.22837,0.22837,0,4.6428e-16,0,99.528,1132.6,FLYING
2.4175,-3.5228e-16,0,5.6145,-7.7806e-17,0,-0.22927,0.22927,0,4.461e-16,0,99.527,1133.9,FLYING
2.42,-3.5248e-16,0,5.6139,-7.7622e-17,0,-0.23014,0.23014,0,4.2759e-16,0,99.527,1135,FLYING
2.4225,-3.5267e-16,0,5.6133,-7.7445e-17,0,-0.23098,0.23098,0,4.0874e-16,0,99.526,1136.3,FLYING
2.425,-3.5286e-16,0,5.6127,-7.7275e-17,0,-0.23179,0.23179,0,3.8956e-16,0,99.526,1137.6,FLYING
2.4275,-3.5306e-16,0,5.6122,-7.7114e-17,0,-0.23258,0.23258,0,3.7004e-16,0,99.526,1138.8,FLYING
2.43,-3.5325e-16,0,5.6116,-7.696e-17,0,-0.23335,0.23335,0,3.5036e-16,0,99.525,1139.9,FLYING
2.4325,-3.5344e-16,0,5.611,-7.6815e-17,0,-0.23409,0.23409,0,3.3051e-16,0,99.525,1141.1,FLYING
2.435,-3.5363e-16,0,5.6104,-7.6677e-17,0,-0.23481,0.23481,0,3.105e-16,0,99.524,1142.3,FLYING
2.4375,-3.5382e-16,0,5.6098,-7.6548e-17,0,-0.23551,0.23551,0,2.9066e-16,0,99.524,1143.4,FLYING
2.44,-3.5401e-16,0,5.6092,-7.6426e-17,0,-0.23618,0.23618,0,2.7083e-16,0,99.523,1144.5,FLYING
2.4425,-3.542e-16,0,5.6086,-7.6313e-17,0,-0.23683,0.23683,0,2.5151e-16,0,99.523,1145.7,FLYING
2.445,-3.544e-16,0,5.608,-7.6208e-17,0,-0.23745,0.23745,0,2.3237e-16,0,99.523,1146.8,FLYING
2.4475,-3.5459e-16,0,5.6074,-7.6111e-17,0,-0.23805,0.23805,0,2.134e-16,0,99.522,1147.9,FLYING
2.45,-3.5478e-16,0,5.6068,-7.6021e-17,0,-0.23863,0.23863,0,1.9477e-16,0,99.522,1148.9,FLYING
2.4525,-3.5497e-16,0,5.6062,-7.594e-17,0,-0.23919,0.23919,0,1.7632e-16,0,99.521,1150,FLYING
2.455,-3.5516e-16,0,5.6056,-7.5865e-17,0,-0.23972,0.23972,0,1.5839e-16,0,99.521,1151.1,FLYING
2.4575,-3.5534e-16,0,5.605,-7.5799e-17,0,-0.24024,0.24024,0,1.4079e-16,0,99.52,1152.1,FLYING
2.46,-3.5553e-16,0,5.6044,-7.5739e-17,0,-0.24073,0.24073,0,1.2354e-16,0,99.52,1153.1,FLYING
2.4625,-3.5572e-16,0,5.6038,-7.5687e-17,0,-0.2412,0.2412,0,1.0647e-16,0,99.519,1154.2,FLYING
2.465,-3.5591e-16,0,5.6032,-7.5642e-17,0,-0.24165,0.24165,0,8.9733e-17,0,99.519,1155.2,FLYING
2.4675,-3.561e-16,0,5.6026,-7.5604e-17,0,-0.24208,0.24208,0,7.3344e-17,0,99.519,1156.2,FLYING
2.47,-3.5629e-16,0,5.602,-7.5573e-17,0,-0.24249,0.24249,0,5.7299e-17,0,99.518,1157.1,FLYING
2.4725,-3.5648e-16,0,5.6014,-7.5549e-17,0,-0.24288,0.24288,0,4.1427e-17,0,99.518,1158.1,FLYING
2.475,-3.5667e-16,0,5.6008,-7.5531e-17,0,-0.24324,0.24324,0,2.5728e-17,0,99.517,1159.1,FLYING
2.4775,-3.5686e-16,0,5.6002,-7.552e-17,0,-0.24359,0.24359,0,1.0542e-17,0,99.517,1160,FLYING
2.48,-3.5705e-16,0,5.5996,-7.5515e-17,0,-0.24392,0.24392,0,-4.4699e-18,0,99.516,1160.9,FLYING
2.4825,-3.5723e-16,0,5.599,-7.5517e-17,0,-0.24423,0.24423,0,-1.9139e-17,0,99.516,1161.9,FLYING
2.485,-3.5742e-16,0,5.5984,-7.5524e-17,0,-0.24452,0.24452,0,-3.3635e-17,0,99.515,1162.8,FLYING
2.4875,-3.5761e-16,0,5.5978,-7.5538e-17,0,-0.2448,0.2448,0,-4.7958e-17,0,99.515,1163.7,FLYING
2.49,-3.578e-16,0,5.5971,-7.5558e-17,0,-0.24505,0.24505,0,-6.2107e-17,0,99.515,1164.5,FLYING
2.4925,-3.5799e-16,0,5.5965,-7.5584e-17,0,-0.24529,0.24529,0,-7.5914e-17,0,99.514,1165.4,FLYING
2.495,-3.5818e-16,0,5.5959,-7.5616e-17,0,-0.2455,0.2455,0,-8.9378e-17,0,99.514,1166.3,FLYING
2.4975,-3.5837e-16,0,5.5953,-7.5654e-17,0,-0.2457,0.2457,0,-1.0267e-16,0,99.513,1167.1,FLYING
2.5,-3.5856e-16,0,5.5947,-7.5697e-17,0,-0.24589,0.24589,0,-1.1562e-16,0,99.513,1167.9,FLYING
2.5025,-3.5875e-16,0,5.5941,-7.5746e-17,0,-0.24605,0.24605,0,-1.2839e-16,0,99.512,1168.8,FLYING
2.505,-3.5894e-16,0,5.5935,-7.58e-17,0,-0.2462,0.2462,0,-1.4083e-16,0,99.512,1169.7,FLYING
2.5075,-3.5913e-16,0,5.5928,-7.586e-17,0,-0.24633,0.24633,0,-1.5309e-16,0,99.511,1170.4,FLYING
2.51,-3.5932e-16,0,5.5922,-7.5925e-17,0,-0.24645,0.24645,0,-1.65e-16,0,99.511,1171.2,FLYING
2.5125,-3.5951e-16,0,5.5916,-7.5995e-17,0,-0.24655,0.24655,0,-1.7658e-16,0,99.51,1172,FLYING
2.515,-3.597e-16,0,5.591,-7.607e-17,0,-0.24663,0.24663,0,-1.8798e-16,0,99.51,1172.8,FLYING
2.5175,-3.5989e-16,0,5.5904,-7.615e-17,0,-0.24669,0.24669,0,-1.9921e-16,0,99.51,1173.6,FLYING
2.52,-3.6008e-16,0,5.5898,-7.6234e-17,0,-0.24675,0.24675,0,-2.101e-16,0,99.509,1174.3,FLYING
2.5225,-3.6027e-16,0,5.5891,-7.6324e-17,0,-0.24678,0.24678,0,-2.2065e-16,0,99.509,1175.1,FLYING
2.525,-3.6046e-16,0,5.5885,-7.6418e-17,0,-0.2468,0.2468,0,-2.3102e-16,0,99.508,1175.8,FLYING
2.5275,-3.6065e-16,0,5.5879,-7.6516e-17,0,-0.2468,0.2468,0,-2.4106e-16,0,99.508,1176.6,FLYING
2.53,-3.6084e-16,0,5.5873,-7.6619e-17,0,-0.24679,0.24679,0,-2.5075e-16,0,99.507,1177.2,FLYING
2.5325,-3.6103e-16,0,5.5867,-7.6726e-17,0,-0.24677,0.24677,0,-2.6027e-16,0,99.507,1178,FLYING
2.535,-3.6123e-16,0,5.5861,-7.6837e-17,0,-0.24673,0.24673,0,-2.6944e-16,0,99.506,1178.7,FLYING
2.5375,-3.6142e-16,0,5.5854,-7.6953e-17,0,-0.24667,0.24667,0,-2.7845e-16,0,99.506,1179.4,FLYING
2.54,-3.6161e-16,0,5.5848,-7.7072e-17,0,-0.2466,0.2466,0,-2.8728e-16,0,99.505,1180,FLYING
2.5425,-3.618e-16,0,5.5842,-7.7195e-17,0,-0.24652,0.24652,0,-2.9594e-16,0,99.505,1180.7,FLYING
2.545,-3.62e-16,0,5.5836,-7.7322e-17,0,-0.24643,0.24643,0,-3.0426e-16,0,99.505,1181.4,FLYING
2.5475,-3.6219e-16,0,5.583,-7.7452e-17,0,-0.24631,0.24631,0,-3.1241e-16,0,99.504,1182,FLYING
2.55,-3.6238e-16,0,5.5824,-7.7586e-17,0,-0.24619,0.24619,0,-3.2022e-16,0,99.504,1182.6,FLYING
2.5525,-3.6258e-16,0,5.5817,-7.7724e-17,0,-0.24606,0.24606,0,-3.2785e-16,0,99.503,1183.3,FLYING
2.555,-3.6277e-16,0,5.5811,-7.7864e-17,0,-0.24591,0.24591,0,-3.3515e-16,0,99.503,1184,FLYING
2.5575,-3.6297e-16,0,5.5805,-7.8009e-17,0,-0.24574,0.24574,0,-3.4227e-16,0,99.502,1184.6,FLYING
2.56,-3.6316e-16,0,5.5799,-7.8156e-17,0,-0.24557,0.24557,0,-3.4922e-16,0,99.502,1185.1,FLYING
2.5625,-3.6336e-16,0,5.5793,-7.8306e-17,0,-0.24538,0.24538,0,-3.5583e-16,0,99.501,1185.8,FLYING
2.565,-3.6356e-16,0,5.5787,-7.8459e-17,0,-0.24518,0.24518,0,-3.6193e-16,0,99.501,1186.4,FLYING
2.5675,-3.6375e-16,0,5.5781,-7.8615e-17,0,-0.24497,0.24497,0,-3.6769e-16,0,99.5,1186.9,FLYING
2.57,-3.6395e-16,0,5.5774,-7.8773e-17,0,-0.24474,0.24474,0,-3.7328e-16,0,99.5,1187.5,FLYING
2.5725,-3.6415e-16,0,5.5768,-7.8934e-17,0,-0.24451,0.24451,0,-3.7853e-16,0,99.499,1188.1,FLYING
2.575,-3.6434e-16,0,5.5762,-7.9098e-17,0,-0.24426,0.24426,0,-3.8344e-16,0,99.499,1188.7,FLYING
2.5775,-3.6454e-16,0,5.5756,-7.9263e-17,0,-0.244,0.244,0,-3.88e-16,0,99.499,1189.2,FLYING
2.58,-3.6474e-16,0,5.575,-7.9431e-17,0,-0.24373,0.24373,0,-3.9223e-16,0,99.498,1189.7,FLYING
2.5825,-3.6494e-16,0,5.5744,-7.96e-17,0,-0.24345,0.24345,0,-3.9611e-16,0,99.498,1190.3,FLYING
2.585,-3.6514e-16,0,5.5738,-7.9771e-17,0,-0.24316,0.24316,0,-3.9983e-16,0,99.497,1190.8,FLYING
2.5875,-3.6534e-16,0,5.5732,-7.9944e-17,0,-0.24285,0.24285,0,-4.032e-16,0,99.497,1191.3,FLYING
2.59,-3.6554e-16,0,5.5726,-8.0119e-17,0,-0.24254,0.24254,0,-4.0624e-16,0,99.496,1191.8,FLYING
2.5925,-3.6574e-16,0,5.572,-8.0294e-17,0,-0.24222,0.24222,0,-4.0893e-16,0,99.496,1192.3,FLYING
2.595,-3.6594e-16,0,5.5714,-8.0471e-17,0,-0.24188,0.24188,0,-4.1129e-16,0,99.495,1192.8,FLYING
2.5975,-3.6614e-16,0,5.5708,-8.065e-17,0,-0.24154,0.24154,0,-4.133e-16,0,99.495,1193.3,FLYING
2.6,-3.6635e-16,0,5.5702,-8.0829e-17,0,-0.24118,0.24118,0,-4.1498e-16,0,99.494,1193.7,FLYING
2.6025,-3.6655e-16,0,5.5696,-8.1008e-17,0,-0.24082,0.24082,0,-4.1614e-16,0,99.494,1194.3,FLYING
2.605,-3.6675e-16,0,5.569,-8.1189e-17,0,-0.24044,0.24044,0,-4.1697e-16,0,99.493,1194.7,FLYING
2.6075,-3.6695e-16,0,5.5684,-8.137e-17,0,-0.24006,0.24006,0,-4.1746e-16,0,99.493,1195.2,FLYING
2.61,-3.6716e-16,0,5.5678,-8.1551e-17,0,-0.23967,0.23967,0,-4.176e-16,0,99.492,1195.6,FLYING
2.6125,-3.6736e-16,0,5.5672,-8.1732e-17,0,-0.23927,0.23927,0,-4.1741e-16,0,99.492,1196.1,FLYING
2.615,-3.6757e-16,0,5.5666,-8.1914e-17,0,-0.23885,0.23885,0,-4.1688e-16,0,99.492,1196.5,FLYING
2.6175,-3.6777e-16,0,5.566,-8.2095e-17,0,-0.23843,0.23843,0,-4.1601e-16,0,99.491,1196.9,FLYING
2.62,-3.6798e-16,0,5.5654,-8.2275e-17,0,-0.238,0.238,0,-4.1463e-16,0,99.491,1197.3,FLYING
2.6225,-3.6818e-16,0,5.5648,-8.2456e-17,0,-0.23757,0.23757,0,-4.1308e-16,0,99.49,1197.8,FLYING
2.625,-3.6839e-16,0,5.5642,-8.2635e-17,0,-0.23712,0.23712,0,-4.1137e-16,0,99.49,1198.2,FLYING
2.6275,-3.686e-16,0,5.5636,-8.2814e-17,0,-0.23667,0.23667,0,-4.0931e-16,0,99.489,1198.6,FLYING
2.63,-3.6881e-16,0,5.563,-8.2992e-17,0,-0.2362,0.2362,0,-4.0692e-16,0,99.489,1199,FLYING
2.6325,-3.6901e-16,0,5.5624,-8.317e-17,0,-0.23573,0.23573,0,-4.0418e-16,0,99.488,1199.4,FLYING
2.635,-3.6922e-16,0,5.5618,-8.3346e-17,0,-0.23525,0.23525,0,-4.0128e-16,0,99.488,1199.8,FLYING
2.6375,-3.6943e-16,0,5.5612,-8.352e-17,0,-0.23476,0.23476,0,-3.9804e-16,0,99.487,1200.1,FLYING
2.64,-3.6964e-16,0,5.5607,-8.3694e-17,0,-0.23427,0.23427,0,-3.9463e-16,0,99.487,1200.5,FLYING
2.6425,-3.6985e-16,0,5.5601,-8.3866e-17,0,-0.23377,0.23377,0,-3.9071e-16,0,99.486,1200.9,FLYING
2.645,-3.7006e-16,0,5.5595,-8.4036e-17,0,-0.23326,0.23326,0,-3.8662e-16,0,99.486,1201.2,FLYING
2.6475,-3.7027e-16,0,5.5589,-8.4205e-17,0,-0.23274,0.23274,0,-3.822e-16,0,99.485,1201.6,FLYING
2.65,-3.7048e-16,0,5.5583,-8.4371e-17,0,-0.23222,0.23222,0,-3.7727e-16,0,99.485,1201.9,FLYING
2.6525,-3.7069e-16,0,5.5577,-8.4536e-17,0,-0.23169,0.23169,0,-3.7217e-16,0,99.484,1202.3,FLYING
2.655,-3.709e-16,0,5.5572,-8.4698e-17,0,-0.23115,0.23115,0,-3.6673e-16,0,99.484,1202.6,FLYING
2.6575,-3.7112e-16,0,5.5566,-8.4858e-17,0,-0.2306,0.2306,0,-3.6146e-16,0,99.484,1202.9,FLYING
2.66,-3.7133e-16,0,5.556,-8.5016e-17,0,-0.23005,0.23005,0,-3.5636e-16,0,99.483,1203.2,FLYING
2.6625,-3.7154e-16,0,5.5554,-8.5172e-17,0,-0.22949,0.22949,0,-3.5127e-16,0,99.483,1203.6,FLYING
2.665,-3.7175e-16,0,5.5549,-8.5325e-17,0,-0.22893,0.22893,0,-3.4634e-16,0,99.482,1203.9,FLYING
2.6675,-3.7197e-16,0,5.5543,-8.5477e-17,0,-0.22836,0.22836,0,-3.4125e-16,0,99.482,1204.2,FLYING
2.67,-3.7218e-16,0,5.5537,-8.5626e-17,0,-0.22778,0.22778,0,-3.3616e-16,0,99.481,1204.5,FLYING
2.6725,-3.724e-16,0,5.5532,-8.5773e-17,0,-0.2272,0.2272,0,-3.3107e-16,0,99.481,1204.8,FLYING
2.675,-3.7261e-16,0,5.5526,-8.5917e-17,0,-0.22661,0.22661,0,-3.2598e-16,0,99.48,1205.1,FLYING
2.6775,-3.7283e-16,0,5.552,-8.606e-17,0,-0.22601,0.22601,0,-3.2089e-16,0,99.48,1205.3,FLYING
2.68,-3.7304e-16,0,5.5515,-8.62e-17,0,-0.22541,0.22541,0,-3.1597e-16,0,99.479,1205.6,FLYING
2.6825,-3.7326e-16,0,5.5509,-8.6339e-17,0,-0.2248,0.2248,0,-3.1105e-16,0,99.479,1205.9,FLYING
2.685,-3.7347e-16,0,5.5503,-8.6475e-17,0,-0.22419,0.22419,0,-3.0614e-16,0,99.478,1206.2,FLYING
2.6875,-3.7369e-16,0,5.5498,-8.6609e-17,0,-0.22357,0.22357,0,-3.0123e-16,0,99.478,1206.4,FLYING
2.69,-3.7391e-16,0,5.5492,-8.674e-17,0,-0.22295,0.22295,0,-2.9631e-16,0,99.477,1206.7,FLYING
2.6925,-3.7412e-16,0,5.5487,-8.687e-17,0,-0.22232,0.22232,0,-2.9157e-16,0,99.477,1206.9,FLYING
2.695,-3.7434e-16,0,5.5481,-8.6998e-17,0,-0.22169,0.22169,0,-2.8683e-16,0,99.476,1207.2,FLYING
2.6975,-3.7456e-16,0,5.5476,-8.7123e-17,0,-0.22105,0.22105,0,-2.8209e-16,0,99.476,1207.4,FLYING
2.7,-3.7478e-16,0,5.547,-8.7247e-17,0,-0.22041,0.22041,0,-2.7719e-16,0,99.476,1207.6,FLYING
2.7025,-3.75e-16,0,5.5465,-8.7368e-17,0,-0.21976,0.21976,0,-2.7245e-16,0,99.475,1207.9,FLYING
2.705,-3.7522e-16,0,5.5459,-8.7488e-17,0,-0.2191,0.2191,0,-2.6754e-16,0,99.475,1208.1,FLYING
2.7075,-3.7543e-16,0,5.5454,-8.7605e-17,0,-0.21845,0.21845,0,-2.6264e-16,0,99.474,1208.3,FLYING
2.71,-3.7565e-16,0,5.5448,-8.772e-17,0,-0.21779,0.21779,0,-2.5791e-16,0,99.474,1208.5,FLYING
2.7125,-3.7587e-16,0,5.5443,-8.7833e-17,0,-0.21712,0.21712,0,-2.5317e-16,0,99.473,1208.8,FLYING
2.715,-3.7609e-16,0,5.5437,-8.7944e-17,0,-0.21645,0.21645,0,-2.4827e-16,0,99.473,1209,FLYING
2.7175,-3.7631e-16,0,5.5432,-8.8053e-17,0,-0.21577,0.21577,0,-2.4337e-16,0,99.472,1209.2,FLYING
2.72,-3.7653e-16,0,5.5427,-8.816e-17,0,-0.21509,0.21509,0,-2.3848e-16,0,99.472,1209.4,FLYING
2.7225,-3.7675e-16,0,5.5421,-8.8264e-17,0,-0.21441,0.21441,0,-2.3375e-16,0,99.471,1209.6,FLYING
2.725,-3.7698e-16,0,5.5416,-8.8367e-17,0,-0.21372,0.21372,0,-2.2919e-16,0,99.471,1209.8,FLYING
2.7275,-3.772e-16,0,5.5411,-8.8467e-17,0,-0.21303,0.21303,0,-2.2447e-16,0,99.47,1209.9,FLYING
2.73,-3.7742e-16,0,5.5405,-8.8566e-17,0,-0.21234,0.21234,0,-2.1992e-16,0,99.47,1210.1,FLYING
2.7325,-3.7764e-16,0,5.54,-8.8662e-17,0,-0.21164,0.21164,0,-2.1519e-16,0,99.469,1210.3,FLYING
2.735,-3.7786e-16,0,5.5395,-8.8757e-17,0,-0.21094,0.21094,0,-2.103e-16,0,99.469,1210.5,FLYING
2.7375,-3.7808e-16,0,5.5389,-8.8849e-17,0,-0.21023,0.21023,0,-2.0558e-16,0,99.468,1210.6,FLYING
2.74,-3.7831e-16,0,5.5384,-8.8939e-17,0,-0.20952,0.20952,0,-2.0086e-16,0,99.468,1210.8,FLYING
2.7425,-3.7853e-16,0,5.5379,-8.9027e-17,0,-0.20881,0.20881,0,-1.9632e-16,0,99.467,1211,FLYING
2.745,-3.7875e-16,0,5.5374,-8.9113e-17,0,-0.20809,0.20809,0,-1.9194e-16,0,99.467,1211.1,FLYING
2.7475,-3.7897e-16,0,5.5369,-8.9197e-17,0,-0.20738,0.20738,0,-1.8773e-16,0,99.466,1211.3,FLYING
2.75,-3.792e-16,0,5.5363,-8.928e-17,0,-0.20665,0.20665,0,-1.8353e-16,0,99.466,1211.4,FLYING
2.7525,-3.7942e-16,0,5.5358,-8.936e-17,0,-0.20593,0.20593,0,-1.7915e-16,0,99.466,1211.6,FLYING
2.755,-3.7964e-16,0,5.5353,-8.9439e-17,0,-0.2052,0.2052,0,-1.7461e-16,0,99.465,1211.7,FLYING
2.7575,-3.7987e-16,0,5.5348,-8.9516e-17,0,-0.20447,0.20447,0,-1.7024e-16,0,99.465,1211.8,FLYING
2.76,-3.8009e-16,0,5.5343,-8.959e-17,0,-0.20374,0.20374,0,-1.657e-16,0,99.464,1212,FLYING
2.7625,-3.8032e-16,0,5.5338,-8.9663e-17,0,-0.203,0.203,0,-1.6099e-16,0,99.464,1212.1,FLYING
2.765,-3.8054e-16,0,5.5333,-8.9734e-17,0,-0.20226,0.20226,0,-1.5645e-16,0,99.463,1212.2,FLYING
2.7675,-3.8077e-16,0,5.5328,-8.9802e-17,0,-0.20152,0.20152,0,-1.5157e-16,0,99.463,1212.3,FLYING
2.77,-3.8099e-16,0,5.5323,-8.9869e-17,0,-0.20078,0.20078,0,-1.4636e-16,0,99.462,1212.5,FLYING
2.7725,-3.8121e-16,0,5.5318,-8.9933e-17,0,-0.20003,0.20003,0,-1.4081e-16,0,99.462,1212.6,FLYING
2.775,-3.8144e-16,0,5.5313,-8.9995e-17,0,-0.19928,0.19928,0,-1.3526e-16,0,99.461,1212.7,FLYING
2.7775,-3.8166e-16,0,5.5308,-9.0054e-17,0,-0.19853,0.19853,0,-1.2988e-16,0,99.461,1212.8,FLYING
2.78,-3.8189e-16,0,5.5303,-9.0111e-17,0,-0.19778,0.19778,0,-1.245e-16,0,99.46,1212.9,FLYING
2.7825,-3.8212e-16,0,5.5298,-9.0166e-17,0,-0.19702,0.19702,0,-1.1946e-16,0,99.46,1213,FLYING
2.785,-3.8234e-16,0,5.5293,-9.0218e-17,0,-0.19627,0.19627,0,-1.1476e-16,0,99.459,1213.1,FLYING
2.7875,-3.8257e-16,0,5.5288,-9.0269e-17,0,-0.19551,0.19551,0,-1.1058e-16,0,99.459,1213.2,FLYING
2.79,-3.8279e-16,0,5.5283,-9.0317e-17,0,-0.19475,0.19475,0,-1.069e-16,0,99.458,1213.3,FLYING
2.7925,-3.8302e-16,0,5.5278,-9.0364e-17,0,-0.19399,0.19399,0,-1.0373e-16,0,99.458,1213.4,FLYING
2.795,-3.8324e-16,0,5.5274,-9.0409e-17,0,-0.19322,0.19322,0,-1.009e-16,0,99.457,1213.5,FLYING
2.7975,-3.8347e-16,0,5.5269,-9.0454e-17,0,-0.19246,0.19246,0,-9.8417e-17,0,99.457,1213.5,FLYING
2.8,-3.837e-16,0,5.5264,-9.0497e-17,0,-0.19169,0.19169,0,-9.6439e-17,0,99.456,1213.6,FLYING
2.8025,-3.8392e-16,0,5.5259,-9.0539e-17,0,-0.19092,0.19092,0,-9.4801e-17,0,99.456,1213.7,FLYING
2.805,-3.8415e-16,0,5.5254,-9.0581e-17,0,-0.19015,0.19015,0,-9.3672e-17,0,99.455,1213.8,FLYING
2.8075,-3.8438e-16,0,5.525,-9.0622e-17,0,-0.18938,0.18938,0,-9.2883e-17,0,99.455,1213.8,FLYING
2.81,-3.846e-16,0,5.5245,-9.0662e-17,0,-0.1886,0.1886,0,-9.2433e-17,0,99.455,1213.9,FLYING
2.8125,-3.8483e-16,0,5.524,-9.0703e-17,0,-0.18783,0.18783,0,-9.2492e-17,0,99.454,1214,FLYING
2.815,-3.8506e-16,0,5.5236,-9.0743e-17,0,-0.18705,0.18705,0,-9.306e-17,0,99.454,1214,FLYING
2.8175,-3.8528e-16,0,5.5231,-9.0784e-17,0,-0.18627,0.18627,0,-9.3967e-17,0,99.453,1214.1,FLYING
2.82,-3.8551e-16,0,5.5226,-9.0825e-17,0,-0.1855,0.1855,0,-9.5044e-17,0,99.453,1214.1,FLYING
2.8225,-3.8574e-16,0,5.5222,-9.0867e-17,0,-0.18472,0.18472,0,-9.612e-17,0,99.452,1214.2,FLYING
2.825,-3.8596e-16,0,5.5217,-9.0909e-17,0,-0.18394,0.18394,0,-9.7365e-17,0,99.452,1214.2,FLYING
2.8275,-3.8619e-16,0,5.5213,-9.0952e-17,0,-0.18315,0.18315,0,-9.8441e-17,0,99.451,1214.3,FLYING
2.83,-3.8642e-16,0,5.5208,-9.0995e-17,0,-0.18237,0.18237,0,-9.9347e-17,0,99.451,1214.3,FLYING
2.8325,-3.8665e-16,0,5.5203,-9.1039e-17,0,-0.18159,0.18159,0,-9.9913e-17,0,99.45,1214.4,FLYING
2.835,-3.8688e-16,0,5.5199,-9.1083e-17,0,-0.18081,0.18081,0,-1.0014e-16,0,99.45,1214.4,FLYING
2.8375,-3.871e-16,0,5.5194,-9.1127e-17,0,-0.18002,0.18002,0,-1.0037e-16,0,99.449,1214.4,FLYING
2.84,-3.8733e-16,0,5.519,-9.1171e-17,0,-0.17924,0.17924,0,-1.0059e-16,0,99.449,1214.5,FLYING
2.8425,-3.8756e-16,0,5.5186,-9.1215e-17,0,-0.17845,0.17845,0,-1.0099e-16,0,99.448,1214.5,FLYING
2.845,-3.8779e-16,0,5.5181,-9.1259e-17,0,-0.17766,0.17766,0,-1.0156e-16,0,99.448,1214.5,FLYING
2.8475,-3.8802e-16,0,5.5177,-9.1304e-17,0,-0.17688,0.17688,0,-1.0212e-16,0,99.447,1214.6,FLYING
2.85,-3.8824e-16,0,5.5172,-9.1349e-17,0,-0.17609,0.17609,0,-1.0286e-16,0,99.447,1214.6,FLYING
2.8525,-3.8847e-16,0,5.5168,-9.1394e-17,0,-0.1753,0.1753,0,-1.0325e-16,0,99.446,1214.6,FLYING
2.855,-3.887e-16,0,5.5164,-9.1439e-17,0,-0.17451,0.17451,0,-1.0348e-16,0,99.446,1214.6,FLYING
2.8575,-3.8893e-16,0,5.5159,-9.1484e-17,0,-0.17372,0.17372,0,-1.0337e-16,0,99.445,1214.6,FLYING
2.86,-3.8916e-16,0,5.5155,-9.153e-17,0,-0.17293,0.17293,0,-1.0308e-16,0,99.445,1214.6,FLYING
2.8625,-3.8939e-16,0,5.5151,-9.1575e-17,0,-0.17215,0.17215,0,-1.028e-16,0,99.444,1214.7,FLYING
2.865,-3.8962e-16,0,5.5146,-9.162e-17,0,-0.17136,0.17136,0,-1.0252e-16,0,99.444,1214.7,FLYING
2.8675,-3.8985e-16,0,5.5142,-9.1665e-17,0,-0.17057,0.17057,0,-1.0223e-16,0,99.444,1214.7,FLYING
2.87,-3.9007e-16,0,5.5138,-9.171e-17,0,-0.16978,0.16978,0,-1.0195e-16,0,99.443,1214.7,FLYING
2.8725,-3.903e-16,0,5.5134,-9.1755e-17,0,-0.16899,0.16899,0,-1.0184e-16,0,99.443,1214.7,FLYING
2.875,-3.9053e-16,0,5.5129,-9.18e-17,0,-0.1682,0.1682,0,-1.0173e-16,0,99.442,1214.7,FLYING
2.8775,-3.9076e-16,0,5.5125,-9.1844e-17,0,-0.16741,0.16741,0,-1.0178e-16,0,99.442,1214.7,FLYING
2.88,-3.9099e-16,0,5.5121,-9.1889e-17,0,-0.16662,0.16662,0,-1.0184e-16,0,99.441,1214.7,FLYING
2.8825,-3.9122e-16,0,5.5117,-9.1934e-17,0,-0.16583,0.16583,0,-1.0207e-16,0,99.441,1214.7,FLYING
2.885,-3.9145e-16,0,5.5113,-9.1979e-17,0,-0.16504,0.16504,0,-1.0229e-16,0,99.44,1214.7,FLYING
2.8875,-3.9168e-16,0,5.5109,-9.2023e-17,0,-0.16425,0.16425,0,-1.0252e-16,0,99.44,1214.6,FLYING
2.89,-3.9191e-16,0,5.5104,-9.2069e-17,0,-0.16346,0.16346,0,-1.0291e-16,0,99.439,1214.6,FLYING
2.8925,-3.9214e-16,0,5.51,-9.2114e-17,0,-0.16267,0.16267,0,-1.0331e-16,0,99.439,1214.6,FLYING
2.895,-3.9237e-16,0,5.5096,-9.2159e-17,0,-0.16189,0.16189,0,-1.0371e-16,0,99.438,1214.6,FLYING
2.8975,-3.926e-16,0,5.5092,-9.2205e-17,0,-0.1611,0.1611,0,-1.0427e-16,0,99.438,1214.6,FLYING
2.9,-3.9283e-16,0,5.5088,-9.225e-17,0,-0.16031,0.16031,0,-1.0501e-16,0,99.437,1214.6,FLYING
2.9025,-3.9307e-16,0,5.5084,-9.2297e-17,0,-0.15952,0.15952,0,-1.0557e-16,0,99.437,1214.5,FLYING
2.905,-3.933e-16,0,5.508,-9.2343e-17,0,-0.15874,0.15874,0,-1.058e-16,0,99.436,1214.5,FLYING
2.9075,-3.9353e-16,0,5.5076,-9.2389e-17,0,-0.15795,0.15795,0,-1.0585e-16,0,99.436,1214.5,FLYING
2.91,-3.9376e-16,0,5.5073,-9.2436e-17,0,-0.15717,0.15717,0,-1.054e-16,0,99.435,1214.5,FLYING
2.9125,-3.9399e-16,0,5.5069,-9.2482e-17,0,-0.15638,0.15638,0,-1.0478e-16,0,99.435,1214.4,FLYING
2.915,-3.9422e-16,0,5.5065,-9.2528e-17,0,-0.1556,0.1556,0,-1.0364e-16,0,99.434,1214.4,FLYING
2.9175,-3.9445e-16,0,5.5061,-9.2574e-17,0,-0.15482,0.15482,0,-1.0217e-16,0,99.434,1214.4,FLYING
2.92,-3.9468e-16,0,5.5057,-9.2619e-17,0,-0.15403,0.15403,0,-1.0053e-16,0,99.433,1214.3,FLYING
2.9225,-3.9492e-16,0,5.5053,-9.2663e-17,0,-0.15325,0.15325,0,-9.8556e-17,0,99.433,1214.3,FLYING
2.925,-3.9515e-16,0,5.5049,-9.2706e-17,0,-0.15247,0.15247,0,-9.6239e-17,0,99.433,1214.3,FLYING
2.9275,-3.9538e-16,0,5.5046,-9.2748e-17,0,-0.15169,0.15169,0,-9.3583e-17,0,99.432,1214.2,FLYING
2.93,-3.9561e-16,0,5.5042,-9.2789e-17,0,-0.15091,0.15091,0,-9.0758e-17,0,99.432,1214.2,FLYING
2.9325,-3.9584e-16,0,5.5038,-9.2829e-17,0,-0.15013,0.15013,0,-8.7594e-17,0,99.431,1214.2,FLYING
2.935,-3.9608e-16,0,5.5034,-9.2868e-17,0,-0.14935,0.14935,0,-8.4432e-17,0,99.431,1214.1,FLYING
2.9375,-3.9631e-16,0,5.5031,-9.2905e-17,0,-0.14858,0.14858,0,-8.1609e-17,0,99.43,1214.1,FLYING
2.94,-3.9654e-16,0,5.5027,-9.2941e-17,0,-0.1478,0.1478,0,-7.9296e-17,0,99.43,1214,FLYING
2.9425,-3.9677e-16,0,5.5023,-9.2975e-17,0,-0.14703,0.14703,0,-7.7323e-17,0,99.429,1214,FLYING
2.945,-3.9701e-16,0,5.502,-9.3009e-17,0,-0.14625,0.14625,0,-7.569e-17,0,99.429,1213.9,FLYING
2.9475,-3.9724e-16,0,5.5016,-9.3042e-17,0,-0.14548,0.14548,0,-7.4565e-17,0,99.428,1213.9,FLYING
2.95,-3.9747e-16,0,5.5012,-9.3075e-17,0,-0.14471,0.14471,0,-7.3781e-17,0,99.428,1213.8,FLYING
2.9525,-3.977e-16,0,5.5009,-9.3107e-17,0,-0.14394,0.14394,0,-7.3336e-17,0,99.427,1213.8,FLYING
2.955,-3.9794e-16,0,5.5005,-9.314e-17,0,-0.14317,0.14317,0,-7.323e-17,0,99.427,1213.7,FLYING
2.9575,-3.9817e-16,0,5.5002,-9.3172e-17,0,-0.1424,0.1424,0,-7.3124e-17,0,99.426,1213.7,FLYING
2.96,-3.984e-16,0,5.4998,-9.3204e-17,0,-0.14163,0.14163,0,-7.3188e-17,0,99.426,1213.6,FLYING
2.9625,-3.9863e-16,0,5.4994,-9.3236e-17,0,-0.14087,0.14087,0,-7.3252e-17,0,99.425,1213.5,FLYING
2.965,-3.9887e-16,0,5.4991,-9.3268e-17,0,-0.1401,0.1401,0,-7.3486e-17,0,99.425,1213.5,FLYING
2.9675,-3.991e-16,0,5.4988,-9.33e-17,0,-0.13934,0.13934,0,-7.3719e-17,0,99.424,1213.4,FLYING
2.97,-3.9933e-16,0,5.4984,-9.3332e-17,0,-0.13858,0.13858,0,-7.4122e-17,0,99.424,1213.4,FLYING
2.9725,-3.9957e-16,0,5.4981,-9.3365e-17,0,-0.13782,0.13782,0,-7.4356e-17,0,99.423,1213.3,FLYING
2.975,-3.998e-16,0,5.4977,-9.3397e-17,0,-0.13706,0.13706,0,-7.4589e-17,0,99.423,1213.2,FLYING
2.9775,-4.0004e-16,0,5.4974,-9.343e-17,0,-0.1363,0.1363,0,-7.4822e-17,0,99.422,1213.2,FLYING
2.98,-4.0027e-16,0,5.497,-9.3463e-17,0,-0.13554,0.13554,0,-7.5225e-17,0,99.422,1213.1,FLYING
2.9825,-4.005e-16,0,5.4967,-9.3496e-17,0,-0.13479,0.13479,0,-7.5797e-17,0,99.422,1213,FLYING
2.985,-4.0074e-16,0,5.4964,-9.3529e-17,0,-0.13403,0.13403,0,-7.6369e-17,0,99.421,1213,FLYING
2.9875,-4.0097e-16,0,5.496,-9.3563e-17,0,-0.13328,0.13328,0,-7.7111e-17,0,99.421,1212.9,FLYING
2.99,-4.012e-16,0,5.4957,-9.3596e-17,0,-0.13253,0.13253,0,-7.8022e-17,0,99.42,1212.8,FLYING
2.9925,-4.0144e-16,0,5.4954,-9.3631e-17,0,-0.13178,0.13178,0,-7.8933e-17,0,99.42,1212.7,FLYING
2.995,-4.0167e-16,0,5.495,-9.3665e-17,0,-0.13103,0.13103,0,-8.0013e-17,0,99.419,1212.7,FLYING
2.9975,-4.0191e-16,0,5.4947,-9.37e-17,0,-0.13029,0.13029,0,-8.1093e-17,0,99.419,1212.6,FLYING
3,-4.0214e-16,0,5.4944,-9.3736e-17,0,-0.12954,0.12954,0,-8.2343e-17,0,99.418,1212.5,FLYING
3.0025,-4.0238e-16,0,5.4941,-9.3772e-17,0,-0.1288,0.1288,0,-8.3592e-17,0,99.418,1212.4,FLYING
3.005,-4.0261e-16,0,5.4938,-9.3809e-17,0,-0.12806,0.12806,0,-8.484e-17,0,99.417,1212.4,FLYING
3.0075,-4.0284e-16,0,5.4934,-9.3846e-17,0,-0.12732,0.12732,0,-8.6258e-17,0,99.417,1212.3,FLYING
3.01,-4.0308e-16,0,5.4931,-9.3884e-17,0,-0.12658,0.12658,0,-8.7506e-17,0,99.416,1212.2,FLYING
3.0125,-4.0331e-16,0,5.4928,-9.3922e-17,0,-0.12585,0.12585,0,-8.8924e-17,0,99.416,1212.1,FLYING
3.015,-4.0355e-16,0,5.4925,-9.3961e-17,0,-0.12511,0.12511,0,-9.0341e-17,0,99.415,1212,FLYING
3.0175,-4.0378e-16,0,5.4922,-9.4001e-17,0,-0.12438,0.12438,0,-9.1927e-17,0,99.415,1212,FLYING
3.02,-4.0402e-16,0,5.4919,-9.4041e-17,0,-0.12365,0.12365,0,-9.3513e-17,0,99.414,1211.9,FLYING
3.0225,-4.0425e-16,0,5.4916,-9.4082e-17,0,-0.12292,0.12292,0,-9.4929e-17,0,99.414,1211.8,FLYING
3.025,-4.0449e-16,0,5.4913,-9.4124e-17,0,-0.12219,0.12219,0,-9.6344e-17,0,99.413,1211.7,FLYING
3.0275,-4.0473e-16,0,5.491,-9.4166e-17,0,-0.12146,0.12146,0,-9.7929e-17,0,99.413,1211.6,FLYING
3.03,-4.0496e-16,0,5.4907,-9.4209e-17,0,-0.12074,0.12074,0,-9.9683e-17,0,99.412,1211.6,FLYING
3.0325,-4.052e-16,0,5.4904,-9.4252e-17,0,-0.12002,0.12002,0,-1.0161e-16,0,99.412,1211.5,FLYING
3.035,-4.0543e-16,0,5.4901,-9.4297e-17,0,-0.1193,0.1193,0,-1.0353e-16,0,99.412,1211.4,FLYING
3.0375,-4.0567e-16,0,5.4898,-9.4342e-17,0,-0.11858,0.11858,0,-1.0545e-16,0,99.411,1211.3,FLYING
3.04,-4.059e-16,0,5.4895,-9.4389e-17,0,-0.11786,0.11786,0,-1.0754e-16,0,99.411,1211.2,FLYING
3.0425,-4.0614e-16,0,5.4892,-9.4436e-17,0,-0.11715,0.11715,0,-1.0963e-16,0,99.41,1211.1,FLYING
3.045,-4.0638e-16,0,5.4889,-9.4484e-17,0,-0.11643,0.11643,0,-1.1172e-16,0,99.41,1211,FLYING
3.0475,-4.0661e-16,0,5.4886,-9.4533e-17,0,-0.11572,0.11572,0,-1.1381e-16,0,99.409,1210.9,FLYING
3.05,-4.0685e-16,0,5.4883,-9.4583e-17,0,-0.11501,0.11501,0,-1.1607e-16,0,99.409,1210.8,FLYING
3.0525,-4.0709e-16,0,5.488,-9.4634e-17,0,-0.11431,0.11431,0,-1.1833e-16,0,99.408,1210.7,FLYING
3.055,-4.0732e-16,0,5.4877,-9.4686e-17,0,-0.1136,0.1136,0,-1.2076e-16,0,99.408,1210.6,FLYING
3.0575,-4.0756e-16,0,5.4874,-9.4739e-17,0,-0.1129,0.1129,0,-1.2336e-16,0,99.407,1210.5,FLYING
3.06,-4.078e-16,0,5.4872,-9.4793e-17,0,-0.1122,0.1122,0,-1.2595e-16,0,99.407,1210.5,FLYING
3.0625,-4.0803e-16,0,5.4869,-9.4848e-17,0,-0.1115,0.1115,0,-1.2872e-16,0,99.406,1210.4,FLYING
3.065,-4.0827e-16,0,5.4866,-9.4904e-17,0,-0.1108,0.1108,0,-1.3148e-16,0,99.406,1210.3,FLYING
3.0675,-4.0851e-16,0,5.4863,-9.4962e-17,0,-0.1101,0.1101,0,-1.3424e-16,0,99.405,1210.2,FLYING
3.07,-4.0875e-16,0,5.4861,-9.5021e-17,0,-0.10941,0.10941,0,-1.3701e-16,0,99.405,1210.1,FLYING
3.0725,-4.0898e-16,0,5.4858,-9.5081e-17,0,-0.10872,0.10872,0,-1.3994e-16,0,99.404,1210,FLYING
3.075,-4.0922e-16,0,5.4855,-9.5143e-17,0,-0.10803,0.10803,0,-1.4304e-16,0,99.404,1209.9,FLYING
3.0775,-4.0946e-16,0,5.4853,-9.5205e-17,0,-0.10734,0.10734,0,-1.458e-16,0,99.403,1209.8,FLYING
3.08,-4.097e-16,0,5.485,-9.5269e-17,0,-0.10666,0.10666,0,-1.4839e-16,0,99.403,1209.7,FLYING
3.0825,-4.0994e-16,0,5.4847,-9.5334e-17,0,-0.10598,0.10598,0,-1.5064e-16,0,99.402,1209.6,FLYING
3.085,-4.1017e-16,0,5.4845,-9.54e-17,0,-0.1053,0.1053,0,-1.5255e-16,0,99.402,1209.5,FLYING
3.0875,-4.1041e-16,0,5.4842,-9.5467e-17,0,-0.10462,0.10462,0,-1.5395e-16,0,99.402,1209.4,FLYING
3.09,-4.1065e-16,0,5.4839,-9.5535e-17,0,-0.10394,0.10394,0,-1.5518e-16,0,99.401,1209.3,FLYING
3.0925,-4.1089e-16,0,5.4837,-9.5603e-17,0,-0.10326,0.10326,0,-1.5607e-16,0,99.401,1209.2,FLYING
3.095,-4.1113e-16,0,5.4834,-9.5671e-17,0,-0.10259,0.10259,0,-1.5663e-16,0,99.4,1209.1,FLYING
3.0975,-4.1137e-16,0,5.4832,-9.574e-17,0,-0.10192,0.10192,0,-1.5701e-16,0,99.4,1209,FLYING
3.1,-4.1161e-16,0,5.4829,-9.5809e-17,0,-0.10125,0.10125,0,-1.5705e-16,0,99.399,1208.9,FLYING
3.1025,-4.1185e-16,0,5.4827,-9.5878e-17,0,-0.10059,0.10059,0,-1.5692e-16,0,99.399,1208.8,FLYING
3.105,-4.1209e-16,0,5.4824,-9.5947e-17,0,-0.099925,0.099925,0,-1.5646e-16,0,99.398,1208.6,FLYING
3.1075,-4.1233e-16,0,5.4822,-9.6015e-17,0,-0.099263,0.099263,0,-1.5548e-16,0,99.398,1208.5,FLYING
3.11,-4.1257e-16,0,5.4819,-9.6083e-17,0,-0.098603,0.098603,0,-1.5417e-16,0,99.397,1208.5,FLYING
3.1125,-4.1281e-16,0,5.4817,-9.6151e-17,0,-0.097946,0.097946,0,-1.5252e-16,0,99.397,1208.3,FLYING
3.115,-4.1305e-16,0,5.4814,-9.6218e-17,0,-0.097291,0.097291,0,-1.5053e-16,0,99.396,1208.2,FLYING
3.1175,-4.1329e-16,0,5.4812,-9.6284e-17,0,-0.096638,0.096638,0,-1.482e-16,0,99.396,1208.1,FLYING
3.12,-4.1353e-16,0,5.481,-9.6349e-17,0,-0.095988,0.095988,0,-1.457e-16,0,99.395,1208,FLYING
3.1225,-4.1377e-16,0,5.4807,-9.6413e-17,0,-0.095339,0.095339,0,-1.4303e-16,0,99.395,1207.9,FLYING
3.125,-4.1401e-16,0,5.4805,-9.6475e-17,0,-0.094693,0.094693,0,-1.4002e-16,0,99.394,1207.8,FLYING
3.1275,-4.1425e-16,0,5.4802,-9.6537e-17,0,-0.094049,0.094049,0,-1.3668e-16,0,99.394,1207.7,FLYING
3.13,-4.145e-16,0,5.48,-9.6596e-17,0,-0.093407,0.093407,0,-1.3299e-16,0,99.393,1207.6,FLYING
3.1325,-4.1474e-16,0,5.4798,-9.6655e-17,0,-0.092768,0.092768,0,-1.2897e-16,0,99.393,1207.5,FLYING
3.135,-4.1498e-16,0,5.4795,-9.6711e-17,0,-0.092131,0.092131,0,-1.2495e-16,0,99.393,1207.4,FLYING
3.1375,-4.1522e-16,0,5.4793,-9.6766e-17,0,-0.091496,0.091496,0,-1.211e-16,0,99.392,1207.3,FLYING
3.14,-4.1546e-16,0,5.4791,-9.6819e-17,0,-0.090863,0.090863,0,-1.1742e-16,0,99.392,1207.2,FLYING
3.1425,-4.1571e-16,0,5.4789,-9.687e-17,0,-0.090233,0.090233,0,-1.1391e-16,0,99.391,1207,FLYING
3.145,-4.1595e-16,0,5.4786,-9.692e-17,0,-0.089605,0.089605,0,-1.104e-16,0,99.391,1206.9,FLYING
3.1475,-4.1619e-16,0,5.4784,-9.6968e-17,0,-0.088979,0.088979,0,-1.0706e-16,0,99.39,1206.8,FLYING
3.15,-4.1643e-16,0,5.4782,-9.7015e-17,0,-0.088355,0.088355,0,-1.0373e-16,0,99.39,1206.7,FLYING
3.1525,-4.1668e-16,0,5.478,-9.7061e-17,0,-0.087734,0.087734,0,-1.0022e-16,0,99.389,1206.6,FLYING
3.155,-4.1692e-16,0,5.4778,-9.7104e-17,0,-0.087115,0.087115,0,-9.6715e-17,0,99.389,1206.5,FLYING
3.1575,-4.1716e-16,0,5.4775,-9.7147e-17,0,-0.086498,0.086498,0,-9.3041e-17,0,99.388,1206.4,FLYING
3.16,-4.174e-16,0,5.4773,-9.7187e-17,0,-0.085884,0.085884,0,-8.9198e-17,0,99.388,1206.3,FLYING
3.1625,-4.1765e-16,0,5.4771,-9.7226e-17,0,-0.085272,0.085272,0,-8.5018e-17,0,99.387,1206.2,FLYING
3.165,-4.1789e-16,0,5.4769,-9.7263e-17,0,-0.084662,0.084662,0,-8.0668e-17,0,99.387,1206.1,FLYING
3.1675,-4.1813e-16,0,5.4767,-9.7299e-17,0,-0.084054,0.084054,0,-7.5981e-17,0,99.386,1205.9,FLYING
3.17,-4.1838e-16,0,5.4765,-9.7332e-17,0,-0.083449,0.083449,0,-7.0955e-17,0,99.386,1205.8,FLYING
3.1725,-4.1862e-16,0,5.4763,-9.7363e-17,0,-0.082846,0.082846,0,-6.5761e-17,0,99.385,1205.7,FLYING
3.175,-4.1886e-16,0,5.4761,-9.7392e-17,0,-0.082246,0.082246,0,-6.0229e-17,0,99.385,1205.6,FLYING
3.1775,-4.1911e-16,0,5.4759,-9.7418e-17,0,-0.081648,0.081648,0,-5.4698e-17,0,99.384,1205.5,FLYING
3.18,-4.1935e-16,0,5.4757,-9.7442e-17,0,-0.081052,0.081052,0,-4.9339e-17,0,99.384,1205.4,FLYING
3.1825,-4.1959e-16,0,5.4755,-9.7463e-17,0,-0.080458,0.080458,0,-4.398e-17,0,99.384,1205.3,FLYING
3.185,-4.1984e-16,0,5.4753,-9.7482e-17,0,-0.079867,0.079867,0,-3.8793e-17,0,99.383,1205.2,FLYING
3.1875,-4.2008e-16,0,5.4751,-9.7499e-17,0,-0.079278,0.079278,0,-3.3777e-17,0,99.383,1205.1,FLYING
3.19,-4.2033e-16,0,5.4749,-9.7514e-17,0,-0.078691,0.078691,0,-2.8592e-17,0,99.382,1205,FLYING
3.1925,-4.2057e-16,0,5.4747,-9.7526e-17,0,-0.078107,0.078107,0,-2.3239e-17,0,99.382,1204.8,FLYING
3.195,-4.2081e-16,0,5.4745,-9.7536e-17,0,-0.077525,0.077525,0,-1.7887e-17,0,99.381,1204.7,FLYING
3.1975,-4.2106e-16,0,5.4743,-9.7544e-17,0,-0.076946,0.076946,0,-1.2367e-17,0,99.381,1204.6,FLYING
3.2,-4.213e-16,0,5.4741,-9.7549e-17,0,-0.076369,0.076369,0,-6.8485e-18,0,99.38,1204.5,FLYING
3.2025,-4.2155e-16,0,5.4739,-9.7552e-17,0,-0.075794,0.075794,0,-1.3312e-18,0,99.38,1204.4,FLYING
3.205,-4.2179e-16,0,5.4737,-9.7553e-17,0,-0.075221,0.075221,0,4.1847e-18,0,99.379,1204.3,FLYING
3.2075,-4.2203e-16,0,5.4735,-9.7551e-17,0,-0.074651,0.074651,0,9.6992e-18,0,99.379,1204.2,FLYING
3.21,-4.2228e-16,0,5.4733,-9.7546e-17,0,-0.074083,0.074083,0,1.5382e-17,0,99.378,1204.1,FLYING
3.2125,-4.2252e-16,0,5.4732,-9.7539e-17,0,-0.073518,0.073518,0,2.1063e-17,0,99.378,1203.9,FLYING
3.215,-4.2276e-16,0,5.473,-9.753e-17,0,-0.072955,0.072955,0,2.6743e-17,0,99.377,1203.8,FLYING
3.2175,-4.2301e-16,0,5.4728,-9.7518e-17,0,-0.072394,0.072394,0,3.2422e-17,0,99.377,1203.7,FLYING
3.22,-4.2325e-16,0,5.4726,-9.7504e-17,0,-0.071836,0.071836,0,3.7929e-17,0,99.376,1203.6,FLYING
3.2225,-4.235e-16,0,5.4724,-9.7487e-17,0,-0.071279,0.071279,0,4.3266e-17,0,99.376,1203.5,FLYING
3.225,-4.2374e-16,0,5.4723,-9.7468e-17,0,-0.070726,0.070726,0,4.8431e-17,0,99.375,1203.4,FLYING
3.2275,-4.2398e-16,0,5.4721,-9.7447e-17,0,-0.070175,0.070175,0,5.3765e-17,0,99.375,1203.3,FLYING
3.23,-4.2423e-16,0,5.4719,-9.7423e-17,0,-0.069625,0.069625,0,5.9097e-17,0,99.375,1203.2,FLYING
3.2325,-4.2447e-16,0,5.4717,-9.7397e-17,0,-0.069079,0.069079,0,6.4429e-17,0,99.374,1203,FLYING
3.235,-4.2471e-16,0,5.4716,-9.7369e-17,0,-0.068534,0.068534,0,6.9758e-17,0,99.374,1202.9,FLYING
3.2375,-4.2496e-16,0,5.4714,-9.7338e-17,0,-0.067992,0.067992,0,7.5087e-17,0,99.373,1202.8,FLYING
3.24,-4.252e-16,0,5.4712,-9.7305e-17,0,-0.067453,0.067453,0,8.0244e-17,0,99.373,1202.7,FLYING
3.2425,-4.2544e-16,0,5.4711,-9.727e-17,0,-0.066915,0.066915,0,8.5401e-17,0,99.372,1202.6,FLYING
3.245,-4.2569e-16,0,5.4709,-9.7233e-17,0,-0.066381,0.066381,0,9.0556e-17,0,99.372,1202.5,FLYING
3.2475,-4.2593e-16,0,5.4707,-9.7193e-17,0,-0.065848,0.065848,0,9.5709e-17,0,99.371,1202.4,FLYING
3.25,-4.2617e-16,0,5.4706,-9.7151e-17,0,-0.065318,0.065318,0,1.0086e-16,0,99.371,1202.3,FLYING
3.2525,-4.2641e-16,0,5.4704,-9.7107e-17,0,-0.06479,0.06479,0,1.0584e-16,0,99.37,1202.1,FLYING
3.255,-4.2666e-16,0,5.4702,-9.7061e-17,0,-0.064264,0.064264,0,1.1065e-16,0,99.37,1202,FLYING
3.2575,-4.269e-16,0,5.4701,-9.7012e-17,0,-0.063741,0.063741,0,1.1546e-16,0,99.369,1201.9,FLYING
3.26,-4.2714e-16,0,5.4699,-9.6962e-17,0,-0.06322,0.06322,0,1.2027e-16,0,99.369,1201.8,FLYING
3.2625,-4.2738e-16,0,5.4698,-9.6909e-17,0,-0.062701,0.062701,0,1.2508e-16,0,99.368,1201.7,FLYING
3.265,-4.2763e-16,0,5.4696,-9.6854e-17,0,-0.062185,0.062185,0,1.2988e-16,0,99.368,1201.6,FLYING
3.2675,-4.2787e-16,0,5.4695,-9.6797e-17,0,-0.061671,0.061671,0,1.3469e-16,0,99.367,1201.5,FLYING
3.27,-4.2811e-16,0,5.4693,-9.6738e-17,0,-0.061159,0.061159,0,1.3932e-16,0,99.367,1201.4,FLYING
3.2725,-4.2835e-16,0,5.4692,-9.6677e-17,0,-0.06065,0.06065,0,1.4395e-16,0,99.367,1201.2,FLYING
3.275,-4.2859e-16,0,5.469,-9.6614e-17,0,-0.060143,0.060143,0,1.4859e-16,0,99.366,1201.1,FLYING
3.2775,-4.2884e-16,0,5.4689,-9.6549e-17,0,-0.059639,0.059639,0,1.5271e-16,0,99.366,1201,FLYING
3.28,-4.2908e-16,0,5.4687,-9.6483e-17,0,-0.059136,0.059136,0,1.5666e-16,0,99.365,1200.9,FLYING
3.2825,-4.2932e-16,0,5.4686,-9.6414e-17,0,-0.058636,0.058636,0,1.6044e-16,0,99.365,1200.8,FLYING
3.285,-4.2956e-16,0,5.4684,-9.6344e-17,0,-0.058139,0.058139,0,1.6388e-16,0,99.364,1200.7,FLYING
3.2875,-4.298e-16,0,5.4683,-9.6272e-17,0,-0.057644,0.057644,0,1.6715e-16,0,99.364,1200.6,FLYING
3.29,-4.3004e-16,0,5.4681,-9.6199e-17,0,-0.05715,0.05715,0,1.7008e-16,0,99.363,1200.5,FLYING
3.2925,-4.3028e-16,0,5.468,-9.6125e-17,0,-0.05666,0.05666,0,1.7267e-16,0,99.363,1200.3,FLYING
3.295,-4.3052e-16,0,5.4679,-9.605e-17,0,-0.056171,0.056171,0,1.7475e-16,0,99.362,1200.2,FLYING
3.2975,-4.3076e-16,0,5.4677,-9.5973e-17,0,-0.055685,0.055685,0,1.7666e-16,0,99.362,1200.1,FLYING
3.3,-4.31e-16,0,5.4676,-9.5896e-17,0,-0.055201,0.055201,0,1.784e-16,0,99.361,1200,FLYING
3.3025,-4.3124e-16,0,5.4674,-9.5818e-17,0,-0.05472,0.05472,0,1.8013e-16,0,99.361,1199.9,FLYING
3.305,-4.3148e-16,0,5.4673,-9.5739e-17,0,-0.05424,0.05424,0,1.8204e-16,0,99.36,1199.8,FLYING
3.3075,-4.3172e-16,0,5.4672,-9.566e-17,0,-0.053764,0.053764,0,1.8412e-16,0,99.36,1199.7,FLYING
3.31,-4.3196e-16,0,5.467,-9.558e-17,0,-0.053289,0.053289,0,1.8637e-16,0,99.359,1199.6,FLYING
3.3125,-4.322e-16,0,5.4669,-9.5498e-17,0,-0.052816,0.052816,0,1.8878e-16,0,99.359,1199.5,FLYING
3.315,-4.3243e-16,0,5.4668,-9.5416e-17,0,-0.052346,0.052346,0,1.912e-16,0,99.359,1199.4,FLYING
3.3175,-4.3267e-16,0,5.4666,-9.5332e-17,0,-0.051878,0.051878,0,1.9344e-16,0,99.358,1199.3,FLYING
3.32,-4.3291e-16,0,5.4665,-9.5248e-17,0,-0.051413,0.051413,0,1.9569e-16,0,99.358,1199.2,FLYING
3.3225,-4.3315e-16,0,5.4664,-9.5163e-17,0,-0.050949,0.050949,0,1.9776e-16,0,99.357,1199,FLYING
3.325,-4.3339e-16,0,5.4663,-9.5076e-17,0,-0.050488,0.050488,0,1.9966e-16,0,99.357,1198.9,FLYING
3.3275,-4.3362e-16,0,5.4661,-9.4989e-17,0,-0.05003,0.05003,0,2.014e-16,0,99.356,1198.8,FLYING
3.33,-4.3386e-16,0,5.466,-9.4901e-17,0,-0.049573,0.049573,0,2.0313e-16,0,99.356,1198.7,FLYING
3.3325,-4.341e-16,0,5.4659,-9.4813e-17,0,-0.049119,0.049119,0,2.0486e-16,0,99.355,1198.6,FLYING
3.335,-4.3433e-16,0,5.4658,-9.4723e-17,0,-0.048667,0.048667,0,2.066e-16,0,99.355,1198.5,FLYING
3.3375,-4.3457e-16,0,5.4656,-9.4633e-17,0,-0.048217,0.048217,0,2.0816e-16,0,99.354,1198.4,FLYING
3.34,-4.3481e-16,0,5.4655,-9.4542e-17,0,-0.047769,0.047769,0,2.0989e-16,0,99.354,1198.3,FLYING
3.3425,-4.3504e-16,0,5.4654,-9.4451e-17,0,-0.047324,0.047324,0,2.1162e-16,0,99.353,1198.2,FLYING
3.345,-4.3528e-16,0,5.4653,-9.4359e-17,0,-0.046881,0.046881,0,2.1318e-16,0,99.353,1198.1,FLYING
3.3475,-4.3552e-16,0,5.4652,-9.4266e-17,0,-0.04644,0.04644,0,2.1457e-16,0,99.352,1198,FLYING
3.35,-4.3575e-16,0,5.4651,-9.4172e-17,0,-0.046001,0.046001,0,2.1597e-16,0,99.352,1197.9,FLYING
3.3525,-4.3599e-16,0,5.4649,-9.4078e-17,0,-0.045565,0.045565,0,2.1736e-16,0,99.352,1197.7,FLYING
3.355,-4.3622e-16,0,5.4648,-9.3983e-17,0,-0.045131,0.045131,0,2.1858e-16,0,99.351,1197.6,FLYING
3.3575,-4.3646e-16,0,5.4647,-9.3888e-17,0,-0.044699,0.044699,0,2.1929e-16,0,99.351,1197.5,FLYING
3.36,-4.3669e-16,0,5.4646,-9.3793e-17,0,-0.044268,0.044268,0,2.1983e-16,0,99.35,1197.4,FLYING
3.3625,-4.3692e-16,0,5.4645,-9.3697e-17,0,-0.043841,0.043841,0,2.2003e-16,0,99.35,1197.3,FLYING
3.365,-4.3716e-16,0,5.4644,-9.3601e-17,0,-0.043415,0.043415,0,2.1989e-16,0,99.349,1197.2,FLYING
3.3675,-4.3739e-16,0,5.4643,-9.3505e-17,0,-0.042992,0.042992,0,2.1942e-16,0,99.349,1197.1,FLYING
3.37,-4.3763e-16,0,5.4642,-9.341e-17,0,-0.042571,0.042571,0,2.186e-16,0,99.348,1197,FLYING
3.3725,-4.3786e-16,0,5.4641,-9.3314e-17,0,-0.042152,0.042152,0,2.1762e-16,0,99.348,1196.9,FLYING
3.375,-4.3809e-16,0,5.464,-9.322e-17,0,-0.041735,0.041735,0,2.1629e-16,0,99.347,1196.8,FLYING
3.3775,-4.3832e-16,0,5.4639,-9.3125e-17,0,-0.041321,0.041321,0,2.148e-16,0,99.347,1196.7,FLYING
3.38,-4.3856e-16,0,5.4638,-9.3032e-17,0,-0.040908,0.040908,0,2.1297e-16,0,99.346,1196.6,FLYING
3.3825,-4.3879e-16,0,5.4637,-9.2939e-17,0,-0.040498,0.040498,0,2.108e-16,0,99.346,1196.5,FLYING
3.385,-4.3902e-16,0,5.4636,-9.2847e-17,0,-0.04009,0.04009,0,2.0829e-16,0,99.345,1196.4,FLYING
3.3875,-4.3925e-16,0,5.4635,-9.2757e-17,0,-0.039684,0.039684,0,2.0544e-16,0,99.345,1196.3,FLYING
3.39,-4.3949e-16,0,5.4634,-9.2667e-17,0,-0.03928,0.03928,0,2.0259e-16,0,99.344,1196.2,FLYING
3.3925,-4.3972e-16,0,5.4633,-9.2579e-17,0,-0.038878,0.038878,0,1.9957e-16,0,99.344,1196.1,FLYING
3.395,-4.3995e-16,0,5.4632,-9.2492e-17,0,-0.038479,0.038479,0,1.9656e-16,0,99.344,1196,FLYING
3.3975,-4.4018e-16,0,5.4631,-9.2407e-17,0,-0.038081,0.038081,0,1.9354e-16,0,99.343,1195.9,FLYING
3.4,-4.4041e-16,0,5.463,-9.2323e-17,0,-0.037686,0.037686,0,1.9036e-16,0,99.343,1195.8,FLYING
3.4025,-4.4064e-16,0,5.4629,-9.224e-17,0,-0.037293,0.037293,0,1.8718e-16,0,99.342,1195.7,FLYING
3.405,-4.4087e-16,0,5.4628,-9.2158e-17,0,-0.036902,0.036902,0,1.8382e-16,0,99.342,1195.6,FLYING
3.4075,-4.411e-16,0,5.4627,-9.2078e-17,0,-0.036513,0.036513,0,1.8047e-16,0,99.341,1195.5,FLYING
3.41,-4.4133e-16,0,5.4626,-9.2e-17,0,-0.036125,0.036125,0,1.7695e-16,0,99.341,1195.4,FLYING
3.4125,-4.4156e-16,0,5.4625,-9.1923e-17,0,-0.035741,0.035741,0,1.736e-16,0,99.34,1195.3,FLYING
3.415,-4.4179e-16,0,5.4624,-9.1847e-17,0,-0.035358,0.035358,0,1.7025e-16,0,99.34,1195.2,FLYING
3.4175,-4.4202e-16,0,5.4623,-9.1773e-17,0,-0.034977,0.034977,0,1.6691e-16,0,99.339,1195.1,FLYING
3.42,-4.4225e-16,0,5.4623,-9.1701e-17,0,-0.034599,0.034599,0,1.6373e-16,0,99.339,1195,FLYING
3.4225,-4.4248e-16,0,5.4622,-9.163e-17,0,-0.034222,0.034222,0,1.6055e-16,0,99.338,1194.9,FLYING
3.425,-4.4271e-16,0,5.4621,-9.156e-17,0,-0.033848,0.033848,0,1.5755e-16,0,99.338,1194.8,FLYING
3.4275,-4.4294e-16,0,5.462,-9.1491e-17,0,-0.033475,0.033475,0,1.5454e-16,0,99.337,1194.7,FLYING
3.43,-4.4316e-16,0,5.4619,-9.1424e-17,0,-0.033105,0.033105,0,1.5171e-16,0,99.337,1194.6,FLYING
3.4325,-4.4339e-16,0,5.4618,-9.1358e-17,0,-0.032736,0.032736,0,1.4887e-16,0,99.337,1194.5,FLYING
3.435,-4.4362e-16,0,5.4618,-9.1293e-17,0,-0.03237,0.03237,0,1.4604e-16,0,99.336,1194.4,FLYING
3.4375,-4.4385e-16,0,5.4617,-9.123e-17,0,-0.032006,0.032006,0,1.4321e-16,0,99.336,1194.3,FLYING
3.44,-4.4408e-16,0,5.4616,-9.1168e-17,0,-0.031643,0.031643,0,1.4037e-16,0,99.335,1194.2,FLYING
3.4425,-4.443e-16,0,5.4615,-9.1107e-17,0,-0.031283,0.031283,0,1.3754e-16,0,99.335,1194.1,FLYING
3.445,-4.4453e-16,0,5.4614,-9.1047e-17,0,-0.030925,0.030925,0,1.3488e-16,0,99.334,1194,FLYING
3.4475,-4.4476e-16,0,5.4614,-9.0988e-17,0,-0.030569,0.030569,0,1.3222e-16,0,99.334,1193.9,FLYING
3.45,-4.4499e-16,0,5.4613,-9.0931e-17,0,-0.030214,0.030214,0,1.2939e-16,0,99.333,1193.8,FLYING
3.4525,-4.4521e-16,0,5.4612,-9.0875e-17,0,-0.029862,0.029862,0,1.2639e-16,0,99.333,1193.7,FLYING
3.455,-4.4544e-16,0,5.4611,-9.082e-17,0,-0.029512,0.029512,0,1.2323e-16,0,99.332,1193.6,FLYING
3.4575,-4.4567e-16,0,5.4611,-9.0766e-17,0,-0.029164,0.029164,0,1.1989e-16,0,99.332,1193.5,FLYING
3.46,-4.459e-16,0,5.461,-9.0714e-17,0,-0.028817,0.028817,0,1.1656e-16,0,99.331,1193.4,FLYING
3.4625,-4.4612e-16,0,5.4609,-9.0664e-17,0,-0.028473,0.028473,0,1.1339e-16,0,99.331,1193.3,FLYING
3.465,-4.4635e-16,0,5.4609,-9.0614e-17,0,-0.02813,0.02813,0,1.1023e-16,0,99.33,1193.2,FLYING
3.4675,-4.4657e-16,0,5.4608,-9.0567e-17,0,-0.02779,0.02779,0,1.0689e-16,0,99.33,1193.1,FLYING
3.47,-4.468e-16,0,5.4607,-9.052e-17,0,-0.027451,0.027451,0,1.0356e-16,0,99.33,1193.1,FLYING
3.4725,-4.4703e-16,0,5.4607,-9.0475e-17,0,-0.027115,0.027115,0,1.0023e-16,0,99.329,1193,FLYING
3.475,-4.4725e-16,0,5.4606,-9.0432e-17,0,-0.02678,0.02678,0,9.6732e-17,0,99.329,1192.9,FLYING
3.4775,-4.4748e-16,0,5.4605,-9.039e-17,0,-0.026448,0.026448,0,9.3233e-17,0,99.328,1192.8,FLYING
3.48,-4.4771e-16,0,5.4605,-9.0349e-17,0,-0.026117,0.026117,0,8.9734e-17,0,99.328,1192.7,FLYING
3.4825,-4.4793e-16,0,5.4604,-9.031e-17,0,-0.025788,0.025788,0,8.6237e-17,0,99.327,1192.6,FLYING
3.485,-4.4816e-16,0,5.4603,-9.0273e-17,0,-0.025461,0.025461,0,8.2911e-17,0,99.327,1192.5,FLYING
3.4875,-4.4838e-16,0,5.4603,-9.0237e-17,0,-0.025136,0.025136,0,7.9585e-17,0,99.326,1192.4,FLYING
3.49,-4.4861e-16,0,5.4602,-9.0202e-17,0,-0.024813,0.024813,0,7.609e-17,0,99.326,1192.3,FLYING
3.4925,-4.4883e-16,0,5.4601,-9.0169e-17,0,-0.024491,0.024491,0,7.2596e-17,0,99.325,1192.2,FLYING
3.495,-4.4906e-16,0,5.4601,-9.0138e-17,0,-0.024172,0.024172,0,6.9273e-17,0,99.325,1192.1,FLYING
3.4975,-4.4928e-16,0,5.46,-9.0108e-17,0,-0.023855,0.023855,0,6.6289e-17,0,99.324,1192,FLYING
3.5,-4.4951e-16,0,5.46,-9.0079e-17,0,-0.023539,0.023539,0,6.3477e-17,0,99.324,1192,FLYING
3.5025,-4.4973e-16,0,5.4599,-9.0051e-17,0,-0.023225,0.023225,0,6.1173e-17,0,99.324,1191.9,FLYING
3.505,-4.4996e-16,0,5.4598,-9.0025e-17,0,-0.022913,0.022913,0,5.921e-17,0,99.323,1191.8,FLYING
3.5075,-4.5018e-16,0,5.4598,-8.9999e-17,0,-0.022603,0.022603,0,5.7586e-17,0,99.323,1191.7,FLYING
3.51,-4.5041e-16,0,5.4597,-8.9974e-17,0,-0.022295,0.022295,0,5.6133e-17,0,99.322,1191.6,FLYING
3.5125,-4.5063e-16,0,5.4597,-8.995e-17,0,-0.021988,0.021988,0,5.4849e-17,0,99.322,1191.5,FLYING
3.515,-4.5086e-16,0,5.4596,-8.9926e-17,0,-0.021684,0.021684,0,5.3905e-17,0,99.321,1191.4,FLYING
3.5175,-4.5108e-16,0,5.4596,-8.9903e-17,0,-0.021381,0.021381,0,5.347e-17,0,99.321,1191.3,FLYING
3.52,-4.5131e-16,0,5.4595,-8.9879e-17,0,-0.02108,0.02108,0,5.3374e-17,0,99.32,1191.2,FLYING
3.5225,-4.5153e-16,0,5.4595,-8.9856e-17,0,-0.020781,0.020781,0,5.3618e-17,0,99.32,1191.2,FLYING
3.525,-4.5176e-16,0,5.4594,-8.9833e-17,0,-0.020484,0.020484,0,5.4201e-17,0,99.319,1191.1,FLYING
3.5275,-4.5198e-16,0,5.4594,-8.981e-17,0,-0.020188,0.020188,0,5.5123e-17,0,99.319,1191,FLYING
3.53,-4.5221e-16,0,5.4593,-8.9786e-17,0,-0.019894,0.019894,0,5.6384e-17,0,99.318,1190.9,FLYING
3.5325,-4.5243e-16,0,5.4593,-8.9761e-17,0,-0.019602,0.019602,0,5.7814e-17,0,99.318,1190.8,FLYING
3.535,-4.5266e-16,0,5.4592,-8.9736e-17,0,-0.019312,0.019312,0,5.9414e-17,0,99.317,1190.7,FLYING
3.5375,-4.5288e-16,0,5.4592,-8.971e-17,0,-0.019024,0.019024,0,6.1522e-17,0,99.317,1190.6,FLYING
3.54,-4.531e-16,0,5.4591,-8.9684e-17,0,-0.018737,0.018737,0,6.3969e-17,0,99.317,1190.6,FLYING
3.5425,-4.5333e-16,0,5.4591,-8.9656e-17,0,-0.018452,0.018452,0,6.6585e-17,0,99.316,1190.5,FLYING
3.545,-4.5355e-16,0,5.459,-8.9627e-17,0,-0.018169,0.018169,0,6.9539e-17,0,99.316,1190.4,FLYING
3.5475,-4.5378e-16,0,5.459,-8.9597e-17,0,-0.017887,0.017887,0,7.2832e-17,0,99.315,1190.3,FLYING
3.55,-4.54e-16,0,5.4589,-8.9566e-17,0,-0.017608,0.017608,0,7.6464e-17,0,99.315,1190.2,FLYING
3.5525,-4.5422e-16,0,5.4589,-8.9532e-17,0,-0.01733,0.01733,0,8.0603e-17,0,99.314,1190.1,FLYING
3.555,-4.5445e-16,0,5.4589,-8.9497e-17,0,-0.017053,0.017053,0,8.5081e-17,0,99.314,1190.1,FLYING
3.5575,-4.5467e-16,0,5.4588,-8.9461e-17,0,-0.016779,0.016779,0,8.9727e-17,0,99.313,1190,FLYING
3.56,-4.5489e-16,0,5.4588,-8.9422e-17,0,-0.016506,0.016506,0,9.4202e-17,0,99.313,1189.9,FLYING
3.5625,-4.5512e-16,0,5.4587,-8.9381e-17,0,-0.016235,0.016235,0,9.8846e-17,0,99.312,1189.8,FLYING
3.565,-4.5534e-16,0,5.4587,-8.9338e-17,0,-0.015966,0.015966,0,1.0332e-16,0,99.312,1189.7,FLYING
3.5675,-4.5556e-16,0,5.4587,-8.9294e-17,0,-0.015698,0.015698,0,1.0779e-16,0,99.311,1189.6,FLYING
3.57,-4.5579e-16,0,5.4586,-8.9247e-17,0,-0.015432,0.015432,0,1.1209e-16,0,99.311,1189.6,FLYING
3.5725,-4.5601e-16,0,5.4586,-8.9198e-17,0,-0.015167,0.015167,0,1.1639e-16,0,99.311,1189.5,FLYING
3.575,-4.5623e-16,0,5.4585,-8.9148e-17,0,-0.014905,0.014905,0,1.2052e-16,0,99.31,1189.4,FLYING
3.5775,-4.5646e-16,0,5.4585,-8.9096e-17,0,-0.014643,0.014643,0,1.2448e-16,0,99.31,1189.3,FLYING
3.58,-4.5668e-16,0,5.4585,-8.9042e-17,0,-0.014384,0.014384,0,1.2827e-16,0,99.309,1189.3,FLYING
3.5825,-4.569e-16,0,5.4584,-8.8987e-17,0,-0.014126,0.014126,0,1.3206e-16,0,99.309,1189.2,FLYING
3.585,-4.5712e-16,0,5.4584,-8.8929e-17,0,-0.01387,0.01387,0,1.3584e-16,0,99.308,1189.1,FLYING
3.5875,-4.5735e-16,0,5.4584,-8.8871e-17,0,-0.013616,0.013616,0,1.3946e-16,0,99.308,1189,FLYING
3.59,-4.5757e-16,0,5.4583,-8.881e-17,0,-0.013363,0.013363,0,1.4307e-16,0,99.307,1188.9,FLYING
3.5925,-4.5779e-16,0,5.4583,-8.8748e-17,0,-0.013111,0.013111,0,1.4652e-16,0,99.307,1188.9,FLYING
3.595,-4.5801e-16,0,5.4583,-8.8685e-17,0,-0.012862,0.012862,0,1.4979e-16,0,99.306,1188.8,FLYING
3.5975,-4.5823e-16,0,5.4582,-8.862e-17,0,-0.012614,0.012614,0,1.5306e-16,0,99.306,1188.7,FLYING
3.6,-4.5845e-16,0,5.4582,-8.8554e-17,0,-0.012367,0.012367,0,1.5617e-16,0,99.305,1188.6,FLYING
3.6025,-4.5868e-16,0,5.4582,-8.8487e-17,0,-0.012122,0.012122,0,1.5944e-16,0,99.305,1188.6,FLYING
3.605,-4.589e-16,0,5.4581,-8.8418e-17,0,-0.011879,0.011879,0,1.6271e-16,0,99.304,1188.5,FLYING
3.6075,-4.5912e-16,0,5.4581,-8.8347e-17,0,-0.011637,0.011637,0,1.6581e-16,0,99.304,1188.4,FLYING
3.61,-4.5934e-16,0,5.4581,-8.8276e-17,0,-0.011397,0.011397,0,1.6908e-16,0,99.304,1188.3,FLYING
3.6125,-4.5956e-16,0,5.4581,-8.8203e-17,0,-0.011159,0.011159,0,1.7218e-16,0,99.303,1188.2,FLYING
3.615,-4.5978e-16,0,5.458,-8.8128e-17,0,-0.010922,0.010922,0,1.7527e-16,0,99.303,1188.2,FLYING
3.6175,-4.6e-16,0,5.458,-8.8053e-17,0,-0.010686,0.010686,0,1.7837e-16,0,99.302,1188.1,FLYING
3.62,-4.6022e-16,0,5.458,-8.7976e-17,0,-0.010452,0.010452,0,1.8147e-16,0,99.302,1188,FLYING
3.6225,-4.6044e-16,0,5.458,-8.7897e-17,0,-0.01022,0.01022,0,1.8439e-16,0,99.301,1188,FLYING
3.625,-4.6066e-16,0,5.4579,-8.7817e-17,0,-0.0099889,0.0099889,0,1.8732e-16,0,99.301,1187.9,FLYING
3.6275,-4.6088e-16,0,5.4579,-8.7737e-17,0,-0.0097596,0.0097596,0,1.9024e-16,0,99.3,1187.8,FLYING
3.63,-4.611e-16,0,5.4579,-8.7654e-17,0,-0.0095316,0.0095316,0,1.9316e-16,0,99.3,1187.7,FLYING
3.6325,-4.6132e-16,0,5.4579,-8.7571e-17,0,-0.0093054,0.0093054,0,1.9609e-16,0,99.299,1187.7,FLYING
3.635,-4.6153e-16,0,5.4578,-8.7486e-17,0,-0.0090806,0.0090806,0,1.9884e-16,0,99.299,1187.6,FLYING
3.6375,-4.6175e-16,0,5.4578,-8.74e-17,0,-0.0088573,0.0088573,0,2.0142e-16,0,99.298,1187.5,FLYING
3.64,-4.6197e-16,0,5.4578,-8.7313e-17,0,-0.0086354,0.0086354,0,2.0417e-16,0,99.298,1187.5,FLYING
3.6425,-4.6219e-16,0,5.4578,-8.7225e-17,0,-0.008415,0.008415,0,2.0692e-16,0,99.298,1187.4,FLYING
3.645,-4.6241e-16,0,5.4578,-8.7136e-17,0,-0.0081962,0.0081962,0,2.0967e-16,0,99.297,1187.3,FLYING
3.6475,-4.6262e-16,0,5.4577,-8.7045e-17,0,-0.0079788,0.0079788,0,2.1225e-16,0,99.297,1187.2,FLYING
3.65,-4.6284e-16,0,5.4577,-8.6954e-17,0,-0.0077628,0.0077628,0,2.1483e-16,0,99.296,1187.2,FLYING
3.6525,-4.6306e-16,0,5.4577,-8.6861e-17,0,-0.0075483,0.0075483,0,2.1741e-16,0,99.296,1187.1,FLYING
3.655,-4.6328e-16,0,5.4577,-8.6767e-17,0,-0.0073353,0.0073353,0,2.1982e-16,0,99.295,1187,FLYING
3.6575,-4.6349e-16,0,5.4577,-8.6672e-17,0,-0.0071238,0.0071238,0,2.2206e-16,0,99.295,1187,FLYING
3.66,-4.6371e-16,0,5.4576,-8.6576e-17,0,-0.0069135,0.0069135,0,2.2429e-16,0,99.294,1186.9,FLYING
3.6625,-4.6393e-16,0,5.4576,-8.648e-17,0,-0.0067048,0.0067048,0,2.2653e-16,0,99.294,1186.8,FLYING
3.665,-4.6414e-16,0,5.4576,-8.6382e-17,0,-0.0064975,0.0064975,0,2.2843e-16,0,99.293,1186.7,FLYING
3.6675,-4.6436e-16,0,5.4576,-8.6283e-17,0,-0.0062917,0.0062917,0,2.2981e-16,0,99.293,1186.7,FLYING
3.67,-4.6457e-16,0,5.4576,-8.6184e-17,0,-0.0060871,0.0060871,0,2.3086e-16,0,99.292,1186.6,FLYING
3.6725,-4.6479e-16,0,5.4576,-8.6085e-17,0,-0.005884,0.005884,0,2.3174e-16,0,99.292,1186.5,FLYING
3.675,-4.65e-16,0,5.4575,-8.5985e-17,0,-0.0056824,0.0056824,0,2.3228e-16,0,99.292,1186.5,FLYING
3.6775,-4.6522e-16,0,5.4575,-8.5884e-17,0,-0.0054821,0.0054821,0,2.3248e-16,0,99.291,1186.4,FLYING
3.68,-4.6543e-16,0,5.4575,-8.5784e-17,0,-0.0052831,0.0052831,0,2.3234e-16,0,99.291,1186.4,FLYING
3.6825,-4.6565e-16,0,5.4575,-8.5684e-17,0,-0.0050856,0.0050856,0,2.3169e-16,0,99.29,1186.3,FLYING
3.685,-4.6586e-16,0,5.4575,-8.5584e-17,0,-0.0048894,0.0048894,0,2.3053e-16,0,99.29,1186.2,FLYING
3.6875,-4.6607e-16,0,5.4575,-8.5484e-17,0,-0.0046947,0.0046947,0,2.292e-16,0,99.289,1186.1,FLYING
3.69,-4.6629e-16,0,5.4575,-8.5386e-17,0,-0.0045011,0.0045011,0,2.2737e-16,0,99.289,1186.1,FLYING
3.6925,-4.665e-16,0,5.4575,-8.5288e-17,0,-0.004309,0.004309,0,2.2502e-16,0,99.288,1186,FLYING
3.695,-4.6671e-16,0,5.4575,-8.519e-17,0,-0.0041183,0.0041183,0,2.2251e-16,0,99.288,1186,FLYING
3.6975,-4.6693e-16,0,5.4574,-8.5095e-17,0,-0.0039289,0.0039289,0,2.1949e-16,0,99.287,1185.9,FLYING
3.7,-4.6714e-16,0,5.4574,-8.5e-17,0,-0.0037407,0.0037407,0,2.1613e-16,0,99.287,1185.8,FLYING
3.7025,-4.6735e-16,0,5.4574,-8.4907e-17,0,-0.003554,0.003554,0,2.1226e-16,0,99.286,1185.8,FLYING
3.705,-4.6756e-16,0,5.4574,-8.4815e-17,0,-0.0033686,0.0033686,0,2.0788e-16,0,99.286,1185.7,FLYING
3.7075,-4.6777e-16,0,5.4574,-8.4726e-17,0,-0.0031845,0.0031845,0,2.0334e-16,0,99.286,1185.6,FLYING
3.71,-4.6799e-16,0,5.4574,-8.4638e-17,0,-0.0030016,0.0030016,0,1.9862e-16,0,99.285,1185.6,FLYING
3.7125,-4.682e-16,0,5.4574,-8.4552e-17,0,-0.00282,0.00282,0,1.9425e-16,0,99.285,1185.5,FLYING
3.715,-4.6841e-16,0,5.4574,-8.4469e-17,0,-0.0026399,0.0026399,0,1.9022e-16,0,99.284,1185.4,FLYING
3.7175,-4.6862e-16,0,5.4574,-8.4387e-17,0,-0.0024609,0.0024609,0,1.867e-16,0,99.284,1185.4,FLYING
3.72,-4.6883e-16,0,5.4574,-8.4306e-17,0,-0.0022832,0.0022832,0,1.8301e-16,0,99.283,1185.3,FLYING
3.7225,-4.6904e-16,0,5.4574,-8.4227e-17,0,-0.0021068,0.0021068,0,1.7915e-16,0,99.283,1185.3,FLYING
3.725,-4.6925e-16,0,5.4574,-8.415e-17,0,-0.0019317,0.0019317,0,1.7546e-16,0,99.282,1185.2,FLYING
3.7275,-4.6946e-16,0,5.4574,-8.4074e-17,0,-0.0017578,0.0017578,0,1.7177e-16,0,99.282,1185.1,FLYING
3.73,-4.6967e-16,0,5.4574,-8.4e-17,0,-0.0015851,0.0015851,0,1.6791e-16,0,99.281,1185.1,FLYING
3.7325,-4.6988e-16,0,5.4574,-8.3928e-17,0,-0.0014138,0.0014138,0,1.6423e-16,0,99.281,1185,FLYING
3.735,-4.7009e-16,0,5.4573,-8.3857e-17,0,-0.0012437,0.0012437,0,1.6054e-16,0,99.28,1185,FLYING
3.7375,-4.703e-16,0,5.4573,-8.3788e-17,0,-0.0010748,0.0010748,0,1.5702e-16,0,99.28,1184.9,FLYING
3.74,-4.7051e-16,0,5.4573,-8.372e-17,0,-0.00090706,0.00090706,0,1.5351e-16,0,99.28,1184.9,FLYING
3.7425,-4.7072e-16,0,5.4573,-8.3654e-17,0,-0.00074064,0.00074064,0,1.4983e-16,0,99.279,1184.8,FLYING
3.745,-4.7093e-16,0,5.4573,-8.359e-17,0,-0.00057547,0.00057547,0,1.4649e-16,0,99.279,1184.7,FLYING
3.7475,-4.7114e-16,0,5.4573,-8.3527e-17,0,-0.00041147,0.00041147,0,1.4314e-16,0,99.278,1184.7,FLYING
3.75,-4.7135e-16,0,5.4573,-8.3465e-17,0,-0.00024857,0.00024857,0,1.398e-16,0,99.278,1184.6,FLYING
3.7525,-4.7155e-16,0,5.4573,-8.3405e-17,0,-8.6974e-05,8.6974e-05,0,1.3646e-16,0,99.277,1184.6,FLYING
3.755,-4.7176e-16,0,5.4573,-8.3346e-17,0,7.3395e-05,7.3395e-05,0,1.3312e-16,0,99.277,1184.5,FLYING
3.7575,-4.7197e-16,0,5.4573,-8.3289e-17,0,0.00023261,0.00023261,0,1.2978e-16,0,99.276,1184.4,FLYING
3.76,-4.7218e-16,0,5.4573,-8.3233e-17,0,0.00039075,0.00039075,0,1.2628e-16,0,99.276,1184.4,FLYING
3.7625,-4.7239e-16,0,5.4573,-8.3178e-17,0,0.00054762,0.00054762,0,1.2277e-16,0,99.275,1184.3,FLYING
3.765,-4.7259e-16,0,5.4573,-8.3126e-17,0,0.00070328,0.00070328,0,1.1944e-16,0,99.275,1184.3,FLYING
3.7675,-4.728e-16,0,5.4573,-8.3074e-17,0,0.00085781,0.00085781,0,1.1661e-16,0,99.274,1184.2,FLYING
3.77,-4.7301e-16,0,5.4573,-8.3024e-17,0,0.0010113,0.0010113,0,1.1395e-16,0,99.274,1184.2,FLYING
3.7725,-4.7322e-16,0,5.4574,-8.2975e-17,0,0.0011635,0.0011635,0,1.1147e-16,0,99.274,1184.1,FLYING
3.775,-4.7342e-16,0,5.4574,-8.2927e-17,0,0.0013146,0.0013146,0,1.0932e-16,0,99.273,1184,FLYING
3.7775,-4.7363e-16,0,5.4574,-8.288e-17,0,0.0014645,0.0014645,0,1.0735e-16,0,99.273,1184,FLYING
3.78,-4.7384e-16,0,5.4574,-8.2834e-17,0,0.0016134,0.0016134,0,1.0571e-16,0,99.272,1183.9,FLYING
3.7825,-4.7405e-16,0,5.4574,-8.2788e-17,0,0.0017611,0.0017611,0,1.0425e-16,0,99.272,1183.9,FLYING
3.785,-4.7425e-16,0,5.4574,-8.2743e-17,0,0.0019077,0.0019077,0,1.0312e-16,0,99.271,1183.8,FLYING
3.7875,-4.7446e-16,0,5.4574,-8.2699e-17,0,0.0020531,0.0020531,0,1.0233e-16,0,99.271,1183.8,FLYING
3.79,-4.7467e-16,0,5.4574,-8.2655e-17,0,0.0021976,0.0021976,0,1.0189e-16,0,99.27,1183.7,FLYING
3.7925,-4.7487e-16,0,5.4574,-8.2611e-17,0,0.0023408,0.0023408,0,1.0161e-16,0,99.27,1183.7,FLYING
3.795,-4.7508e-16,0,5.4574,-8.2567e-17,0,0.0024829,0.0024829,0,1.0167e-16,0,99.269,1183.6,FLYING
3.7975,-4.7529e-16,0,5.4574,-8.2523e-17,0,0.002624,0.002624,0,1.019e-16,0,99.269,1183.6,FLYING
3.8,-4.7549e-16,0,5.4574,-8.248e-17,0,0.0027641,0.0027641,0,1.023e-16,0,99.268,1183.5,FLYING
3.8025,-4.757e-16,0,5.4574,-8.2436e-17,0,0.002903,0.002903,0,1.0287e-16,0,99.268,1183.5,FLYING
3.805,-4.759e-16,0,5.4574,-8.2391e-17,0,0.0030407,0.0030407,0,1.0361e-16,0,99.268,1183.4,FLYING
3.8075,-4.7611e-16,0,5.4574,-8.2347e-17,0,0.0031775,0.0031775,0,1.0452e-16,0,99.267,1183.4,FLYING
3.81,-4.7632e-16,0,5.4574,-8.2302e-17,0,0.0033133,0.0033133,0,1.0526e-16,0,99.267,1183.3,FLYING
3.8125,-4.7652e-16,0,5.4574,-8.2256e-17,0,0.0034479,0.0034479,0,1.06e-16,0,99.266,1183.3,FLYING
3.815,-4.7673e-16,0,5.4575,-8.2211e-17,0,0.0035815,0.0035815,0,1.0657e-16,0,99.266,1183.2,FLYING
3.8175,-4.7693e-16,0,5.4575,-8.2165e-17,0,0.003714,0.003714,0,1.0697e-16,0,99.265,1183.2,FLYING
3.82,-4.7714e-16,0,5.4575,-8.2119e-17,0,0.0038456,0.0038456,0,1.072e-16,0,99.265,1183.1,FLYING
3.8225,-4.7734e-16,0,5.4575,-8.2073e-17,0,0.0039761,0.0039761,0,1.0743e-16,0,99.264,1183.1,FLYING
3.825,-4.7755e-16,0,5.4575,-8.2027e-17,0,0.0041055,0.0041055,0,1.0749e-16,0,99.264,1183,FLYING
3.8275,-4.7775e-16,0,5.4575,-8.198e-17,0,0.0042339,0.0042339,0,1.0738e-16,0,99.263,1183,FLYING
3.83,-4.7796e-16,0,5.4575,-8.1934e-17,0,0.0043614,0.0043614,0,1.0745e-16,0,99.263,1182.9,FLYING
3.8325,-4.7816e-16,0,5.4575,-8.1888e-17,0,0.0044878,0.0044878,0,1.0768e-16,0,99.263,1182.9,FLYING
3.835,-4.7837e-16,0,5.4575,-8.1842e-17,0,0.0046132,0.0046132,0,1.0791e-16,0,99.262,1182.8,FLYING
3.8375,-4.7857e-16,0,5.4576,-8.1795e-17,0,0.0047376,0.0047376,0,1.0831e-16,0,99.262,1182.8,FLYING
3.84,-4.7878e-16,0,5.4576,-8.1749e-17,0,0.0048611,0.0048611,0,1.087e-16,0,99.261,1182.7,FLYING
3.8425,-4.7898e-16,0,5.4576,-8.1702e-17,0,0.0049835,0.0049835,0,1.091e-16,0,99.261,1182.7,FLYING
3.845,-4.7918e-16,0,5.4576,-8.1655e-17,0,0.0051049,0.0051049,0,1.0933e-16,0,99.26,1182.6,FLYING
3.8475,-4.7939e-16,0,5.4576,-8.1608e-17,0,0.0052253,0.0052253,0,1.0956e-16,0,99.26,1182.6,FLYING
3.85,-4.7959e-16,0,5.4576,-8.1561e-17,0,0.0053449,0.0053449,0,1.0979e-16,0,99.259,1182.5,FLYING
3.8525,-4.798e-16,0,5.4576,-8.1514e-17,0,0.0054634,0.0054634,0,1.1002e-16,0,99.259,1182.5,FLYING
3.855,-4.8e-16,0,5.4576,-8.1466e-17,0,0.0055809,0.0055809,0,1.1059e-16,0,99.258,1182.4,FLYING
3.8575,-4.802e-16,0,5.4577,-8.1419e-17,0,0.0056975,0.0056975,0,1.115e-16,0,99.258,1182.4,FLYING
3.86,-4.8041e-16,0,5.4577,-8.1371e-17,0,0.0058132,0.0058132,0,1.1292e-16,0,99.257,1182.4,FLYING
3.8625,-4.8061e-16,0,5.4577,-8.1322e-17,0,0.0059279,0.0059279,0,1.1484e-16,0,99.257,1182.3,FLYING
3.865,-4.8081e-16,0,5.4577,-8.1273e-17,0,0.0060417,0.0060417,0,1.1711e-16,0,99.257,1182.3,FLYING
3.8675,-4.8102e-16,0,5.4577,-8.1222e-17,0,0.0061545,0.0061545,0,1.1988e-16,0,99.256,1182.2,FLYING
3.87,-4.8122e-16,0,5.4577,-8.1171e-17,0,0.0062665,0.0062665,0,1.2282e-16,0,99.256,1182.2,FLYING
3.8725,-4.8142e-16,0,5.4577,-8.1118e-17,0,0.0063774,0.0063774,0,1.2593e-16,0,99.255,1182.1,FLYING
3.875,-4.8162e-16,0,5.4578,-8.1064e-17,0,0.0064875,0.0064875,0,1.2938e-16,0,99.255,1182.1,FLYING
3.8775,-4.8183e-16,0,5.4578,-8.1008e-17,0,0.0065966,0.0065966,0,1.3333e-16,0,99.254,1182,FLYING
3.88,-4.8203e-16,0,5.4578,-8.0951e-17,0,0.0067049,0.0067049,0,1.3746e-16,0,99.254,1182,FLYING
3.8825,-4.8223e-16,0,5.4578,-8.0892e-17,0,0.0068123,0.0068123,0,1.4175e-16,0,99.253,1181.9,FLYING
3.885,-4.8243e-16,0,5.4578,-8.0831e-17,0,0.0069187,0.0069187,0,1.4638e-16,0,99.253,1181.9,FLYING
3.8875,-4.8264e-16,0,5.4578,-8.0768e-17,0,0.0070242,0.0070242,0,1.5135e-16,0,99.252,1181.9,FLYING
3.89,-4.8284e-16,0,5.4579,-8.0703e-17,0,0.0071289,0.0071289,0,1.5666e-16,0,99.252,1181.8,FLYING
3.8925,-4.8304e-16,0,5.4579,-8.0636e-17,0,0.0072327,0.0072327,0,1.6231e-16,0,99.251,1181.8,FLYING
3.895,-4.8324e-16,0,5.4579,-8.0566e-17,0,0.0073356,0.0073356,0,1.6829e-16,0,99.251,1181.7,FLYING
3.8975,-4.8344e-16,0,5.4579,-8.0494e-17,0,0.0074376,0.0074376,0,1.7444e-16,0,99.251,1181.7,FLYING
3.9,-4.8364e-16,0,5.4579,-8.0419e-17,0,0.0075388,0.0075388,0,1.811e-16,0,99.25,1181.7,FLYING
3.9025,-4.8384e-16,0,5.458,-8.0341e-17,0,0.0076391,0.0076391,0,1.881e-16,0,99.25,1181.6,FLYING
3.905,-4.8404e-16,0,5.458,-8.026e-17,0,0.0077385,0.0077385,0,1.9544e-16,0,99.249,1181.6,FLYING
3.9075,-4.8424e-16,0,5.458,-8.0176e-17,0,0.0078371,0.0078371,0,2.0311e-16,0,99.249,1181.5,FLYING
3.91,-4.8444e-16,0,5.458,-8.0089e-17,0,0.0079349,0.0079349,0,2.1095e-16,0,99.248,1181.5,FLYING
3.9125,-4.8464e-16,0,5.458,-7.9998e-17,0,0.0080318,0.0080318,0,2.1895e-16,0,99.248,1181.4,FLYING
3.915,-4.8484e-16,0,5.4581,-7.9904e-17,0,0.0081278,0.0081278,0,2.2713e-16,0,99.247,1181.4,FLYING
3.9175,-4.8504e-16,0,5.4581,-7.9807e-17,0,0.0082231,0.0082231,0,2.3547e-16,0,99.247,1181.4,FLYING
3.92,-4.8524e-16,0,5.4581,-7.9705e-17,0,0.0083175,0.0083175,0,2.4398e-16,0,99.246,1181.3,FLYING
3.9225,-4.8544e-16,0,5.4581,-7.9601e-17,0,0.0084111,0.0084111,0,2.5266e-16,0,99.246,1181.3,FLYING
3.925,-4.8564e-16,0,5.4581,-7.9492e-17,0,0.0085038,0.0085038,0,2.6167e-16,0,99.246,1181.2,FLYING
3.9275,-4.8584e-16,0,5.4582,-7.938e-17,0,0.0085958,0.0085958,0,2.7103e-16,0,99.245,1181.2,FLYING
3.93,-4.8604e-16,0,5.4582,-7.9263e-17,0,0.008687,0.008687,0,2.8054e-16,0,99.245,1181.2,FLYING
3.9325,-4.8624e-16,0,5.4582,-7.9143e-17,0,0.0087773,0.0087773,0,2.8989e-16,0,99.244,1181.1,FLYING
3.935,-4.8643e-16,0,5.4582,-7.9018e-17,0,0.0088668,0.0088668,0,2.9924e-16,0,99.244,1181.1,FLYING
3.9375,-4.8663e-16,0,5.4583,-7.889e-17,0,0.0089556,0.0089556,0,3.0875e-16,0,99.243,1181.1,FLYING
3.94,-4.8683e-16,0,5.4583,-7.8757e-17,0,0.0090436,0.0090436,0,3.1809e-16,0,99.243,1181,FLYING
3.9425,-4.8702e-16,0,5.4583,-7.8621e-17,0,0.0091308,0.0091308,0,3.2726e-16,0,99.242,1181,FLYING
3.945,-4.8722e-16,0,5.4583,-7.848e-17,0,0.0092172,0.0092172,0,3.3642e-16,0,99.242,1180.9,FLYING
3.9475,-4.8742e-16,0,5.4583,-7.8336e-17,0,0.0093028,0.0093028,0,3.4541e-16,0,99.241,1180.9,FLYING
3.95,-4.8761e-16,0,5.4584,-7.8187e-17,0,0.0093877,0.0093877,0,3.5424e-16,0,99.241,1180.9,FLYING
3.9525,-4.8781e-16,0,5.4584,-7.8035e-17,0,0.0094718,0.0094718,0,3.6272e-16,0,99.24,1180.8,FLYING
3.955,-4.88e-16,0,5.4584,-7.7879e-17,0,0.0095551,0.0095551,0,3.7086e-16,0,99.24,1180.8,FLYING
3.9575,-4.8819e-16,0,5.4584,-7.772e-17,0,0.0096376,0.0096376,0,3.7865e-16,0,99.24,1180.8,FLYING
3.96,-4.8839e-16,0,5.4585,-7.7558e-17,0,0.0097195,0.0097195,0,3.8611e-16,0,99.239,1180.7,FLYING
3.9625,-4.8858e-16,0,5.4585,-7.7392e-17,0,0.0098006,0.0098006,0,3.9339e-16,0,99.239,1180.7,FLYING
3.965,-4.8878e-16,0,5.4585,-7.7223e-17,0,0.0098809,0.0098809,0,4.0034e-16,0,99.238,1180.7,FLYING
3.9675,-4.8897e-16,0,5.4585,-7.7051e-17,0,0.0099605,0.0099605,0,4.0711e-16,0,99.238,1180.6,FLYING
3.97,-4.8916e-16,0,5.4586,-7.6876e-17,0,0.010039,0.010039,0,4.1337e-16,0,99.237,1180.6,FLYING
3.9725,-4.8935e-16,0,5.4586,-7.6699e-17,0,0.010118,0.010118,0,4.1929e-16,0,99.237,1180.5,FLYING
3.975,-4.8954e-16,0,5.4586,-7.6519e-17,0,0.010195,0.010195,0,4.2487e-16,0,99.236,1180.5,FLYING
3.9775,-4.8973e-16,0,5.4586,-7.6336e-17,0,0.010272,0.010272,0,4.2994e-16,0,99.236,1180.5,FLYING
3.98,-4.8992e-16,0,5.4587,-7.6152e-17,0,0.010348,0.010348,0,4.3467e-16,0,99.235,1180.4,FLYING
3.9825,-4.9011e-16,0,5.4587,-7.5965e-17,0,0.010423,0.010423,0,4.3889e-16,0,99.235,1180.4,FLYING
3.985,-4.903e-16,0,5.4587,-7.5777e-17,0,0.010497,0.010497,0,4.426e-16,0,99.235,1180.4,FLYING
3.9875,-4.9049e-16,0,5.4587,-7.5587e-17,0,0.010571,0.010571,0,4.4597e-16,0,99.234,1180.3,FLYING
3.99,-4.9068e-16,0,5.4588,-7.5395e-17,0,0.010644,0.010644,0,4.49e-16,0,99.234,1180.3,FLYING
3.9925,-4.9087e-16,0,5.4588,-7.5203e-17,0,0.010717,0.010717,0,4.5152e-16,0,99.233,1180.3,FLYING
3.995,-4.9106e-16,0,5.4588,-7.5009e-17,0,0.010789,0.010789,0,4.537e-16,0,99.233,1180.2,FLYING
3.9975,-4.9124e-16,0,5.4589,-7.4814e-17,0,0.01086,0.01086,0,4.5554e-16,0,99.232,1180.2,FLYING
4,-4.9143e-16,0,5.4589,-7.4619e-17,0,0.01093,0.01093,0,4.5687e-16,0,99.232,1180.2,FLYING
4.0025,-4.9162e-16,0,5.4589,-7.4423e-17,0,0.011,0.011,0,4.5786e-16,0,99.231,1180.1,FLYING
4.005,-4.918e-16,0,5.4589,-7.4226e-17,0,0.011069,0.011069,0,4.5834e-16,0,99.231,1180.1,FLYING
4.0075,-4.9199e-16,0,5.459,-7.403e-17,0,0.011137,0.011137,0,4.5849e-16,0,99.23,1180.1,FLYING
4.01,-4.9217e-16,0,5.459,-7.3833e-17,0,0.011205,0.011205,0,4.5829e-16,0,99.23,1180.1,FLYING
4.0125,-4.9236e-16,0,5.459,-7.3636e-17,0,0.011272,0.011272,0,4.5758e-16,0,99.229,1180,FLYING
4.015,-4.9254e-16,0,5.459,-7.344e-17,0,0.011339,0.011339,0,4.5671e-16,0,99.229,1180,FLYING
4.0175,-4.9272e-16,0,5.4591,-7.3244e-17,0,0.011404,0.011404,0,4.5566e-16,0,99.229,1180,FLYING
4.02,-4.9291e-16,0,5.4591,-7.3048e-17,0,0.01147,0.01147,0,4.5445e-16,0,99.228,1179.9,FLYING
4.0225,-4.9309e-16,0,5.4591,-7.2853e-17,0,0.011534,0.011534,0,4.5273e-16,0,99.228,1179.9,FLYING
4.025,-4.9327e-16,0,5.4592,-7.2659e-17,0,0.011598,0.011598,0,4.5067e-16,0,99.227,1179.9,FLYING
4.0275,-4.9345e-16,0,5.4592,-7.2466e-17,0,0.011661,0.011661,0,4.4827e-16,0,99.227,1179.8,FLYING
4.03,-4.9363e-16,0,5.4592,-7.2273e-17,0,0.011724,0.011724,0,4.4553e-16,0,99.226,1179.8,FLYING
4.0325,-4.9381e-16,0,5.4592,-7.2082e-17,0,0.011786,0.011786,0,4.4262e-16,0,99.226,1179.8,FLYING
4.035,-4.9399e-16,0,5.4593,-7.1892e-17,0,0.011847,0.011847,0,4.3954e-16,0,99.225,1179.7,FLYING
4.0375,-4.9417e-16,0,5.4593,-7.1704e-17,0,0.011908,0.011908,0,4.3596e-16,0,99.225,1179.7,FLYING
4.04,-4.9435e-16,0,5.4593,-7.1517e-17,0,0.011968,0.011968,0,4.3187e-16,0,99.224,1179.7,FLYING
4.0425,-4.9453e-16,0,5.4594,-7.1332e-17,0,0.012027,0.012027,0,4.2727e-16,0,99.224,1179.7,FLYING
4.045,-4.947e-16,0,5.4594,-7.1148e-17,0,0.012086,0.012086,0,4.2216e-16,0,99.224,1179.6,FLYING
4.0475,-4.9488e-16,0,5.4594,-7.0967e-17,0,0.012144,0.012144,0,4.1671e-16,0,99.223,1179.6,FLYING
4.05,-4.9506e-16,0,5.4595,-7.0788e-17,0,0.012202,0.012202,0,4.1093e-16,0,99.223,1179.6,FLYING
4.0525,-4.9524e-16,0,5.4595,-7.0612e-17,0,0.012259,0.012259,0,4.0464e-16,0,99.222,1179.5,FLYING
4.055,-4.9541e-16,0,5.4595,-7.0439e-17,0,0.012316,0.012316,0,3.9784e-16,0,99.222,1179.5,FLYING
4.0575,-4.9559e-16,0,5.4596,-7.0268e-17,0,0.012371,0.012371,0,3.9104e-16,0,99.221,1179.5,FLYING
4.06,-4.9576e-16,0,5.4596,-7.01e-17,0,0.012427,0.012427,0,3.8424e-16,0,99.221,1179.5,FLYING
4.0625,-4.9594e-16,0,5.4596,-6.9936e-17,0,0.012482,0.012482,0,3.7728e-16,0,99.22,1179.4,FLYING
4.065,-4.9611e-16,0,5.4596,-6.9774e-17,0,0.012536,0.012536,0,3.7032e-16,0,99.22,1179.4,FLYING
4.0675,-4.9629e-16,0,5.4597,-6.9615e-17,0,0.012589,0.012589,0,3.6319e-16,0,99.219,1179.4,FLYING
4.07,-4.9646e-16,0,5.4597,-6.9459e-17,0,0.012642,0.012642,0,3.5606e-16,0,99.219,1179.3,FLYING
4.0725,-4.9663e-16,0,5.4597,-6.9306e-17,0,0.012695,0.012695,0,3.4894e-16,0,99.218,1179.3,FLYING
4.075,-4.9681e-16,0,5.4598,-6.9157e-17,0,0.012747,0.012747,0,3.4164e-16,0,99.218,1179.3,FLYING
4.0775,-4.9698e-16,0,5.4598,-6.901e-17,0,0.012798,0.012798,0,3.3418e-16,0,99.218,1179.3,FLYING
4.08,-4.9715e-16,0,5.4598,-6.8867e-17,0,0.012849,0.012849,0,3.2655e-16,0,99.217,1179.2,FLYING
4.0825,-4.9732e-16,0,5.4599,-6.8727e-17,0,0.012899,0.012899,0,3.1892e-16,0,99.217,1179.2,FLYING
4.085,-4.9749e-16,0,5.4599,-6.859e-17,0,0.012949,0.012949,0,3.1113e-16,0,99.216,1179.2,FLYING
4.0875,-4.9767e-16,0,5.4599,-6.8457e-17,0,0.012998,0.012998,0,3.0333e-16,0,99.216,1179.2,FLYING
4.09,-4.9784e-16,0,5.46,-6.8327e-17,0,0.013047,0.013047,0,2.9537e-16,0,99.215,1179.1,FLYING
4.0925,-4.9801e-16,0,5.46,-6.82e-17,0,0.013095,0.013095,0,2.8741e-16,0,99.215,1179.1,FLYING
4.095,-4.9818e-16,0,5.46,-6.8077e-17,0,0.013142,0.013142,0,2.7946e-16,0,99.214,1179.1,FLYING
4.0975,-4.9835e-16,0,5.4601,-6.7957e-17,0,0.013189,0.013189,0,2.7133e-16,0,99.214,1179.1,FLYING
4.1,-4.9852e-16,0,5.4601,-6.7841e-17,0,0.013236,0.013236,0,2.6338e-16,0,99.213,1179,FLYING
4.1025,-4.9869e-16,0,5.4601,-6.7728e-17,0,0.013282,0.013282,0,2.5543e-16,0,99.213,1179,FLYING
4.105,-4.9885e-16,0,5.4602,-6.7618e-17,0,0.013327,0.013327,0,2.4731e-16,0,99.213,1179,FLYING
4.1075,-4.9902e-16,0,5.4602,-6.7512e-17,0,0.013372,0.013372,0,2.3919e-16,0,99.212,1179,FLYING
4.11,-4.9919e-16,0,5.4602,-6.741e-17,0,0.013416,0.013416,0,2.3091e-16,0,99.212,1178.9,FLYING
4.1125,-4.9936e-16,0,5.4603,-6.7311e-17,0,0.01346,0.01346,0,2.2263e-16,0,99.211,1178.9,FLYING
4.115,-4.9953e-16,0,5.4603,-6.7215e-17,0,0.013504,0.013504,0,2.1418e-16,0,99.211,1178.9,FLYING
4.1175,-4.997e-16,0,5.4603,-6.7123e-17,0,0.013547,0.013547,0,2.0556e-16,0,99.21,1178.9,FLYING
4.12,-4.9986e-16,0,5.4604,-6.7035e-17,0,0.013589,0.013589,0,1.9694e-16,0,99.21,1178.8,FLYING
4.1225,-5.0003e-16,0,5.4604,-6.6951e-17,0,0.013631,0.013631,0,1.8816e-16,0,99.209,1178.8,FLYING
4.125,-5.002e-16,0,5.4604,-6.687e-17,0,0.013672,0.013672,0,1.7921e-16,0,99.209,1178.8,FLYING
4.1275,-5.0037e-16,0,5.4605,-6.6793e-17,0,0.013713,0.013713,0,1.7043e-16,0,99.208,1178.8,FLYING
4.13,-5.0053e-16,0,5.4605,-6.672e-17,0,0.013754,0.013754,0,1.6183e-16,0,99.208,1178.7,FLYING
4.1325,-5.007e-16,0,5.4605,-6.6651e-17,0,0.013794,0.013794,0,1.5305e-16,0,99.207,1178.7,FLYING
4.135,-5.0086e-16,0,5.4606,-6.6585e-17,0,0.013833,0.013833,0,1.4411e-16,0,99.207,1178.7,FLYING
4.1375,-5.0103e-16,0,5.4606,-6.6524e-17,0,0.013872,0.013872,0,1.35e-16,0,99.207,1178.7,FLYING
4.14,-5.012e-16,0,5.4606,-6.6466e-17,0,0.013911,0.013911,0,1.259e-16,0,99.206,1178.7,FLYING
4.1425,-5.0136e-16,0,5.4607,-6.6412e-17,0,0.013949,0.013949,0,1.1662e-16,0,99.206,1178.6,FLYING
4.145,-5.0153e-16,0,5.4607,-6.6362e-17,0,0.013987,0.013987,0,1.0752e-16,0,99.205,1178.6,FLYING
4.1475,-5.017e-16,0,5.4607,-6.6316e-17,0,0.014024,0.014024,0,9.8423e-17,0,99.205,1178.6,FLYING
4.15,-5.0186e-16,0,5.4608,-6.6273e-17,0,0.014061,0.014061,0,8.9156e-17,0,99.204,1178.6,FLYING
4.1525,-5.0203e-16,0,5.4608,-6.6235e-17,0,0.014097,0.014097,0,8.023e-17,0,99.204,1178.5,FLYING
4.155,-5.0219e-16,0,5.4609,-6.6201e-17,0,0.014133,0.014133,0,7.1647e-17,0,99.203,1178.5,FLYING
4.1575,-5.0236e-16,0,5.4609,-6.617e-17,0,0.014168,0.014168,0,6.3574e-17,0,99.203,1178.5,FLYING
4.16,-5.0252e-16,0,5.4609,-6.6143e-17,0,0.014203,0.014203,0,5.5843e-17,0,99.202,1178.5,FLYING
4.1625,-5.0269e-16,0,5.461,-6.6119e-17,0,0.014237,0.014237,0,4.8452e-17,0,99.202,1178.5,FLYING
4.165,-5.0285e-16,0,5.461,-6.6098e-17,0,0.014271,0.014271,0,4.1233e-17,0,99.202,1178.4,FLYING
4.1675,-5.0302e-16,0,5.461,-6.608e-17,0,0.014305,0.014305,0,3.4186e-17,0,99.201,1178.4,FLYING
4.17,-5.0318e-16,0,5.4611,-6.6066e-17,0,0.014338,0.014338,0,2.748e-17,0,99.201,1178.4,FLYING
4.1725,-5.0335e-16,0,5.4611,-6.6054e-17,0,0.014371,0.014371,0,2.0945e-17,0,99.2,1178.4,FLYING
4.175,-5.0351e-16,0,5.4611,-6.6045e-17,0,0.014403,0.014403,0,1.4581e-17,0,99.2,1178.3,FLYING
4.1775,-5.0368e-16,0,5.4612,-6.6039e-17,0,0.014435,0.014435,0,8.5582e-18,0,99.199,1178.3,FLYING
4.18,-5.0384e-16,0,5.4612,-6.6035e-17,0,0.014467,0.014467,0,2.7064e-18,0,99.199,1178.3,FLYING
4.1825,-5.0401e-16,0,5.4612,-6.6034e-17,0,0.014498,0.014498,0,-2.8047e-18,0,99.198,1178.3,FLYING
4.185,-5.0417e-16,0,5.4613,-6.6035e-17,0,0.014528,0.014528,0,-8.1447e-18,0,99.198,1178.3,FLYING
4.1875,-5.0434e-16,0,5.4613,-6.6039e-17,0,0.014559,0.014559,0,-1.3314e-17,0,99.197,1178.2,FLYING
4.19,-5.045e-16,0,5.4614,-6.6044e-17,0,0.014588,0.014588,0,-1.8312e-17,0,99.197,1178.2,FLYING
4.1925,-5.0467e-16,0,5.4614,-6.6052e-17,0,0.014618,0.014618,0,-2.3139e-17,0,99.197,1178.2,FLYING
4.195,-5.0483e-16,0,5.4614,-6.6062e-17,0,0.014647,0.014647,0,-2.7796e-17,0,99.196,1178.2,FLYING
4.1975,-5.05e-16,0,5.4615,-6.6074e-17,0,0.014675,0.014675,0,-3.2112e-17,0,99.196,1178.2,FLYING
4.2,-5.0517e-16,0,5.4615,-6.6088e-17,0,0.014704,0.014704,0,-3.6087e-17,0,99.195,1178.2,FLYING
4.2025,-5.0533e-16,0,5.4615,-6.6103e-17,0,0.014731,0.014731,0,-3.9892e-17,0,99.195,1178.1,FLYING
4.205,-5.055e-16,0,5.4616,-6.612e-17,0,0.014759,0.014759,0,-4.3357e-17,0,99.194,1178.1,FLYING
4.2075,-5.0566e-16,0,5.4616,-6.6139e-17,0,0.014786,0.014786,0,-4.6652e-17,0,99.194,1178.1,FLYING
4.21,-5.0583e-16,0,5.4617,-6.6159e-17,0,0.014813,0.014813,0,-4.9606e-17,0,99.193,1178.1,FLYING
4.2125,-5.0599e-16,0,5.4617,-6.618e-17,0,0.014839,0.014839,0,-5.222e-17,0,99.193,1178.1,FLYING
4.215,-5.0616e-16,0,5.4617,-6.6202e-17,0,0.014865,0.014865,0,-5.4494e-17,0,99.192,1178,FLYING
4.2175,-5.0632e-16,0,5.4618,-6.6225e-17,0,0.01489,0.01489,0,-5.6599e-17,0,99.192,1178,FLYING
4.22,-5.0649e-16,0,5.4618,-6.625e-17,0,0.014915,0.014915,0,-5.8363e-17,0,99.191,1178,FLYING
4.2225,-5.0665e-16,0,5.4618,-6.6275e-17,0,0.01494,0.01494,0,-5.9788e-17,0,99.191,1178,FLYING
4.225,-5.0682e-16,0,5.4619,-6.63e-17,0,0.014965,0.014965,0,-6.1042e-17,0,99.191,1178,FLYING
4.2275,-5.0699e-16,0,5.4619,-6.6326e-17,0,0.014989,0.014989,0,-6.1957e-17,0,99.19,1178,FLYING
4.23,-5.0715e-16,0,5.4619,-6.6353e-17,0,0.015012,0.015012,0,-6.2533e-17,0,99.19,1177.9,FLYING
4.2325,-5.0732e-16,0,5.462,-6.638e-17,0,0.015036,0.015036,0,-6.2769e-17,0,99.189,1177.9,FLYING
4.235,-5.0748e-16,0,5.462,-6.6407e-17,0,0.015058,0.015058,0,-6.2496e-17,0,99.189,1177.9,FLYING
4.2375,-5.0765e-16,0,5.4621,-6.6433e-17,0,0.015081,0.015081,0,-6.1885e-17,0,99.188,1177.9,FLYING
4.24,-5.0782e-16,0,5.4621,-6.646e-17,0,0.015103,0.015103,0,-6.0934e-17,0,99.188,1177.9,FLYING
4.2425,-5.0798e-16,0,5.4621,-6.6486e-17,0,0.015125,0.015125,0,-5.9643e-17,0,99.187,1177.8,FLYING
4.245,-5.0815e-16,0,5.4622,-6.6511e-17,0,0.015147,0.015147,0,-5.8184e-17,0,99.187,1177.8,FLYING
4.2475,-5.0831e-16,0,5.4622,-6.6536e-17,0,0.015168,0.015168,0,-5.6386e-17,0,99.186,1177.8,FLYING
4.25,-5.0848e-16,0,5.4623,-6.656e-17,0,0.015189,0.015189,0,-5.4249e-17,0,99.186,1177.8,FLYING
4.2525,-5.0865e-16,0,5.4623,-6.6584e-17,0,0.015209,0.015209,0,-5.1773e-17,0,99.186,1177.8,FLYING
4.255,-5.0881e-16,0,5.4623,-6.6606e-17,0,0.015229,0.015229,0,-4.8789e-17,0,99.185,1177.8,FLYING
4.2575,-5.0898e-16,0,5.4624,-6.6627e-17,0,0.015249,0.015249,0,-4.5466e-17,0,99.185,1177.8,FLYING
4.26,-5.0915e-16,0,5.4624,-6.6646e-17,0,0.015269,0.015269,0,-4.1975e-17,0,99.184,1177.7,FLYING
4.2625,-5.0931e-16,0,5.4624,-6.6664e-17,0,0.015288,0.015288,0,-3.8145e-17,0,99.184,1177.7,FLYING
4.265,-5.0948e-16,0,5.4625,-6.668e-17,0,0.015307,0.015307,0,-3.4147e-17,0,99.183,1177.7,FLYING
4.2675,-5.0965e-16,0,5.4625,-6.6695e-17,0,0.015325,0.015325,0,-2.9641e-17,0,99.183,1177.7,FLYING
4.27,-5.0981e-16,0,5.4626,-6.6708e-17,0,0.015344,0.015344,0,-2.4966e-17,0,99.182,1177.7,FLYING
4.2725,-5.0998e-16,0,5.4626,-6.6718e-17,0,0.015361,0.015361,0,-2.0122e-17,0,99.182,1177.7,FLYING
4.275,-5.1015e-16,0,5.4626,-6.6727e-17,0,0.015379,0.015379,0,-1.4771e-17,0,99.181,1177.6,FLYING
4.2775,-5.1031e-16,0,5.4627,-6.6733e-17,0,0.015396,0.015396,0,-9.2522e-18,0,99.181,1177.6,FLYING
4.28,-5.1048e-16,0,5.4627,-6.6737e-17,0,0.015413,0.015413,0,-3.5647e-18,0,99.181,1177.6,FLYING
4.2825,-5.1065e-16,0,5.4627,-6.6739e-17,0,0.01543,0.01543,0,2.291e-18,0,99.18,1177.6,FLYING
4.285,-5.1082e-16,0,5.4628,-6.6738e-17,0,0.015446,0.015446,0,8.3149e-18,0,99.18,1177.6,FLYING
4.2875,-5.1098e-16,0,5.4628,-6.6734e-17,0,0.015462,0.015462,0,1.4507e-17,0,99.179,1177.6,FLYING
4.29,-5.1115e-16,0,5.4629,-6.6728e-17,0,0.015478,0.015478,0,2.0867e-17,0,99.179,1177.6,FLYING
4.2925,-5.1132e-16,0,5.4629,-6.6719e-17,0,0.015493,0.015493,0,2.7056e-17,0,99.178,1177.5,FLYING
4.295,-5.1148e-16,0,5.4629,-6.6707e-17,0,0.015508,0.015508,0,3.3243e-17,0,99.178,1177.5,FLYING
4.2975,-5.1165e-16,0,5.463,-6.6693e-17,0,0.015523,0.015523,0,3.9429e-17,0,99.177,1177.5,FLYING
4.3,-5.1182e-16,0,5.463,-6.6676e-17,0,0.015538,0.015538,0,4.5443e-17,0,99.177,1177.5,FLYING
4.3025,-5.1198e-16,0,5.4631,-6.6657e-17,0,0.015552,0.015552,0,5.1626e-17,0,99.176,1177.5,FLYING
4.305,-5.1215e-16,0,5.4631,-6.6635e-17,0,0.015566,0.015566,0,5.7638e-17,0,99.176,1177.5,FLYING
4.3075,-5.1232e-16,0,5.4631,-6.661e-17,0,0.015579,0.015579,0,6.3478e-17,0,99.176,1177.5,FLYING
4.31,-5.1248e-16,0,5.4632,-6.6583e-17,0,0.015593,0.015593,0,6.9147e-17,0,99.175,1177.4,FLYING
4.3125,-5.1265e-16,0,5.4632,-6.6553e-17,0,0.015606,0.015606,0,7.4815e-17,0,99.175,1177.4,FLYING
4.315,-5.1281e-16,0,5.4633,-6.6521e-17,0,0.015619,0.015619,0,8.0312e-17,0,99.174,1177.4,FLYING
4.3175,-5.1298e-16,0,5.4633,-6.6487e-17,0,0.015631,0.015631,0,8.5808e-17,0,99.174,1177.4,FLYING
4.32,-5.1315e-16,0,5.4633,-6.645e-17,0,0.015643,0.015643,0,9.1302e-17,0,99.173,1177.4,FLYING
4.3225,-5.1331e-16,0,5.4634,-6.6411e-17,0,0.015655,0.015655,0,9.6625e-17,0,99.173,1177.4,FLYING
4.325,-5.1348e-16,0,5.4634,-6.6369e-17,0,0.015667,0.015667,0,1.0178e-16,0,99.172,1177.4,FLYING
4.3275,-5.1364e-16,0,5.4634,-6.6326e-17,0,0.015678,0.015678,0,1.0676e-16,0,99.172,1177.3,FLYING
4.33,-5.1381e-16,0,5.4635,-6.628e-17,0,0.01569,0.01569,0,1.1174e-16,0,99.171,1177.3,FLYING
4.3325,-5.1398e-16,0,5.4635,-6.6232e-17,0,0.0157,0.0157,0,1.1655e-16,0,99.171,1177.3,FLYING
4.335,-5.1414e-16,0,5.4636,-6.6182e-17,0,0.015711,0.015711,0,1.2119e-16,0,99.17,1177.3,FLYING
4.3375,-5.1431e-16,0,5.4636,-6.613e-17,0,0.015721,0.015721,0,1.2582e-16,0,99.17,1177.3,FLYING
4.34,-5.1447e-16,0,5.4636,-6.6077e-17,0,0.015732,0.015732,0,1.2995e-16,0,99.17,1177.3,FLYING
4.3425,-5.1464e-16,0,5.4637,-6.6021e-17,0,0.015741,0.015741,0,1.3408e-16,0,99.169,1177.3,FLYING
4.345,-5.148e-16,0,5.4637,-6.5964e-17,0,0.015751,0.015751,0,1.382e-16,0,99.169,1177.3,FLYING
4.3475,-5.1497e-16,0,5.4638,-6.5904e-17,0,0.01576,0.01576,0,1.4232e-16,0,99.168,1177.2,FLYING
4.35,-5.1513e-16,0,5.4638,-6.5843e-17,0,0.015769,0.015769,0,1.4645e-16,0,99.168,1177.2,FLYING
4.3525,-5.153e-16,0,5.4638,-6.5781e-17,0,0.015778,0.015778,0,1.504e-16,0,99.167,1177.2,FLYING
4.355,-5.1546e-16,0,5.4639,-6.5716e-17,0,0.015787,0.015787,0,1.5401e-16,0,99.167,1177.2,FLYING
4.3575,-5.1562e-16,0,5.4639,-6.565e-17,0,0.015795,0.015795,0,1.5711e-16,0,99.166,1177.2,FLYING
4.36,-5.1579e-16,0,5.464,-6.5583e-17,0,0.015803,0.015803,0,1.5988e-16,0,99.166,1177.2,FLYING
4.3625,-5.1595e-16,0,5.464,-6.5515e-17,0,0.015811,0.015811,0,1.6213e-16,0,99.165,1177.2,FLYING
4.365,-5.1612e-16,0,5.464,-6.5445e-17,0,0.015819,0.015819,0,1.6404e-16,0,99.165,1177.2,FLYING
4.3675,-5.1628e-16,0,5.4641,-6.5375e-17,0,0.015826,0.015826,0,1.6561e-16,0,99.165,1177.2,FLYING
4.37,-5.1644e-16,0,5.4641,-6.5304e-17,0,0.015833,0.015833,0,1.6685e-16,0,99.164,1177.1,FLYING
4.3725,-5.1661e-16,0,5.4642,-6.5233e-17,0,0.01584,0.01584,0,1.6757e-16,0,99.164,1177.1,FLYING
4.375,-5.1677e-16,0,5.4642,-6.5161e-17,0,0.015847,0.015847,0,1.6813e-16,0,99.163,1177.1,FLYING
4.3775,-5.1693e-16,0,5.4642,-6.5089e-17,0,0.015853,0.015853,0,1.6851e-16,0,99.163,1177.1,FLYING
4.38,-5.1709e-16,0,5.4643,-6.5017e-17,0,0.015859,0.015859,0,1.6856e-16,0,99.162,1177.1,FLYING
4.3825,-5.1726e-16,0,5.4643,-6.4945e-17,0,0.015865,0.015865,0,1.6826e-16,0,99.162,1177.1,FLYING
4.385,-5.1742e-16,0,5.4644,-6.4873e-17,0,0.015871,0.015871,0,1.6763e-16,0,99.161,1177.1,FLYING
4.3875,-5.1758e-16,0,5.4644,-6.4801e-17,0,0.015877,0.015877,0,1.6666e-16,0,99.161,1177.1,FLYING
4.39,-5.1774e-16,0,5.4644,-6.473e-17,0,0.015882,0.015882,0,1.6552e-16,0,99.16,1177.1,FLYING
4.3925,-5.179e-16,0,5.4645,-6.4659e-17,0,0.015887,0.015887,0,1.6454e-16,0,99.16,1177,FLYING
4.395,-5.1806e-16,0,5.4645,-6.4588e-17,0,0.015892,0.015892,0,1.6357e-16,0,99.16,1177,FLYING
4.3975,-5.1823e-16,0,5.4646,-6.4518e-17,0,0.015897,0.015897,0,1.6277e-16,0,99.159,1177,FLYING
4.4,-5.1839e-16,0,5.4646,-6.4449e-17,0,0.015901,0.015901,0,1.6197e-16,0,99.159,1177,FLYING
4.4025,-5.1855e-16,0,5.4646,-6.4379e-17,0,0.015905,0.015905,0,1.6134e-16,0,99.158,1177,FLYING
4.405,-5.1871e-16,0,5.4647,-6.431e-17,0,0.015909,0.015909,0,1.6071e-16,0,99.158,1177,FLYING
4.4075,-5.1887e-16,0,5.4647,-6.4241e-17,0,0.015913,0.015913,0,1.5991e-16,0,99.157,1177,FLYING
4.41,-5.1903e-16,0,5.4648,-6.4173e-17,0,0.015917,0.015917,0,1.5927e-16,0,99.157,1177,FLYING
4.4125,-5.1919e-16,0,5.4648,-6.4105e-17,0,0.01592,0.01592,0,1.5881e-16,0,99.156,1177,FLYING
4.415,-5.1935e-16,0,5.4648,-6.4037e-17,0,0.015923,0.015923,0,1.5852e-16,0,99.156,1177,FLYING
4.4175,-5.1951e-16,0,5.4649,-6.3969e-17,0,0.015926,0.015926,0,1.5806e-16,0,99.155,1176.9,FLYING
4.42,-5.1967e-16,0,5.4649,-6.3901e-17,0,0.015929,0.015929,0,1.5777e-16,0,99.155,1176.9,FLYING
4.4225,-5.1983e-16,0,5.465,-6.3834e-17,0,0.015932,0.015932,0,1.5748e-16,0,99.155,1176.9,FLYING
4.425,-5.1999e-16,0,5.465,-6.3766e-17,0,0.015934,0.015934,0,1.5719e-16,0,99.154,1176.9,FLYING
4.4275,-5.2015e-16,0,5.465,-6.3699e-17,0,0.015936,0.015936,0,1.569e-16,0,99.154,1176.9,FLYING
4.43,-5.2031e-16,0,5.4651,-6.3632e-17,0,0.015938,0.015938,0,1.561e-16,0,99.153,1176.9,FLYING
4.4325,-5.2047e-16,0,5.4651,-6.3565e-17,0,0.01594,0.01594,0,1.5496e-16,0,99.153,1176.9,FLYING
4.435,-5.2063e-16,0,5.4652,-6.3499e-17,0,0.015942,0.015942,0,1.5331e-16,0,99.152,1176.9,FLYING
4.4375,-5.2078e-16,0,5.4652,-6.3433e-17,0,0.015943,0.015943,0,1.5149e-16,0,99.152,1176.9,FLYING
4.44,-5.2094e-16,0,5.4652,-6.3368e-17,0,0.015944,0.015944,0,1.4917e-16,0,99.151,1176.9,FLYING
4.4425,-5.211e-16,0,5.4653,-6.3304e-17,0,0.015946,0.015946,0,1.465e-16,0,99.151,1176.8,FLYING
4.445,-5.2126e-16,0,5.4653,-6.3242e-17,0,0.015946,0.015946,0,1.435e-16,0,99.15,1176.8,FLYING
4.4475,-5.2142e-16,0,5.4654,-6.318e-17,0,0.015947,0.015947,0,1.4016e-16,0,99.15,1176.8,FLYING
4.45,-5.2157e-16,0,5.4654,-6.312e-17,0,0.015948,0.015948,0,1.3648e-16,0,99.149,1176.8,FLYING
4.4525,-5.2173e-16,0,5.4654,-6.3062e-17,0,0.015948,0.015948,0,1.3229e-16,0,99.149,1176.8,FLYING
4.455,-5.2189e-16,0,5.4655,-6.3005e-17,0,0.015948,0.015948,0,1.276e-16,0,99.149,1176.8,FLYING
4.4575,-5.2205e-16,0,5.4655,-6.2951e-17,0,0.015948,0.015948,0,1.2239e-16,0,99.148,1176.8,FLYING
4.46,-5.222e-16,0,5.4656,-6.2898e-17,0,0.015948,0.015948,0,1.1685e-16,0,99.148,1176.8,FLYING
4.4625,-5.2236e-16,0,5.4656,-6.2848e-17,0,0.015948,0.015948,0,1.1097e-16,0,99.147,1176.8,FLYING
4.465,-5.2252e-16,0,5.4656,-6.2801e-17,0,0.015947,0.015947,0,1.0493e-16,0,99.147,1176.8,FLYING
4.4675,-5.2268e-16,0,5.4657,-6.2756e-17,0,0.015946,0.015946,0,9.8542e-17,0,99.146,1176.8,FLYING
4.47,-5.2283e-16,0,5.4657,-6.2714e-17,0,0.015946,0.015946,0,9.182e-17,0,99.146,1176.8,FLYING
4.4725,-5.2299e-16,0,5.4658,-6.2674e-17,0,0.015945,0.015945,0,8.476e-17,0,99.145,1176.7,FLYING
4.475,-5.2315e-16,0,5.4658,-6.2638e-17,0,0.015943,0.015943,0,7.7193e-17,0,99.145,1176.7,FLYING
4.4775,-5.233e-16,0,5.4658,-6.2605e-17,0,0.015942,0.015942,0,6.9288e-17,0,99.144,1176.7,FLYING
4.48,-5.2346e-16,0,5.4659,-6.2575e-17,0,0.015941,0.015941,0,6.1216e-17,0,99.144,1176.7,FLYING
4.4825,-5.2361e-16,0,5.4659,-6.2549e-17,0,0.015939,0.015939,0,5.2807e-17,0,99.144,1176.7,FLYING
4.485,-5.2377e-16,0,5.466,-6.2527e-17,0,0.015937,0.015937,0,4.406e-17,0,99.143,1176.7,FLYING
4.4875,-5.2393e-16,0,5.466,-6.2508e-17,0,0.015935,0.015935,0,3.4977e-17,0,99.143,1176.7,FLYING
4.49,-5.2408e-16,0,5.466,-6.2493e-17,0,0.015933,0.015933,0,2.5387e-17,0,99.142,1176.7,FLYING
4.4925,-5.2424e-16,0,5.4661,-6.2482e-17,0,0.015931,0.015931,0,1.5459e-17,0,99.142,1176.7,FLYING
4.495,-5.244e-16,0,5.4661,-6.2475e-17,0,0.015928,0.015928,0,5.026e-18,0,99.141,1176.7,FLYING
4.4975,-5.2455e-16,0,5.4661,-6.2473e-17,0,0.015925,0.015925,0,-5.9138e-18,0,99.141,1176.7,FLYING
4.5,-5.2471e-16,0,5.4662,-6.2475e-17,0,0.015923,0.015923,0,-1.719e-17,0,99.14,1176.7,FLYING
4.5025,-5.2486e-16,0,5.4662,-6.2483e-17,0,0.01592,0.01592,0,-2.8633e-17,0,99.14,1176.7,FLYING
4.505,-5.2502e-16,0,5.4663,-6.2495e-17,0,0.015917,0.015917,0,-4.0413e-17,0,99.139,1176.7,FLYING
4.5075,-5.2518e-16,0,5.4663,-6.2512e-17,0,0.015913,0.015913,0,-5.2529e-17,0,99.139,1176.6,FLYING
4.51,-5.2533e-16,0,5.4663,-6.2535e-17,0,0.01591,0.01591,0,-6.4981e-17,0,99.139,1176.6,FLYING
4.5125,-5.2549e-16,0,5.4664,-6.2563e-17,0,0.015907,0.015907,0,-7.7599e-17,0,99.138,1176.6,FLYING
4.515,-5.2565e-16,0,5.4664,-6.2596e-17,0,0.015903,0.015903,0,-9.0384e-17,0,99.138,1176.6,FLYING
4.5175,-5.258e-16,0,5.4665,-6.2634e-17,0,0.015899,0.015899,0,-1.0367e-16,0,99.137,1176.6,FLYING
4.52,-5.2596e-16,0,5.4665,-6.2679e-17,0,0.015895,0.015895,0,-1.1747e-16,0,99.137,1176.6,FLYING
4.5225,-5.2612e-16,0,5.4665,-6.2729e-17,0,0.015891,0.015891,0,-1.3177e-16,0,99.136,1176.6,FLYING
4.525,-5.2627e-16,0,5.4666,-6.2785e-17,0,0.015887,0.015887,0,-1.4641e-16,0,99.136,1176.6,FLYING
4.5275,-5.2643e-16,0,5.4666,-6.2848e-17,0,0.015883,0.015883,0,-1.6155e-16,0,99.135,1176.6,FLYING
4.53,-5.2659e-16,0,5.4667,-6.2917e-17,0,0.015878,0.015878,0,-1.7703e-16,0,99.135,1176.6,FLYING
4.5325,-5.2674e-16,0,5.4667,-6.2993e-17,0,0.015874,0.015874,0,-1.9284e-16,0,99.134,1176.6,FLYING
4.535,-5.269e-16,0,5.4667,-6.3075e-17,0,0.015869,0.015869,0,-2.0899e-16,0,99.134,1176.6,FLYING
4.5375,-5.2706e-16,0,5.4668,-6.3165e-17,0,0.015864,0.015864,0,-2.2531e-16,0,99.134,1176.6,FLYING
4.54,-5.2722e-16,0,5.4668,-6.3261e-17,0,0.015859,0.015859,0,-2.4179e-16,0,99.133,1176.6,FLYING
4.5425,-5.2738e-16,0,5.4669,-6.3364e-17,0,0.015854,0.015854,0,-2.5826e-16,0,99.133,1176.6,FLYING
4.545,-5.2754e-16,0,5.4669,-6.3475e-17,0,0.015849,0.015849,0,-2.7491e-16,0,99.132,1176.5,FLYING
4.5475,-5.2769e-16,0,5.4669,-6.3593e-17,0,0.015843,0.015843,0,-2.912e-16,0,99.132,1176.5,FLYING
4.55,-5.2785e-16,0,5.467,-6.3717e-17,0,0.015838,0.015838,0,-3.0733e-16,0,99.131,1176.5,FLYING
4.5525,-5.2801e-16,0,5.467,-6.3849e-17,0,0.015832,0.015832,0,-3.2328e-16,0,99.131,1176.5,FLYING
4.555,-5.2817e-16,0,5.4671,-6.3987e-17,0,0.015826,0.015826,0,-3.3889e-16,0,99.13,1176.5,FLYING
4.5575,-5.2833e-16,0,5.4671,-6.4132e-17,0,0.01582,0.01582,0,-3.5415e-16,0,99.13,1176.5,FLYING
4.56,-5.2849e-16,0,5.4671,-6.4283e-17,0,0.015814,0.015814,0,-3.6907e-16,0,99.129,1176.5,FLYING
4.5625,-5.2866e-16,0,5.4672,-6.4441e-17,0,0.015808,0.015808,0,-3.8382e-16,0,99.129,1176.5,FLYING
4.565,-5.2882e-16,0,5.4672,-6.4605e-17,0,0.015802,0.015802,0,-3.9822e-16,0,99.128,1176.5,FLYING
4.5675,-5.2898e-16,0,5.4673,-6.4776e-17,0,0.015796,0.015796,0,-4.1245e-16,0,99.128,1176.5,FLYING
4.57,-5.2914e-16,0,5.4673,-6.4952e-17,0,0.015789,0.015789,0,-4.2634e-16,0,99.128,1176.5,FLYING
4.5725,-5.293e-16,0,5.4673,-6.5134e-17,0,0.015783,0.015783,0,-4.3989e-16,0,99.127,1176.5,FLYING
4.575,-5.2947e-16,0,5.4674,-6.5323e-17,0,0.015776,0.015776,0,-4.5292e-16,0,99.127,1176.5,FLYING
4.5775,-5.2963e-16,0,5.4674,-6.5516e-17,0,0.015769,0.015769,0,-4.6561e-16,0,99.126,1176.5,FLYING
4.58,-5.298e-16,0,5.4675,-6.5715e-17,0,0.015762,0.015762,0,-4.7813e-16,0,99.126,1176.5,FLYING
4.5825,-5.2996e-16,0,5.4675,-6.592e-17,0,0.015755,0.015755,0,-4.9048e-16,0,99.125,1176.5,FLYING
4.585,-5.3013e-16,0,5.4675,-6.613e-17,0,0.015748,0.015748,0,-5.0265e-16,0,99.125,1176.5,FLYING
4.5875,-5.3029e-16,0,5.4676,-6.6345e-17,0,0.015741,0.015741,0,-5.1465e-16,0,99.124,1176.4,FLYING
4.59,-5.3046e-16,0,5.4676,-6.6565e-17,0,0.015733,0.015733,0,-5.2648e-16,0,99.124,1176.4,FLYING
4.5925,-5.3063e-16,0,5.4677,-6.679e-17,0,0.015726,0.015726,0,-5.3813e-16,0,99.123,1176.4,FLYING
4.595,-5.3079e-16,0,5.4677,-6.702e-17,0,0.015718,0.015718,0,-5.4945e-16,0,99.123,1176.4,FLYING
4.5975,-5.3096e-16,0,5.4677,-6.7255e-17,0,0.015711,0.015711,0,-5.6042e-16,0,99.123,1176.4,FLYING
4.6,-5.3113e-16,0,5.4678,-6.7495e-17,0,0.015703,0.015703,0,-5.7105e-16,0,99.122,1176.4,FLYING
4.6025,-5.313e-16,0,5.4678,-6.7739e-17,0,0.015695,0.015695,0,-5.8133e-16,0,99.122,1176.4,FLYING
4.605,-5.3147e-16,0,5.4679,-6.7988e-17,0,0.015687,0.015687,0,-5.9128e-16,0,99.121,1176.4,FLYING
4.6075,-5.3164e-16,0,5.4679,-6.8241e-17,0,0.015679,0.015679,0,-6.0105e-16,0,99.121,1176.4,FLYING
4.61,-5.3181e-16,0,5.4679,-6.8498e-17,0,0.015671,0.015671,0,-6.1048e-16,0,99.12,1176.4,FLYING
4.6125,-5.3198e-16,0,5.468,-6.8759e-17,0,0.015662,0.015662,0,-6.194e-16,0,99.12,1176.4,FLYING
4.615,-5.3216e-16,0,5.468,-6.9024e-17,0,0.015654,0.015654,0,-6.2798e-16,0,99.119,1176.4,FLYING
4.6175,-5.3233e-16,0,5.468,-6.9293e-17,0,0.015645,0.015645,0,-6.3605e-16,0,99.119,1176.4,FLYING
4.62,-5.325e-16,0,5.4681,-6.9565e-17,0,0.015637,0.015637,0,-6.436e-16,0,99.118,1176.4,FLYING
4.6225,-5.3268e-16,0,5.4681,-6.984e-17,0,0.015628,0.015628,0,-6.5082e-16,0,99.118,1176.4,FLYING
4.625,-5.3285e-16,0,5.4682,-7.0118e-17,0,0.015619,0.015619,0,-6.5786e-16,0,99.118,1176.4,FLYING
4.6275,-5.3303e-16,0,5.4682,-7.04e-17,0,0.015611,0.015611,0,-6.6474e-16,0,99.117,1176.4,FLYING
4.63,-5.3321e-16,0,5.4682,-7.0684e-17,0,0.015602,0.015602,0,-6.7127e-16,0,99.117,1176.4,FLYING
4.6325,-5.3338e-16,0,5.4683,-7.0971e-17,0,0.015593,0.015593,0,-6.7763e-16,0,99.116,1176.4,FLYING
4.635,-5.3356e-16,0,5.4683,-7.1261e-17,0,0.015584,0.015584,0,-6.8365e-16,0,99.116,1176.4,FLYING
4.6375,-5.3374e-16,0,5.4684,-7.1553e-17,0,0.015574,0.015574,0,-6.895e-16,0,99.115,1176.4,FLYING
4.64,-5.3392e-16,0,5.4684,-7.1848e-17,0,0.015565,0.015565,0,-6.95e-16,0,99.115,1176.4,FLYING
4.6425,-5.341e-16,0,5.4684,-7.2145e-17,0,0.015556,0.015556,0,-7.0034e-16,0,99.114,1176.3,FLYING
4.645,-5.3428e-16,0,5.4685,-7.2445e-17,0,0.015546,0.015546,0,-7.0551e-16,0,99.114,1176.3,FLYING
4.6475,-5.3446e-16,0,5.4685,-7.2747e-17,0,0.015537,0.015537,0,-7.1033e-16,0,99.113,1176.3,FLYING
4.65,-5.3465e-16,0,5.4686,-7.3051e-17,0,0.015527,0.015527,0,-7.1482e-16,0,99.113,1176.3,FLYING
4.6525,-5.3483e-16,0,5.4686,-7.3356e-17,0,0.015517,0.015517,0,-7.1913e-16,0,99.113,1176.3,FLYING
4.655,-5.3501e-16,0,5.4686,-7.3664e-17,0,0.015507,0.015507,0,-7.2327e-16,0,99.112,1176.3,FLYING
4.6575,-5.352e-16,0,5.4687,-7.3973e-17,0,0.015498,0.015498,0,-7.2708e-16,0,99.112,1176.3,FLYING
4.66,-5.3538e-16,0,5.4687,-7.4284e-17,0,0.015488,0.015488,0,-7.3054e-16,0,99.111,1176.3,FLYING
4.6625,-5.3557e-16,0,5.4687,-7.4597e-17,0,0.015478,0.015478,0,-7.3366e-16,0,99.111,1176.3,FLYING
4.665,-5.3576e-16,0,5.4688,-7.491e-17,0,0.015467,0.015467,0,-7.3661e-16,0,99.11,1176.3,FLYING
4.6675,-5.3595e-16,0,5.4688,-7.5225e-17,0,0.015457,0.015457,0,-7.394e-16,0,99.11,1176.3,FLYING
4.67,-5.3613e-16,0,5.4689,-7.5542e-17,0,0.015447,0.015447,0,-7.4184e-16,0,99.109,1176.3,FLYING
4.6725,-5.3632e-16,0,5.4689,-7.5859e-17,0,0.015437,0.015437,0,-7.4394e-16,0,99.109,1176.3,FLYING
4.675,-5.3651e-16,0,5.4689,-7.6177e-17,0,0.015426,0.015426,0,-7.457e-16,0,99.108,1176.3,FLYING
4.6775,-5.3671e-16,0,5.469,-7.6496e-17,0,0.015416,0.015416,0,-7.4712e-16,0,99.108,1176.3,FLYING
4.68,-5.369e-16,0,5.469,-7.6816e-17,0,0.015405,0.015405,0,-7.4821e-16,0,99.108,1176.3,FLYING
4.6825,-5.3709e-16,0,5.4691,-7.7136e-17,0,0.015394,0.015394,0,-7.4895e-16,0,99.107,1176.3,FLYING
4.685,-5.3728e-16,0,5.4691,-7.7456e-17,0,0.015384,0.015384,0,-7.4952e-16,0,99.107,1176.3,FLYING
4.6875,-5.3748e-16,0,5.4691,-7.7776e-17,0,0.015373,0.015373,0,-7.4959e-16,0,99.106,1176.3,FLYING
4.69,-5.3767e-16,0,5.4692,-7.8097e-17,0,0.015362,0.015362,0,-7.4914e-16,0,99.106,1176.3,FLYING
4.6925,-5.3787e-16,0,5.4692,-7.8417e-17,0,0.015351,0.015351,0,-7.4836e-16,0,99.105,1176.3,FLYING
4.695,-5.3807e-16,0,5.4692,-7.8737e-17,0,0.01534,0.01534,0,-7.4741e-16,0,99.105,1176.3,FLYING
4.6975,-5.3826e-16,0,5.4693,-7.9057e-17,0,0.015329,0.015329,0,-7.4611e-16,0,99.104,1176.3,FLYING
4.7,-5.3846e-16,0,5.4693,-7.9376e-17,0,0.015318,0.015318,0,-7.4448e-16,0,99.104,1176.3,FLYING
4.7025,-5.3866e-16,0,5.4694,-7.9695e-17,0,0.015307,0.015307,0,-7.4251e-16,0,99.103,1176.3,FLYING
4.705,-5.3886e-16,0,5.4694,-8.0012e-17,0,0.015295,0.015295,0,-7.4037e-16,0,99.103,1176.3,FLYING
4.7075,-5.3906e-16,0,5.4694,-8.0329e-17,0,0.015284,0.015284,0,-7.379e-16,0,99.103,1176.3,FLYING
4.71,-5.3926e-16,0,5.4695,-8.0644e-17,0,0.015273,0.015273,0,-7.3508e-16,0,99.102,1176.3,FLYING
4.7125,-5.3947e-16,0,5.4695,-8.0959e-17,0,0.015261,0.015261,0,-7.321e-16,0,99.102,1176.2,FLYING
4.715,-5.3967e-16,0,5.4696,-8.1272e-17,0,0.01525,0.01525,0,-7.2877e-16,0,99.101,1176.2,FLYING
4.7175,-5.3987e-16,0,5.4696,-8.1583e-17,0,0.015238,0.015238,0,-7.2511e-16,0,99.101,1176.2,FLYING
4.72,-5.4008e-16,0,5.4696,-8.1894e-17,0,0.015226,0.015226,0,-7.2111e-16,0,99.1,1176.2,FLYING
4.7225,-5.4028e-16,0,5.4697,-8.2202e-17,0,0.015215,0.015215,0,-7.1694e-16,0,99.1,1176.2,FLYING
4.725,-5.4049e-16,0,5.4697,-8.2509e-17,0,0.015203,0.015203,0,-7.1243e-16,0,99.099,1176.2,FLYING
4.7275,-5.407e-16,0,5.4697,-8.2813e-17,0,0.015191,0.015191,0,-7.0759e-16,0,99.099,1176.2,FLYING
4.73,-5.4091e-16,0,5.4698,-8.3116e-17,0,0.015179,0.015179,0,-7.0257e-16,0,99.098,1176.2,FLYING
4.7325,-5.4111e-16,0,5.4698,-8.3416e-17,0,0.015167,0.015167,0,-6.9739e-16,0,99.098,1176.2,FLYING
4.735,-5.4132e-16,0,5.4699,-8.3715e-17,0,0.015155,0.015155,0,-6.9187e-16,0,99.097,1176.2,FLYING
4.7375,-5.4153e-16,0,5.4699,-8.401e-17,0,0.015143,0.015143,0,-6.8601e-16,0,99.097,1176.2,FLYING
4.74,-5.4174e-16,0,5.4699,-8.4304e-17,0,0.015131,0.015131,0,-6.7982e-16,0,99.097,1176.2,FLYING
4.7425,-5.4196e-16,0,5.47,-8.4595e-17,0,0.015119,0.015119,0,-6.7345e-16,0,99.096,1176.2,FLYING
4.745,-5.4217e-16,0,5.47,-8.4883e-17,0,0.015107,0.015107,0,-6.6675e-16,0,99.096,1176.2,FLYING
4.7475,-5.4238e-16,0,5.47,-8.5168e-17,0,0.015094,0.015094,0,-6.5971e-16,0,99.095,1176.2,FLYING
4.75,-5.4259e-16,0,5.4701,-8.545e-17,0,0.015082,0.015082,0,-6.525e-16,0,99.095,1176.2,FLYING
4.7525,-5.4281e-16,0,5.4701,-8.5729e-17,0,0.01507,0.01507,0,-6.4496e-16,0,99.094,1176.2,FLYING
4.755,-5.4302e-16,0,5.4702,-8.6005e-17,0,0.015057,0.015057,0,-6.3708e-16,0,99.094,1176.2,FLYING
4.7575,-5.4324e-16,0,5.4702,-8.6277e-17,0,0.015045,0.015045,0,-6.2886e-16,0,99.093,1176.2,FLYING
4.76,-5.4346e-16,0,5.4702,-8.6546e-17,0,0.015032,0.015032,0,-6.2013e-16,0,99.093,1176.2,FLYING
4.7625,-5.4367e-16,0,5.4703,-8.6811e-17,0,0.01502,0.01502,0,-6.1124e-16,0,99.092,1176.2,FLYING
4.765,-5.4389e-16,0,5.4703,-8.7073e-17,0,0.015007,0.015007,0,-6.0201e-16,0,99.092,1176.2,FLYING
4.7675,-5.4411e-16,0,5.4703,-8.733e-17,0,0.014994,0.014994,0,-5.9244e-16,0,99.092,1176.2,FLYING
4.77,-5.4433e-16,0,5.4704,-8.7583e-17,0,0.014982,0.014982,0,-5.8254e-16,0,99.091,1176.2,FLYING
4.7725,-5.4455e-16,0,5.4704,-8.7833e-17,0,0.014969,0.014969,0,-5.7229e-16,0,99.091,1176.2,FLYING
4.775,-5.4477e-16,0,5.4705,-8.8077e-17,0,0.014956,0.014956,0,-5.6155e-16,0,99.09,1176.2,FLYING
4.7775,-5.4499e-16,0,5.4705,-8.8317e-17,0,0.014943,0.014943,0,-5.5046e-16,0,99.09,1176.2,FLYING
4.78,-5.4521e-16,0,5.4705,-8.8553e-17,0,0.01493,0.01493,0,-5.3904e-16,0,99.089,1176.2,FLYING
4.7825,-5.4543e-16,0,5.4706,-8.8783e-17,0,0.014917,0.014917,0,-5.2729e-16,0,99.089,1176.2,FLYING
4.785,-5.4565e-16,0,5.4706,-8.9009e-17,0,0.014904,0.014904,0,-5.1502e-16,0,99.088,1176.2,FLYING
4.7875,-5.4588e-16,0,5.4706,-8.9229e-17,0,0.014891,0.014891,0,-5.0225e-16,0,99.088,1176.2,FLYING
4.79,-5.461e-16,0,5.4707,-8.9444e-17,0,0.014878,0.014878,0,-4.8915e-16,0,99.087,1176.2,FLYING
4.7925,-5.4632e-16,0,5.4707,-8.9653e-17,0,0.014865,0.014865,0,-4.7571e-16,0,99.087,1176.2,FLYING
4.795,-5.4655e-16,0,5.4708,-8.9856e-17,0,0.014852,0.014852,0,-4.621e-16,0,99.087,1176.2,FLYING
4.7975,-5.4677e-16,0,5.4708,-9.0054e-17,0,0.014839,0.014839,0,-4.4833e-16,0,99.086,1176.2,FLYING
4.8,-5.47e-16,0,5.4708,-9.0246e-17,0,0.014826,0.014826,0,-4.3422e-16,0,99.086,1176.2,FLYING
4.8025,-5.4723e-16,0,5.4709,-9.0431e-17,0,0.014812,0.014812,0,-4.1994e-16,0,99.085,1176.2,FLYING
4.805,-5.4745e-16,0,5.4709,-9.0611e-17,0,0.014799,0.014799,0,-4.0533e-16,0,99.085,1176.2,FLYING
4.8075,-5.4768e-16,0,5.4709,-9.0784e-17,0,0.014786,0.014786,0,-3.9039e-16,0,99.084,1176.2,FLYING
4.81,-5.4791e-16,0,5.471,-9.0951e-17,0,0.014772,0.014772,0,-3.7493e-16,0,99.084,1176.2,FLYING
4.8125,-5.4813e-16,0,5.471,-9.1112e-17,0,0.014759,0.014759,0,-3.5932e-16,0,99.083,1176.2,FLYING
4.815,-5.4836e-16,0,5.4711,-9.1265e-17,0,0.014745,0.014745,0,-3.4336e-16,0,99.083,1176.2,FLYING
4.8175,-5.4859e-16,0,5.4711,-9.1412e-17,0,0.014732,0.014732,0,-3.2708e-16,0,99.082,1176.1,FLYING
4.82,-5.4882e-16,0,5.4711,-9.1552e-17,0,0.014718,0.014718,0,-3.1062e-16,0,99.082,1176.1,FLYING
4.8225,-5.4905e-16,0,5.4712,-9.1685e-17,0,0.014705,0.014705,0,-2.9366e-16,0,99.082,1176.1,FLYING
4.825,-5.4928e-16,0,5.4712,-9.181e-17,0,0.014691,0.014691,0,-2.7637e-16,0,99.081,1176.1,FLYING
4.8275,-5.4951e-16,0,5.4712,-9.1928e-17,0,0.014677,0.014677,0,-2.5874e-16,0,99.081,1176.1,FLYING
4.83,-5.4974e-16,0,5.4713,-9.2039e-17,0,0.014664,0.014664,0,-2.4095e-16,0,99.08,1176.1,FLYING
4.8325,-5.4997e-16,0,5.4713,-9.2142e-17,0,0.01465,0.01465,0,-2.2299e-16,0,99.08,1176.1,FLYING
4.835,-5.502e-16,0,5.4713,-9.2237e-17,0,0.014636,0.014636,0,-2.047e-16,0,99.079,1176.1,FLYING
4.8375,-5.5043e-16,0,5.4714,-9.2325e-17,0,0.014622,0.014622,0,-1.8624e-16,0,99.079,1176.1,FLYING
4.84,-5.5066e-16,0,5.4714,-9.2405e-17,0,0.014608,0.014608,0,-1.6761e-16,0,99.078,1176.1,FLYING
4.8425,-5.5089e-16,0,5.4715,-9.2476e-17,0,0.014595,0.014595,0,-1.4883e-16,0,99.078,1176.1,FLYING
4.845,-5.5112e-16,0,5.4715,-9.254e-17,0,0.014581,0.014581,0,-1.297e-16,0,99.077,1176.1,FLYING
4.8475,-5.5136e-16,0,5.4715,-9.2595e-17,0,0.014567,0.014567,0,-1.1025e-16,0,99.077,1176.1,FLYING
4.85,-5.5159e-16,0,5.4716,-9.2642e-17,0,0.014553,0.014553,0,-9.0623e-17,0,99.077,1176.1,FLYING
4.8525,-5.5182e-16,0,5.4716,-9.2681e-17,0,0.014539,0.014539,0,-7.0666e-17,0,99.076,1176.1,FLYING
4.855,-5.5205e-16,0,5.4716,-9.2711e-17,0,0.014525,0.014525,0,-5.0375e-17,0,99.076,1176.1,FLYING
4.8575,-5.5228e-16,0,5.4717,-9.2733e-17,0,0.014511,0.014511,0,-3.0089e-17,0,99.075,1176.1,FLYING
4.86,-5.5251e-16,0,5.4717,-9.2746e-17,0,0.014497,0.014497,0,-9.8084e-18,0,99.075,1176.1,FLYING
4.8625,-5.5275e-16,0,5.4717,-9.275e-17,0,0.014483,0.014483,0,1.0467e-17,0,99.074,1176.1,FLYING
4.865,-5.5298e-16,0,5.4718,-9.2745e-17,0,0.014469,0.014469,0,3.0738e-17,0,99.074,1176.1,FLYING
4.8675,-5.5321e-16,0,5.4718,-9.2732e-17,0,0.014454,0.014454,0,5.0834e-17,0,99.073,1176.1,FLYING
4.87,-5.5344e-16,0,5.4719,-9.271e-17,0,0.01444,0.01444,0,7.1095e-17,0,99.073,1176.1,FLYING
4.8725,-5.5367e-16,0,5.4719,-9.268e-17,0,0.014426,0.014426,0,9.135e-17,0,99.072,1176.1,FLYING
4.875,-5.5391e-16,0,5.4719,-9.2641e-17,0,0.014412,0.014412,0,1.1143e-16,0,99.072,1176.1,FLYING
4.8775,-5.5414e-16,0,5.472,-9.2593e-17,0,0.014398,0.014398,0,1.3134e-16,0,99.072,1176.1,FLYING
4.88,-5.5437e-16,0,5.472,-9.2537e-17,0,0.014383,0.014383,0,1.5124e-16,0,99.071,1176.1,FLYING
4.8825,-5.546e-16,0,5.472,-9.2472e-17,0,0.014369,0.014369,0,1.7097e-16,0,99.071,1176.1,FLYING
4.885,-5.5483e-16,0,5.4721,-9.2399e-17,0,0.014355,0.014355,0,1.9069e-16,0,99.07,1176.1,FLYING
4.8875,-5.5506e-16,0,5.4721,-9.2318e-17,0,0.01434,0.01434,0,2.104e-16,0,99.07,1176.1,FLYING
4.89,-5.5529e-16,0,5.4721,-9.2228e-17,0,0.014326,0.014326,0,2.3029e-16,0,99.069,1176.1,FLYING
4.8925,-5.5552e-16,0,5.4722,-9.2129e-17,0,0.014312,0.014312,0,2.4999e-16,0,99.069,1176.1,FLYING
4.895,-5.5575e-16,0,5.4722,-9.2022e-17,0,0.014297,0.014297,0,2.6969e-16,0,99.068,1176.1,FLYING
4.8975,-5.5598e-16,0,5.4722,-9.1907e-17,0,0.014283,0.014283,0,2.8939e-16,0,99.068,1176.1,FLYING
4.9,-5.5621e-16,0,5.4723,-9.1783e-17,0,0.014268,0.014268,0,3.0908e-16,0,99.067,1176.1,FLYING
4.9025,-5.5644e-16,0,5.4723,-9.1651e-17,0,0.014254,0.014254,0,3.2877e-16,0,99.067,1176.1,FLYING
4.905,-5.5667e-16,0,5.4724,-9.151e-17,0,0.014239,0.014239,0,3.4828e-16,0,99.066,1176.1,FLYING
4.9075,-5.569e-16,0,5.4724,-9.1361e-17,0,0.014225,0.014225,0,3.6762e-16,0,99.066,1176.1,FLYING
4.91,-5.5713e-16,0,5.4724,-9.1204e-17,0,0.01421,0.01421,0,3.8695e-16,0,99.066,1176.1,FLYING
4.9125,-5.5735e-16,0,5.4725,-9.1039e-17,0,0.014196,0.014196,0,4.0611e-16,0,99.065,1176.1,FLYING
4.915,-5.5758e-16,0,5.4725,-9.0865e-17,0,0.014181,0.014181,0,4.2527e-16,0,99.065,1176.1,FLYING
4.9175,-5.5781e-16,0,5.4725,-9.0683e-17,0,0.014166,0.014166,0,4.4442e-16,0,99.064,1176.1,FLYING
4.92,-5.5803e-16,0,5.4726,-9.0493e-17,0,0.014152,0.014152,0,4.6339e-16,0,99.064,1176.1,FLYING
4.9225,-5.5826e-16,0,5.4726,-9.0295e-17,0,0.014137,0.014137,0,4.8219e-16,0,99.063,1176.1,FLYING
4.925,-5.5848e-16,0,5.4726,-9.0089e-17,0,0.014123,0.014123,0,5.0082e-16,0,99.063,1176.1,FLYING
4.9275,-5.5871e-16,0,5.4727,-8.9874e-17,0,0.014108,0.014108,0,5.191e-16,0,99.062,1176.1,FLYING
4.93,-5.5893e-16,0,5.4727,-8.9652e-17,0,0.014093,0.014093,0,5.3687e-16,0,99.062,1176.1,FLYING
4.9325,-5.5916e-16,0,5.4727,-8.9423e-17,0,0.014079,0.014079,0,5.5429e-16,0,99.061,1176.1,FLYING
4.935,-5.5938e-16,0,5.4728,-8.9186e-17,0,0.014064,0.014064,0,5.7138e-16,0,99.061,1176.1,FLYING
4.9375,-5.596e-16,0,5.4728,-8.8941e-17,0,0.014049,0.014049,0,5.8811e-16,0,99.061,1176.1,FLYING
4.94,-5.5982e-16,0,5.4729,-8.869e-17,0,0.014034,0.014034,0,6.0434e-16,0,99.06,1176.1,FLYING
4.9425,-5.6004e-16,0,5.4729,-8.8431e-17,0,0.01402,0.01402,0,6.2005e-16,0,99.06,1176.1,FLYING
4.945,-5.6026e-16,0,5.4729,-8.8166e-17,0,0.014005,0.014005,0,6.3559e-16,0,99.059,1176.1,FLYING
4.9475,-5.6048e-16,0,5.473,-8.7894e-17,0,0.01399,0.01399,0,6.5095e-16,0,99.059,1176.1,FLYING
4.95,-5.607e-16,0,5.473,-8.7616e-17,0,0.013975,0.013975,0,6.6597e-16,0,99.058,1176.1,FLYING
4.9525,-5.6092e-16,0,5.473,-8.7331e-17,0,0.01396,0.01396,0,6.8065e-16,0,99.058,1176.1,FLYING
4.955,-5.6114e-16,0,5.4731,-8.704e-17,0,0.013946,0.013946,0,6.9482e-16,0,99.057,1176.1,FLYING
4.9575,-5.6136e-16,0,5.4731,-8.6743e-17,0,0.013931,0.013931,0,7.0864e-16,0,99.057,1176.1,FLYING
4.96,-5.6157e-16,0,5.4731,-8.644e-17,0,0.013916,0.013916,0,7.2229e-16,0,99.056,1176.1,FLYING
4.9625,-5.6179e-16,0,5.4732,-8.6131e-17,0,0.013901,0.013901,0,7.3543e-16,0,99.056,1176.1,FLYING
4.965,-5.62e-16,0,5.4732,-8.5816e-17,0,0.013886,0.013886,0,7.4823e-16,0,99.056,1176.1,FLYING
4.9675,-5.6222e-16,0,5.4732,-8.5496e-17,0,0.013871,0.013871,0,7.6051e-16,0,99.055,1176.1,FLYING
4.97,-5.6243e-16,0,5.4733,-8.5171e-17,0,0.013856,0.013856,0,7.7245e-16,0,99.055,1176.1,FLYING
4.9725,-5.6264e-16,0,5.4733,-8.4841e-17,0,0.013841,0.013841,0,7.8388e-16,0,99.054,1176.1,FLYING
4.975,-5.6285e-16,0,5.4733,-8.4506e-17,0,0.013826,0.013826,0,7.9497e-16,0,99.054,1176.1,FLYING
4.9775,-5.6306e-16,0,5.4734,-8.4166e-17,0,0.013812,0.013812,0,8.0571e-16,0,99.053,1176.1,FLYING
4.98,-5.6327e-16,0,5.4734,-8.3821e-17,0,0.013797,0.013797,0,8.1595e-16,0,99.053,1176.1,FLYING
4.9825,-5.6348e-16,0,5.4734,-8.3472e-17,0,0.013782,0.013782,0,8.2567e-16,0,99.052,1176.1,FLYING
4.985,-5.6369e-16,0,5.4735,-8.3119e-17,0,0.013767,0.013767,0,8.3505e-16,0,99.052,1176.1,FLYING
4.9875,-5.639e-16,0,5.4735,-8.2762e-17,0,0.013752,0.013752,0,8.4409e-16,0,99.051,1176.1,FLYING
4.99,-5.641e-16,0,5.4735,-8.2401e-17,0,0.013737,0.013737,0,8.5295e-16,0,99.051,1176.1,FLYING
4.9925,-5.6431e-16,0,5.4736,-8.2036e-17,0,0.013722,0.013722,0,8.6148e-16,0,99.051,1176.1,FLYING
4.995,-5.6451e-16,0,5.4736,-8.1668e-17,0,0.013707,0.013707,0,8.6966e-16,0,99.05,1176.1,FLYING
4.9975,-5.6471e-16,0,5.4736,-8.1296e-17,0,0.013692,0.013692,0,8.7733e-16,0,99.05,1176.1,FLYING
5,-5.6492e-16,0,5.4737,-8.0921e-17,0,0.013677,0.013677,0,8.845e-16,0,99.049,1176.1,FLYING
5.0025,-5.6512e-16,0,5.4737,-8.0542e-17,0,0.013662,0.013662,0,8.9149e-16,0,99.049,1176.1,FLYING
5.005,-5.6532e-16,0,5.4738,-8.0161e-17,0,0.013647,0.013647,0,8.9814e-16,0,99.048,1176.1,FLYING
5.0075,-5.6552e-16,0,5.4738,-7.9777e-17,0,0.013632,0.013632,0,9.0428e-16,0,99.048,1176.1,FLYING
5.01,-5.6572e-16,0,5.4738,-7.939e-17,0,0.013617,0.013617,0,9.1007e-16,0,99.047,1176.1,FLYING
5.0125,-5.6591e-16,0,5.4739,-7.9001e-17,0,0.013602,0.013602,0,9.1553e-16,0,99.047,1176.1,FLYING
5.015,-5.6611e-16,0,5.4739,-7.861e-17,0,0.013587,0.013587,0,9.2048e-16,0,99.046,1176.1,FLYING
5.0175,-5.6631e-16,0,5.4739,-7.8216e-17,0,0.013571,0.013571,0,9.2509e-16,0,99.046,1176.1,FLYING
5.02,-5.665e-16,0,5.474,-7.782e-17,0,0.013556,0.013556,0,9.2952e-16,0,99.046,1176.1,FLYING
5.0225,-5.6669e-16,0,5.474,-7.7423e-17,0,0.013541,0.013541,0,9.3362e-16,0,99.045,1176.1,FLYING
5.025,-5.6689e-16,0,5.474,-7.7024e-17,0,0.013526,0.013526,0,9.372e-16,0,99.045,1176.1,FLYING
5.0275,-5.6708e-16,0,5.4741,-7.6623e-17,0,0.013511,0.013511,0,9.4062e-16,0,99.044,1176.1,FLYING
5.03,-5.6727e-16,0,5.4741,-7.622e-17,0,0.013496,0.013496,0,9.4386e-16,0,99.044,1176.1,FLYING
5.0325,-5.6746e-16,0,5.4741,-7.5817e-17,0,0.013481,0.013481,0,9.4677e-16,0,99.043,1176.1,FLYING
5.035,-5.6765e-16,0,5.4742,-7.5412e-17,0,0.013466,0.013466,0,9.495e-16,0,99.043,1176.1,FLYING
5.0375,-5.6783e-16,0,5.4742,-7.5006e-17,0,0.013451,0.013451,0,9.519e-16,0,99.042,1176.1,FLYING
5.04,-5.6802e-16,0,5.4742,-7.4599e-17,0,0.013436,0.013436,0,9.5412e-16,0,99.042,1176.1,FLYING
5.0425,-5.6821e-16,0,5.4743,-7.4191e-17,0,0.013421,0.013421,0,9.5601e-16,0,99.041,1176.1,FLYING
5.045,-5.6839e-16,0,5.4743,-7.3782e-17,0,0.013406,0.013406,0,9.5755e-16,0,99.041,1176.1,FLYING
5.0475,-5.6857e-16,0,5.4743,-7.3372e-17,0,0.01339,0.01339,0,9.5876e-16,0,99.041,1176.1,FLYING
5.05,-5.6876e-16,0,5.4744,-7.2962e-17,0,0.013375,0.013375,0,9.5979e-16,0,99.04,1176.1,FLYING
5.0525,-5.6894e-16,0,5.4744,-7.2552e-17,0,0.01336,0.01336,0,9.6049e-16,0,99.04,1176.1,FLYING
5.055,-5.6912e-16,0,5.4744,-7.2141e-17,0,0.013345,0.013345,0,9.6101e-16,0,99.039,1176.1,FLYING
5.0575,-5.693e-16,0,5.4745,-7.173e-17,0,0.01333,0.01333,0,9.6137e-16,0,99.039,1176.1,FLYING
5.06,-5.6948e-16,0,5.4745,-7.1319e-17,0,0.013315,0.013315,0,9.6122e-16,0,99.038,1176.1,FLYING
5.0625,-5.6965e-16,0,5.4745,-7.0908e-17,0,0.0133,0.0133,0,9.6089e-16,0,99.038,1176.1,FLYING
5.065,-5.6983e-16,0,5.4746,-7.0497e-17,0,0.013285,0.013285,0,9.6023e-16,0,99.037,1176.1,FLYING
5.0675,-5.7e-16,0,5.4746,-7.0086e-17,0,0.01327,0.01327,0,9.5923e-16,0,99.037,1176.1,FLYING
5.07,-5.7018e-16,0,5.4746,-6.9676e-17,0,0.013254,0.013254,0,9.5772e-16,0,99.036,1176.1,FLYING
5.0725,-5.7035e-16,0,5.4747,-6.9267e-17,0,0.013239,0.013239,0,9.5587e-16,0,99.036,1176.1,FLYING
5.075,-5.7052e-16,0,5.4747,-6.8858e-17,0,0.013224,0.013224,0,9.5369e-16,0,99.035,1176.1,FLYING
5.0775,-5.707e-16,0,5.4747,-6.845e-17,0,0.013209,0.013209,0,9.5116e-16,0,99.035,1176.1,FLYING
5.08,-5.7087e-16,0,5.4748,-6.8043e-17,0,0.013194,0.013194,0,9.4847e-16,0,99.035,1176.1,FLYING
5.0825,-5.7103e-16,0,5.4748,-6.7638e-17,0,0.013179,0.013179,0,9.4543e-16,0,99.034,1176.1,FLYING
5.085,-5.712e-16,0,5.4748,-6.7233e-17,0,0.013164,0.013164,0,9.4223e-16,0,99.034,1176.1,FLYING
5.0875,-5.7137e-16,0,5.4749,-6.683e-17,0,0.013149,0.013149,0,9.3852e-16,0,99.033,1176.1,FLYING
5.09,-5.7154e-16,0,5.4749,-6.6429e-17,0,0.013133,0.013133,0,9.3464e-16,0,99.033,1176.1,FLYING
5.0925,-5.717e-16,0,5.4749,-6.6029e-17,0,0.013118,0.013118,0,9.3042e-16,0,99.032,1176.1,FLYING
5.095,-5.7186e-16,0,5.475,-6.5632e-17,0,0.013103,0.013103,0,9.257e-16,0,99.032,1176.1,FLYING
5.0975,-5.7203e-16,0,5.475,-6.5236e-17,0,0.013088,0.013088,0,9.208e-16,0,99.031,1176.1,FLYING
5.1,-5.7219e-16,0,5.475,-6.4842e-17,0,0.013073,0.013073,0,9.1557e-16,0,99.031,1176.1,FLYING
5.1025,-5.7235e-16,0,5.4751,-6.445e-17,0,0.013058,0.013058,0,9.1e-16,0,99.03,1176.1,FLYING
5.105,-5.7251e-16,0,5.4751,-6.4061e-17,0,0.013043,0.013043,0,9.0393e-16,0,99.03,1176.1,FLYING
5.1075,-5.7267e-16,0,5.4751,-6.3675e-17,0,0.013028,0.013028,0,8.9768e-16,0,99.03,1176.1,FLYING
5.11,-5.7283e-16,0,5.4751,-6.3291e-17,0,0.013013,0.013013,0,8.911e-16,0,99.029,1176.1,FLYING
5.1125,-5.7299e-16,0,5.4752,-6.291e-17,0,0.012998,0.012998,0,8.8435e-16,0,99.029,1176.1,FLYING
5.115,-5.7314e-16,0,5.4752,-6.2531e-17,0,0.012982,0.012982,0,8.7726e-16,0,99.028,1176.1,FLYING
5.1175,-5.733e-16,0,5.4752,-6.2156e-17,0,0.012967,0.012967,0,8.6966e-16,0,99.028,1176.1,FLYING
5.12,-5.7345e-16,0,5.4753,-6.1784e-17,0,0.012952,0.012952,0,8.6156e-16,0,99.027,1176.1,FLYING
5.1225,-5.7361e-16,0,5.4753,-6.1416e-17,0,0.012937,0.012937,0,8.5312e-16,0,99.027,1176.1,FLYING
5.125,-5.7376e-16,0,5.4753,-6.1051e-17,0,0.012922,0.012922,0,8.4417e-16,0,99.026,1176.1,FLYING
5.1275,-5.7391e-16,0,5.4754,-6.069e-17,0,0.012907,0.012907,0,8.3472e-16,0,99.026,1176.1,FLYING
5.13,-5.7406e-16,0,5.4754,-6.0333e-17,0,0.012892,0.012892,0,8.2493e-16,0,99.025,1176.1,FLYING
5.1325,-5.7421e-16,0,5.4754,-5.998e-17,0,0.012877,0.012877,0,8.148e-16,0,99.025,1176.1,FLYING
5.135,-5.7436e-16,0,5.4755,-5.9632e-17,0,0.012862,0.012862,0,8.0451e-16,0,99.025,1176.1,FLYING
5.1375,-5.7451e-16,0,5.4755,-5.9288e-17,0,0.012847,0.012847,0,7.9405e-16,0,99.024,1176.1,FLYING
5.14,-5.7466e-16,0,5.4755,-5.8948e-17,0,0.012832,0.012832,0,7.8325e-16,0,99.024,1176.1,FLYING
5.1425,-5.748e-16,0,5.4756,-5.8613e-17,0,0.012817,0.012817,0,7.7195e-16,0,99.023,1176.1,FLYING
5.145,-5.7495e-16,0,5.4756,-5.8283e-17,0,0.012802,0.012802,0,7.6014e-16,0,99.023,1176.1,FLYING
5.1475,-5.7509e-16,0,5.4756,-5.7958e-17,0,0.012787,0.012787,0,7.4782e-16,0,99.022,1176.1,FLYING
5.15,-5.7524e-16,0,5.4757,-5.7638e-17,0,0.012771,0.012771,0,7.3517e-16,0,99.022,1176.1,FLYING
5.1525,-5.7538e-16,0,5.4757,-5.7324e-17,0,0.012756,0.012756,0,7.2201e-16,0,99.021,1176.1,FLYING
5.155,-5.7552e-16,0,5.4757,-5.7015e-17,0,0.012741,0.012741,0,7.0835e-16,0,99.021,1176.1,FLYING
5.1575,-5.7566e-16,0,5.4758,-5.6712e-17,0,0.012726,0.012726,0,6.9435e-16,0,99.02,1176.1,FLYING
5.16,-5.7581e-16,0,5.4758,-5.6415e-17,0,0.012711,0.012711,0,6.8001e-16,0,99.02,1176.1,FLYING
5.1625,-5.7595e-16,0,5.4758,-5.6124e-17,0,0.012696,0.012696,0,6.6517e-16,0,99.02,1176.1,FLYING
5.165,-5.7609e-16,0,5.4759,-5.584e-17,0,0.012681,0.012681,0,6.5017e-16,0,99.019,1176.1,FLYING
5.1675,-5.7622e-16,0,5.4759,-5.5562e-17,0,0.012666,0.012666,0,6.3516e-16,0,99.019,1176.1,FLYING
5.17,-5.7636e-16,0,5.4759,-5.529e-17,0,0.012651,0.012651,0,6.2016e-16,0,99.018,1176.1,FLYING
5.1725,-5.765e-16,0,5.476,-5.5025e-17,0,0.012636,0.012636,0,6.0534e-16,0,99.018,1176.1,FLYING
5.175,-5.7664e-16,0,5.476,-5.4766e-17,0,0.012621,0.012621,0,5.9035e-16,0,99.017,1176.1,FLYING
5.1775,-5.7677e-16,0,5.476,-5.4514e-17,0,0.012606,0.012606,0,5.7553e-16,0,99.017,1176.1,FLYING
5.18,-5.7691e-16,0,5.476,-5.4268e-17,0,0.012592,0.012592,0,5.6106e-16,0,99.016,1176.1,FLYING
5.1825,-5.7704e-16,0,5.4761,-5.4028e-17,0,0.012577,0.012577,0,5.4658e-16,0,99.016,1176.1,FLYING
5.185,-5.7718e-16,0,5.4761,-5.3794e-17,0,0.012562,0.012562,0,5.3229e-16,0,99.015,1176.1,FLYING
5.1875,-5.7731e-16,0,5.4761,-5.3566e-17,0,0.012547,0.012547,0,5.1833e-16,0,99.015,1176.1,FLYING
5.19,-5.7745e-16,0,5.4762,-5.3345e-17,0,0.012532,0.012532,0,5.0455e-16,0,99.015,1176.1,FLYING
5.1925,-5.7758e-16,0,5.4762,-5.3129e-17,0,0.012517,0.012517,0,4.9111e-16,0,99.014,1176.1,FLYING
5.195,-5.7771e-16,0,5.4762,-5.2919e-17,0,0.012502,0.012502,0,4.7784e-16,0,99.014,1176.1,FLYING
5.1975,-5.7784e-16,0,5.4763,-5.2714e-17,0,0.012487,0.012487,0,4.6492e-16,0,99.013,1176.1,FLYING
5.2,-5.7797e-16,0,5.4763,-5.2516e-17,0,0.012472,0.012472,0,4.5234e-16,0,99.013,1176.1,FLYING
5.2025,-5.781e-16,0,5.4763,-5.2322e-17,0,0.012457,0.012457,0,4.3993e-16,0,99.012,1176.1,FLYING
5.205,-5.7824e-16,0,5.4764,-5.2134e-17,0,0.012442,0.012442,0,4.2769e-16,0,99.012,1176.1,FLYING
5.2075,-5.7836e-16,0,5.4764,-5.1951e-17,0,0.012427,0.012427,0,4.158e-16,0,99.011,1176.1,FLYING
5.21,-5.7849e-16,0,5.4764,-5.1773e-17,0,0.012413,0.012413,0,4.0442e-16,0,99.011,1176.1,FLYING
5.2125,-5.7862e-16,0,5.4765,-5.16e-17,0,0.012398,0.012398,0,3.9321e-16,0,99.01,1176.1,FLYING
5.215,-5.7875e-16,0,5.4765,-5.1432e-17,0,0.012383,0.012383,0,3.8234e-16,0,99.01,1176.1,FLYING
5.2175,-5.7888e-16,0,5.4765,-5.1269e-17,0,0.012368,0.012368,0,3.7182e-16,0,99.01,1176.1,FLYING
5.22,-5.7901e-16,0,5.4765,-5.111e-17,0,0.012353,0.012353,0,3.6163e-16,0,99.009,1176.1,FLYING
5.2225,-5.7914e-16,0,5.4766,-5.0955e-17,0,0.012338,0.012338,0,3.5162e-16,0,99.009,1176.1,FLYING
5.225,-5.7926e-16,0,5.4766,-5.0805e-17,0,0.012324,0.012324,0,3.4195e-16,0,99.008,1176.1,FLYING
5.2275,-5.7939e-16,0,5.4766,-5.0658e-17,0,0.012309,0.012309,0,3.3262e-16,0,99.008,1176.1,FLYING
5.23,-5.7952e-16,0,5.4767,-5.0516e-17,0,0.012294,0.012294,0,3.2364e-16,0,99.007,1176.1,FLYING
5.2325,-5.7964e-16,0,5.4767,-5.0378e-17,0,0.012279,0.012279,0,3.1482e-16,0,99.007,1176.1,FLYING
5.235,-5.7977e-16,0,5.4767,-5.0243e-17,0,0.012264,0.012264,0,3.0635e-16,0,99.006,1176.1,FLYING
5.2375,-5.7989e-16,0,5.4768,-5.0112e-17,0,0.01225,0.01225,0,2.9805e-16,0,99.006,1176.1,FLYING
5.24,-5.8002e-16,0,5.4768,-4.9985e-17,0,0.012235,0.012235,0,2.9026e-16,0,99.005,1176.1,FLYING
5.2425,-5.8014e-16,0,5.4768,-4.9861e-17,0,0.01222,0.01222,0,2.8264e-16,0,99.005,1176.1,FLYING
5.245,-5.8027e-16,0,5.4769,-4.974e-17,0,0.012205,0.012205,0,2.7519e-16,0,99.004,1176.1,FLYING
5.2475,-5.8039e-16,0,5.4769,-4.9622e-17,0,0.012191,0.012191,0,2.6792e-16,0,99.004,1176.1,FLYING
5.25,-5.8051e-16,0,5.4769,-4.9507e-17,0,0.012176,0.012176,0,2.6081e-16,0,99.004,1176.1,FLYING
5.2525,-5.8064e-16,0,5.4769,-4.9396e-17,0,0.012161,0.012161,0,2.5405e-16,0,99.003,1176.1,FLYING
5.255,-5.8076e-16,0,5.477,-4.9287e-17,0,0.012147,0.012147,0,2.4763e-16,0,99.003,1176.1,FLYING
5.2575,-5.8088e-16,0,5.477,-4.9181e-17,0,0.012132,0.012132,0,2.4138e-16,0,99.002,1176.1,FLYING
5.26,-5.8101e-16,0,5.477,-4.9078e-17,0,0.012117,0.012117,0,2.3564e-16,0,99.002,1176.1,FLYING
5.2625,-5.8113e-16,0,5.4771,-4.8977e-17,0,0.012103,0.012103,0,2.3007e-16,0,99.001,1176.1,FLYING
5.265,-5.8125e-16,0,5.4771,-4.8879e-17,0,0.012088,0.012088,0,2.2484e-16,0,99.001,1176.1,FLYING
5.2675,-5.8137e-16,0,5.4771,-4.8783e-17,0,0.012073,0.012073,0,2.1995e-16,0,99,1176.1,FLYING
5.27,-5.8149e-16,0,5.4772,-4.8689e-17,0,0.012059,0.012059,0,2.1541e-16,0,99,1176.1,FLYING
5.2725,-5.8162e-16,0,5.4772,-4.8596e-17,0,0.012044,0.012044,0,2.112e-16,0,98.999,1176.1,FLYING
5.275,-5.8174e-16,0,5.4772,-4.8506e-17,0,0.012029,0.012029,0,2.0733e-16,0,98.999,1176.1,FLYING
5.2775,-5.8186e-16,0,5.4772,-4.8417e-17,0,0.012015,0.012015,0,2.0347e-16,0,98.999,1176.1,FLYING
5.28,-5.8198e-16,0,5.4773,-4.833e-17,0,0.012,0.012,0,1.9943e-16,0,98.998,1176.1,FLYING
5.2825,-5.821e-16,0,5.4773,-4.8245e-17,0,0.011986,0.011986,0,1.9557e-16,0,98.998,1176.1,FLYING
5.285,-5.8222e-16,0,5.4773,-4.8162e-17,0,0.011971,0.011971,0,1.917e-16,0,98.997,1176.1,FLYING
5.2875,-5.8234e-16,0,5.4774,-4.808e-17,0,0.011957,0.011957,0,1.8767e-16,0,98.997,1176.1,FLYING
5.29,-5.8246e-16,0,5.4774,-4.7999e-17,0,0.011942,0.011942,0,1.8347e-16,0,98.996,1176.1,FLYING
5.2925,-5.8258e-16,0,5.4774,-4.7921e-17,0,0.011928,0.011928,0,1.7944e-16,0,98.996,1176.1,FLYING
5.295,-5.827e-16,0,5.4775,-4.7844e-17,0,0.011913,0.011913,0,1.7524e-16,0,98.995,1176.1,FLYING
5.2975,-5.8282e-16,0,5.4775,-4.7769e-17,0,0.011898,0.011898,0,1.7105e-16,0,98.995,1176.1,FLYING
5.3,-5.8294e-16,0,5.4775,-4.7696e-17,0,0.011884,0.011884,0,1.6685e-16,0,98.994,1176.1,FLYING
5.3025,-5.8306e-16,0,5.4775,-4.7625e-17,0,0.01187,0.01187,0,1.6249e-16,0,98.994,1176.1,FLYING
5.305,-5.8318e-16,0,5.4776,-4.7555e-17,0,0.011855,0.011855,0,1.5795e-16,0,98.994,1176.1,FLYING
5.3075,-5.833e-16,0,5.4776,-4.7488e-17,0,0.011841,0.011841,0,1.5342e-16,0,98.993,1176.1,FLYING
5.31,-5.8341e-16,0,5.4776,-4.7422e-17,0,0.011826,0.011826,0,1.4872e-16,0,98.993,1176.1,FLYING
5.3125,-5.8353e-16,0,5.4777,-4.7358e-17,0,0.011812,0.011812,0,1.4402e-16,0,98.992,1176.1,FLYING
5.315,-5.8365e-16,0,5.4777,-4.7297e-17,0,0.011797,0.011797,0,1.3932e-16,0,98.992,1176.1,FLYING
5.3175,-5.8377e-16,0,5.4777,-4.7237e-17,0,0.011783,0.011783,0,1.3446e-16,0,98.991,1176.1,FLYING
5.32,-5.8389e-16,0,5.4777,-4.718e-17,0,0.011769,0.011769,0,1.2942e-16,0,98.991,1176.1,FLYING
5.3225,-5.84e-16,0,5.4778,-4.7124e-17,0,0.011754,0.011754,0,1.2422e-16,0,98.99,1176.1,FLYING
5.325,-5.8412e-16,0,5.4778,-4.7071e-17,0,0.01174,0.01174,0,1.1902e-16,0,98.99,1176.1,FLYING
5.3275,-5.8424e-16,0,5.4778,-4.702e-17,0,0.011725,0.011725,0,1.1364e-16,0,98.989,1176.1,FLYING
5.33,-5.8436e-16,0,5.4779,-4.6972e-17,0,0.011711,0.011711,0,1.0811e-16,0,98.989,1176.1,FLYING
5.3325,-5.8447e-16,0,5.4779,-4.6925e-17,0,0.011697,0.011697,0,1.024e-16,0,98.989,1176.1,FLYING
5.335,-5.8459e-16,0,5.4779,-4.6882e-17,0,0.011682,0.011682,0,9.6694e-17,0,98.988,1176.1,FLYING
5.3375,-5.8471e-16,0,5.478,-4.684e-17,0,0.011668,0.011668,0,9.0989e-17,0,98.988,1176.1,FLYING
5.34,-5.8483e-16,0,5.478,-4.6801e-17,0,0.011654,0.011654,0,8.5287e-17,0,98.987,1176.1,FLYING
5.3425,-5.8494e-16,0,5.478,-4.6765e-17,0,0.01164,0.01164,0,7.9585e-17,0,98.987,1176.1,FLYING
5.345,-5.8506e-16,0,5.478,-4.6731e-17,0,0.011625,0.011625,0,7.3885e-17,0,98.986,1176.1,FLYING
5.3475,-5.8518e-16,0,5.4781,-4.6699e-17,0,0.011611,0.011611,0,6.8017e-17,0,98.986,1176.1,FLYING
5.35,-5.8529e-16,0,5.4781,-4.667e-17,0,0.011597,0.011597,0,6.249e-17,0,98.985,1176.1,FLYING
5.3525,-5.8541e-16,0,5.4781,-4.6643e-17,0,0.011583,0.011583,0,5.7303e-17,0,98.985,1176.1,FLYING
5.355,-5.8553e-16,0,5.4782,-4.6619e-17,0,0.011568,0.011568,0,5.2457e-17,0,98.984,1176.1,FLYING
5.3575,-5.8564e-16,0,5.4782,-4.6596e-17,0,0.011554,0.011554,0,4.7951e-17,0,98.984,1176.1,FLYING
5.36,-5.8576e-16,0,5.4782,-4.6576e-17,0,0.01154,0.01154,0,4.3616e-17,0,98.984,1176.1,FLYING
5.3625,-5.8588e-16,0,5.4782,-4.6557e-17,0,0.011526,0.011526,0,3.9622e-17,0,98.983,1176.1,FLYING
5.365,-5.8599e-16,0,5.4783,-4.654e-17,0,0.011512,0.011512,0,3.5967e-17,0,98.983,1176.1,FLYING
5.3675,-5.8611e-16,0,5.4783,-4.6525e-17,0,0.011498,0.011498,0,3.2484e-17,0,98.982,1176.1,FLYING
5.37,-5.8622e-16,0,5.4783,-4.6511e-17,0,0.011483,0.011483,0,2.917e-17,0,98.982,1176.1,FLYING
5.3725,-5.8634e-16,0,5.4784,-4.6498e-17,0,0.011469,0.011469,0,2.6367e-17,0,98.981,1176.1,FLYING
5.375,-5.8646e-16,0,5.4784,-4.6487e-17,0,0.011455,0.011455,0,2.4073e-17,0,98.981,1176.1,FLYING
5.3775,-5.8657e-16,0,5.4784,-4.6477e-17,0,0.011441,0.011441,0,2.1949e-17,0,98.98,1176.1,FLYING
5.38,-5.8669e-16,0,5.4784,-4.6467e-17,0,0.011427,0.011427,0,2.0165e-17,0,98.98,1176.1,FLYING
5.3825,-5.8681e-16,0,5.4785,-4.6459e-17,0,0.011413,0.011413,0,1.8551e-17,0,98.979,1176.1,FLYING
5.385,-5.8692e-16,0,5.4785,-4.6451e-17,0,0.011399,0.011399,0,1.7107e-17,0,98.979,1176.1,FLYING
5.3875,-5.8704e-16,0,5.4785,-4.6444e-17,0,0.011385,0.011385,0,1.6003e-17,0,98.979,1176.1,FLYING
5.39,-5.8715e-16,0,5.4786,-4.6437e-17,0,0.011371,0.011371,0,1.5238e-17,0,98.978,1176.1,FLYING
5.3925,-5.8727e-16,0,5.4786,-4.643e-17,0,0.011357,0.011357,0,1.4643e-17,0,98.978,1176.1,FLYING
5.395,-5.8739e-16,0,5.4786,-4.6424e-17,0,0.011343,0.011343,0,1.4557e-17,0,98.977,1176.1,FLYING
5.3975,-5.875e-16,0,5.4786,-4.6418e-17,0,0.011329,0.011329,0,1.4641e-17,0,98.977,1176.1,FLYING
5.4,-5.8762e-16,0,5.4787,-4.6411e-17,0,0.011315,0.011315,0,1.5064e-17,0,98.976,1176.1,FLYING
5.4025,-5.8773e-16,0,5.4787,-4.6405e-17,0,0.011301,0.011301,0,1.5826e-17,0,98.976,1176.1,FLYING
5.405,-5.8785e-16,0,5.4787,-4.6398e-17,0,0.011287,0.011287,0,1.6928e-17,0,98.975,1176.1,FLYING
5.4075,-5.8797e-16,0,5.4788,-4.6391e-17,0,0.011273,0.011273,0,1.8368e-17,0,98.975,1176.1,FLYING
5.41,-5.8808e-16,0,5.4788,-4.6383e-17,0,0.011259,0.011259,0,2.0316e-17,0,98.974,1176.1,FLYING
5.4125,-5.882e-16,0,5.4788,-4.6374e-17,0,0.011246,0.011246,0,2.2604e-17,0,98.974,1176.1,FLYING
5.415,-5.8831e-16,0,5.4788,-4.6365e-17,0,0.011232,0.011232,0,2.5061e-17,0,98.973,1176.1,FLYING
5.4175,-5.8843e-16,0,5.4789,-4.6354e-17,0,0.011218,0.011218,0,2.8025e-17,0,98.973,1176.1,FLYING
5.42,-5.8855e-16,0,5.4789,-4.6342e-17,0,0.011204,0.011204,0,3.1159e-17,0,98.973,1176.1,FLYING
5.4225,-5.8866e-16,0,5.4789,-4.6329e-17,0,0.01119,0.01119,0,3.4631e-17,0,98.972,1176.1,FLYING
5.425,-5.8878e-16,0,5.479,-4.6314e-17,0,0.011176,0.011176,0,3.8442e-17,0,98.972,1176.1,FLYING
5.4275,-5.8889e-16,0,5.479,-4.6297e-17,0,0.011163,0.011163,0,4.2591e-17,0,98.971,1176.1,FLYING
5.43,-5.8901e-16,0,5.479,-4.6279e-17,0,0.011149,0.011149,0,4.7078e-17,0,98.971,1176.1,FLYING
5.4325,-5.8912e-16,0,5.479,-4.6259e-17,0,0.011135,0.011135,0,5.1734e-17,0,98.97,1176.1,FLYING
5.435,-5.8924e-16,0,5.4791,-4.6237e-17,0,0.011121,0.011121,0,5.6897e-17,0,98.97,1176.1,FLYING
5.4375,-5.8935e-16,0,5.4791,-4.6213e-17,0,0.011108,0.011108,0,6.2398e-17,0,98.969,1176.1,FLYING
5.44,-5.8947e-16,0,5.4791,-4.6186e-17,0,0.011094,0.011094,0,6.7729e-17,0,98.969,1176.1,FLYING
5.4425,-5.8959e-16,0,5.4791,-4.6157e-17,0,0.01108,0.01108,0,7.3058e-17,0,98.968,1176.1,FLYING
5.445,-5.897e-16,0,5.4792,-4.6126e-17,0,0.011066,0.011066,0,7.8216e-17,0,98.968,1176.1,FLYING
5.4475,-5.8982e-16,0,5.4792,-4.6092e-17,0,0.011053,0.011053,0,8.3372e-17,0,98.968,1176.1,FLYING
5.45,-5.8993e-16,0,5.4792,-4.6057e-17,0,0.011039,0.011039,0,8.8358e-17,0,98.967,1176.1,FLYING
5.4525,-5.9005e-16,0,5.4793,-4.6019e-17,0,0.011025,0.011025,0,9.3343e-17,0,98.967,1176.1,FLYING
5.455,-5.9016e-16,0,5.4793,-4.5979e-17,0,0.011012,0.011012,0,9.8496e-17,0,98.966,1176.1,FLYING
5.4575,-5.9028e-16,0,5.4793,-4.5937e-17,0,0.010998,0.010998,0,1.0365e-16,0,98.966,1176.1,FLYING
5.46,-5.9039e-16,0,5.4793,-4.5892e-17,0,0.010985,0.010985,0,1.088e-16,0,98.965,1176.1,FLYING
5.4625,-5.9051e-16,0,5.4794,-4.5846e-17,0,0.010971,0.010971,0,1.1395e-16,0,98.965,1176.1,FLYING
5.465,-5.9062e-16,0,5.4794,-4.5797e-17,0,0.010957,0.010957,0,1.1909e-16,0,98.964,1176.1,FLYING
5.4675,-5.9073e-16,0,5.4794,-4.5746e-17,0,0.010944,0.010944,0,1.2407e-16,0,98.964,1176.1,FLYING
5.47,-5.9085e-16,0,5.4794,-4.5693e-17,0,0.01093,0.01093,0,1.2905e-16,0,98.963,1176.1,FLYING
5.4725,-5.9096e-16,0,5.4795,-4.5638e-17,0,0.010917,0.010917,0,1.3402e-16,0,98.963,1176.1,FLYING
5.475,-5.9108e-16,0,5.4795,-4.5581e-17,0,0.010903,0.010903,0,1.3883e-16,0,98.963,1176.1,FLYING
5.4775,-5.9119e-16,0,5.4795,-4.5521e-17,0,0.01089,0.01089,0,1.4363e-16,0,98.962,1176.2,FLYING
5.48,-5.913e-16,0,5.4796,-4.546e-17,0,0.010876,0.010876,0,1.4843e-16,0,98.962,1176.2,FLYING
5.4825,-5.9142e-16,0,5.4796,-4.5396e-17,0,0.010863,0.010863,0,1.5323e-16,0,98.961,1176.2,FLYING
5.485,-5.9153e-16,0,5.4796,-4.5331e-17,0,0.010849,0.010849,0,1.5786e-16,0,98.961,1176.2,FLYING
5.4875,-5.9164e-16,0,5.4796,-4.5263e-17,0,0.010836,0.010836,0,1.6249e-16,0,98.96,1176.2,FLYING
5.49,-5.9176e-16,0,5.4797,-4.5194e-17,0,0.010823,0.010823,0,1.6711e-16,0,98.96,1176.2,FLYING
5.4925,-5.9187e-16,0,5.4797,-4.5122e-17,0,0.010809,0.010809,0,1.7191e-16,0,98.959,1176.2,FLYING
5.495,-5.9198e-16,0,5.4797,-4.5049e-17,0,0.010796,0.010796,0,1.767e-16,0,98.959,1176.2,FLYING
5.4975,-5.921e-16,0,5.4797,-4.4973e-17,0,0.010782,0.010782,0,1.8149e-16,0,98.958,1176.2,FLYING
5.5,-5.9221e-16,0,5.4798,-4.4895e-17,0,0.010769,0.010769,0,1.8612e-16,0,98.958,1176.2,FLYING
5.5025,-5.9232e-16,0,5.4798,-4.4816e-17,0,0.010756,0.010756,0,1.9091e-16,0,98.958,1176.2,FLYING
5.505,-5.9243e-16,0,5.4798,-4.4734e-17,0,0.010742,0.010742,0,1.9587e-16,0,98.957,1176.2,FLYING
5.5075,-5.9254e-16,0,5.4799,-4.465e-17,0,0.010729,0.010729,0,2.0082e-16,0,98.957,1176.2,FLYING
5.51,-5.9265e-16,0,5.4799,-4.4565e-17,0,0.010716,0.010716,0,2.0578e-16,0,98.956,1176.2,FLYING
5.5125,-5.9277e-16,0,5.4799,-4.4477e-17,0,0.010703,0.010703,0,2.104e-16,0,98.956,1176.2,FLYING
5.515,-5.9288e-16,0,5.4799,-4.4387e-17,0,0.010689,0.010689,0,2.145e-16,0,98.955,1176.2,FLYING
5.5175,-5.9299e-16,0,5.48,-4.4295e-17,0,0.010676,0.010676,0,2.1861e-16,0,98.955,1176.2,FLYING
5.52,-5.931e-16,0,5.48,-4.4201e-17,0,0.010663,0.010663,0,2.2271e-16,0,98.954,1176.2,FLYING
5.5225,-5.9321e-16,0,5.48,-4.4106e-17,0,0.01065,0.01065,0,2.2698e-16,0,98.954,1176.2,FLYING
5.525,-5.9332e-16,0,5.48,-4.4009e-17,0,0.010636,0.010636,0,2.3142e-16,0,98.953,1176.2,FLYING
5.5275,-5.9343e-16,0,5.4801,-4.391e-17,0,0.010623,0.010623,0,2.3603e-16,0,98.953,1176.2,FLYING
5.53,-5.9354e-16,0,5.4801,-4.3809e-17,0,0.01061,0.01061,0,2.4081e-16,0,98.953,1176.2,FLYING
5.5325,-5.9365e-16,0,5.4801,-4.3706e-17,0,0.010597,0.010597,0,2.4559e-16,0,98.952,1176.2,FLYING
5.535,-5.9376e-16,0,5.4801,-4.3601e-17,0,0.010584,0.010584,0,2.5036e-16,0,98.952,1176.2,FLYING
5.5375,-5.9386e-16,0,5.4802,-4.3494e-17,0,0.010571,0.010571,0,2.548e-16,0,98.951,1176.2,FLYING
5.54,-5.9397e-16,0,5.4802,-4.3385e-17,0,0.010558,0.010558,0,2.5889e-16,0,98.951,1176.2,FLYING
5.5425,-5.9408e-16,0,5.4802,-4.3274e-17,0,0.010544,0.010544,0,2.6265e-16,0,98.95,1176.2,FLYING
5.545,-5.9419e-16,0,5.4803,-4.3162e-17,0,0.010531,0.010531,0,2.6606e-16,0,98.95,1176.2,FLYING
5.5475,-5.943e-16,0,5.4803,-4.3048e-17,0,0.010518,0.010518,0,2.6914e-16,0,98.949,1176.2,FLYING
5.55,-5.944e-16,0,5.4803,-4.2933e-17,0,0.010505,0.010505,0,2.717e-16,0,98.949,1176.2,FLYING
5.5525,-5.9451e-16,0,5.4803,-4.2817e-17,0,0.010492,0.010492,0,2.7393e-16,0,98.948,1176.2,FLYING
5.555,-5.9462e-16,0,5.4804,-4.27e-17,0,0.010479,0.010479,0,2.7581e-16,0,98.948,1176.2,FLYING
5.5575,-5.9472e-16,0,5.4804,-4.2582e-17,0,0.010466,0.010466,0,2.7753e-16,0,98.948,1176.2,FLYING
5.56,-5.9483e-16,0,5.4804,-4.2463e-17,0,0.010453,0.010453,0,2.789e-16,0,98.947,1176.2,FLYING
5.5625,-5.9494e-16,0,5.4804,-4.2344e-17,0,0.01044,0.01044,0,2.7994e-16,0,98.947,1176.2,FLYING
5.565,-5.9504e-16,0,5.4805,-4.2224e-17,0,0.010427,0.010427,0,2.8046e-16,0,98.946,1176.2,FLYING
5.5675,-5.9515e-16,0,5.4805,-4.2104e-17,0,0.010414,0.010414,0,2.8082e-16,0,98.946,1176.2,FLYING
5.57,-5.9525e-16,0,5.4805,-4.1984e-17,0,0.010401,0.010401,0,2.8067e-16,0,98.945,1176.2,FLYING
5.5725,-5.9536e-16,0,5.4805,-4.1864e-17,0,0.010389,0.010389,0,2.8001e-16,0,98.945,1176.2,FLYING
5.575,-5.9546e-16,0,5.4806,-4.1744e-17,0,0.010376,0.010376,0,2.7901e-16,0,98.944,1176.2,FLYING
5.5775,-5.9556e-16,0,5.4806,-4.1625e-17,0,0.010363,0.010363,0,2.7784e-16,0,98.944,1176.2,FLYING
5.58,-5.9567e-16,0,5.4806,-4.1506e-17,0,0.01035,0.01035,0,2.765e-16,0,98.943,1176.2,FLYING
5.5825,-5.9577e-16,0,5.4806,-4.1388e-17,0,0.010337,0.010337,0,2.7499e-16,0,98.943,1176.2,FLYING
5.585,-5.9588e-16,0,5.4807,-4.127e-17,0,0.010324,0.010324,0,2.7314e-16,0,98.942,1176.2,FLYING
5.5875,-5.9598e-16,0,5.4807,-4.1153e-17,0,0.010312,0.010312,0,2.7112e-16,0,98.942,1176.2,FLYING
5.59,-5.9608e-16,0,5.4807,-4.1037e-17,0,0.010299,0.010299,0,2.6877e-16,0,98.942,1176.2,FLYING
5.5925,-5.9618e-16,0,5.4807,-4.0922e-17,0,0.010286,0.010286,0,2.6608e-16,0,98.941,1176.2,FLYING
5.595,-5.9629e-16,0,5.4808,-4.0809e-17,0,0.010273,0.010273,0,2.6304e-16,0,98.941,1176.2,FLYING
5.5975,-5.9639e-16,0,5.4808,-4.0696e-17,0,0.01026,0.01026,0,2.5967e-16,0,98.94,1176.2,FLYING
5.6,-5.9649e-16,0,5.4808,-4.0585e-17,0,0.010248,0.010248,0,2.5613e-16,0,98.94,1176.2,FLYING
5.6025,-5.9659e-16,0,5.4809,-4.0475e-17,0,0.010235,0.010235,0,2.5225e-16,0,98.939,1176.2,FLYING
5.605,-5.9669e-16,0,5.4809,-4.0368e-17,0,0.010222,0.010222,0,2.4821e-16,0,98.939,1176.2,FLYING
5.6075,-5.9679e-16,0,5.4809,-4.0261e-17,0,0.01021,0.01021,0,2.4399e-16,0,98.938,1176.2,FLYING
5.61,-5.9689e-16,0,5.4809,-4.0157e-17,0,0.010197,0.010197,0,2.3927e-16,0,98.938,1176.2,FLYING
5.6125,-5.9699e-16,0,5.481,-4.0055e-17,0,0.010184,0.010184,0,2.3421e-16,0,98.937,1176.2,FLYING
5.615,-5.9709e-16,0,5.481,-3.9954e-17,0,0.010172,0.010172,0,2.2881e-16,0,98.937,1176.2,FLYING
5.6175,-5.9719e-16,0,5.481,-3.9857e-17,0,0.010159,0.010159,0,2.229e-16,0,98.937,1176.2,FLYING
5.62,-5.9729e-16,0,5.481,-3.9761e-17,0,0.010147,0.010147,0,2.1649e-16,0,98.936,1176.2,FLYING
5.6225,-5.9739e-16,0,5.4811,-3.9669e-17,0,0.010134,0.010134,0,2.0974e-16,0,98.936,1176.2,FLYING
5.625,-5.9749e-16,0,5.4811,-3.9579e-17,0,0.010121,0.010121,0,2.0282e-16,0,98.935,1176.2,FLYING
5.6275,-5.9759e-16,0,5.4811,-3.9492e-17,0,0.010109,0.010109,0,1.9556e-16,0,98.935,1176.2,FLYING
5.63,-5.9769e-16,0,5.4811,-3.9409e-17,0,0.010096,0.010096,0,1.8779e-16,0,98.934,1176.2,FLYING
5.6325,-5.9778e-16,0,5.4812,-3.9328e-17,0,0.010084,0.010084,0,1.7969e-16,0,98.934,1176.2,FLYING
5.635,-5.9788e-16,0,5.4812,-3.9251e-17,0,0.010071,0.010071,0,1.7108e-16,0,98.933,1176.2,FLYING
5.6375,-5.9798e-16,0,5.4812,-3.9178e-17,0,0.010059,0.010059,0,1.6214e-16,0,98.933,1176.2,FLYING
5.64,-5.9808e-16,0,5.4812,-3.9109e-17,0,0.010046,0.010046,0,1.5286e-16,0,98.932,1176.2,FLYING
5.6425,-5.9818e-16,0,5.4813,-3.9044e-17,0,0.010034,0.010034,0,1.4357e-16,0,98.932,1176.2,FLYING
5.645,-5.9827e-16,0,5.4813,-3.8982e-17,0,0.010021,0.010021,0,1.3447e-16,0,98.932,1176.2,FLYING
5.6475,-5.9837e-16,0,5.4813,-3.8925e-17,0,0.010009,0.010009,0,1.257e-16,0,98.931,1176.2,FLYING
5.65,-5.9847e-16,0,5.4813,-3.8871e-17,0,0.0099966,0.0099966,0,1.171e-16,0,98.931,1176.2,FLYING
5.6525,-5.9856e-16,0,5.4814,-3.8821e-17,0,0.0099843,0.0099843,0,1.0885e-16,0,98.93,1176.2,FLYING
5.655,-5.9866e-16,0,5.4814,-3.8774e-17,0,0.0099719,0.0099719,0,1.0111e-16,0,98.93,1176.2,FLYING
5.6575,-5.9876e-16,0,5.4814,-3.8731e-17,0,0.0099595,0.0099595,0,9.3537e-17,0,98.929,1176.2,FLYING
5.66,-5.9886e-16,0,5.4814,-3.8691e-17,0,0.0099472,0.0099472,0,8.6137e-17,0,98.929,1176.2,FLYING
5.6625,-5.9895e-16,0,5.4815,-3.8654e-17,0,0.0099349,0.0099349,0,7.8909e-17,0,98.928,1176.2,FLYING
5.665,-5.9905e-16,0,5.4815,-3.862e-17,0,0.0099225,0.0099225,0,7.1852e-17,0,98.928,1176.2,FLYING
5.6675,-5.9914e-16,0,5.4815,-3.859e-17,0,0.0099102,0.0099102,0,6.4967e-17,0,98.927,1176.2,FLYING
5.67,-5.9924e-16,0,5.4815,-3.8562e-17,0,0.009898,0.009898,0,5.8253e-17,0,98.927,1176.2,FLYING
5.6725,-5.9934e-16,0,5.4816,-3.8537e-17,0,0.0098857,0.0098857,0,5.171e-17,0,98.927,1176.2,FLYING
5.675,-5.9943e-16,0,5.4816,-3.8515e-17,0,0.0098735,0.0098735,0,4.5338e-17,0,98.926,1176.2,FLYING
5.6775,-5.9953e-16,0,5.4816,-3.8495e-17,0,0.0098612,0.0098612,0,3.9138e-17,0,98.926,1176.2,FLYING
5.68,-5.9963e-16,0,5.4816,-3.8479e-17,0,0.009849,0.009849,0,3.3279e-17,0,98.925,1176.2,FLYING
5.6825,-5.9972e-16,0,5.4817,-3.8464e-17,0,0.0098368,0.0098368,0,2.776e-17,0,98.925,1176.2,FLYING
5.685,-5.9982e-16,0,5.4817,-3.8452e-17,0,0.0098246,0.0098246,0,2.2582e-17,0,98.924,1176.2,FLYING
5.6875,-5.9991e-16,0,5.4817,-3.8443e-17,0,0.0098125,0.0098125,0,1.7745e-17,0,98.924,1176.2,FLYING
5.69,-6.0001e-16,0,5.4817,-3.8435e-17,0,0.0098003,0.0098003,0,1.3078e-17,0,98.923,1176.2,FLYING
5.6925,-6.0011e-16,0,5.4818,-3.843e-17,0,0.0097882,0.0097882,0,8.582e-18,0,98.923,1176.2,FLYING
5.695,-6.002e-16,0,5.4818,-3.8426e-17,0,0.009776,0.009776,0,4.2569e-18,0,98.922,1176.2,FLYING
5.6975,-6.003e-16,0,5.4818,-3.8424e-17,0,0.0097639,0.0097639,0,2.7217e-19,0,98.922,1176.2,FLYING
5.7,-6.0039e-16,0,5.4818,-3.8424e-17,0,0.0097519,0.0097519,0,-3.3723e-18,0,98.922,1176.2,FLYING
5.7025,-6.0049e-16,0,5.4818,-3.8425e-17,0,0.0097398,0.0097398,0,-6.6767e-18,0,98.921,1176.2,FLYING
5.705,-6.0059e-16,0,5.4819,-3.8428e-17,0,0.0097277,0.0097277,0,-9.8106e-18,0,98.921,1176.2,FLYING
5.7075,-6.0068e-16,0,5.4819,-3.8432e-17,0,0.0097157,0.0097157,0,-1.2604e-17,0,98.92,1176.2,FLYING
5.71,-6.0078e-16,0,5.4819,-3.8438e-17,0,0.0097037,0.0097037,0,-1.5058e-17,0,98.92,1176.2,FLYING
5.7125,-6.0088e-16,0,5.4819,-3.8444e-17,0,0.0096916,0.0096916,0,-1.7342e-17,0,98.919,1176.2,FLYING
5.715,-6.0097e-16,0,5.482,-3.8452e-17,0,0.0096796,0.0096796,0,-1.9455e-17,0,98.919,1176.2,FLYING
5.7175,-6.0107e-16,0,5.482,-3.846e-17,0,0.0096677,0.0096677,0,-2.1229e-17,0,98.918,1176.2,FLYING
5.72,-6.0116e-16,0,5.482,-3.8469e-17,0,0.0096557,0.0096557,0,-2.2493e-17,0,98.918,1176.2,FLYING
5.7225,-6.0126e-16,0,5.482,-3.8479e-17,0,0.0096438,0.0096438,0,-2.3588e-17,0,98.917,1176.2,FLYING
5.725,-6.0136e-16,0,5.4821,-3.8489e-17,0,0.0096318,0.0096318,0,-2.4512e-17,0,98.917,1176.2,FLYING
5.7275,-6.0145e-16,0,5.4821,-3.8499e-17,0,0.0096199,0.0096199,0,-2.4928e-17,0,98.917,1176.2,FLYING
5.73,-6.0155e-16,0,5.4821,-3.851e-17,0,0.009608,0.009608,0,-2.5173e-17,0,98.916,1176.2,FLYING
5.7325,-6.0165e-16,0,5.4821,-3.8521e-17,0,0.0095961,0.0095961,0,-2.5079e-17,0,98.916,1176.2,FLYING
5.735,-6.0174e-16,0,5.4822,-3.8531e-17,0,0.0095842,0.0095842,0,-2.4816e-17,0,98.915,1176.2,FLYING
5.7375,-6.0184e-16,0,5.4822,-3.8542e-17,0,0.0095724,0.0095724,0,-2.4044e-17,0,98.915,1176.2,FLYING
5.74,-6.0193e-16,0,5.4822,-3.8552e-17,0,0.0095606,0.0095606,0,-2.2933e-17,0,98.914,1176.2,FLYING
5.7425,-6.0203e-16,0,5.4822,-3.8562e-17,0,0.0095487,0.0095487,0,-2.1483e-17,0,98.914,1176.2,FLYING
5.745,-6.0213e-16,0,5.4823,-3.8571e-17,0,0.0095369,0.0095369,0,-1.9694e-17,0,98.913,1176.2,FLYING
5.7475,-6.0222e-16,0,5.4823,-3.858e-17,0,0.0095251,0.0095251,0,-1.7566e-17,0,98.913,1176.2,FLYING
5.75,-6.0232e-16,0,5.4823,-3.8587e-17,0,0.0095134,0.0095134,0,-1.5099e-17,0,98.912,1176.2,FLYING
5.7525,-6.0242e-16,0,5.4823,-3.8594e-17,0,0.0095016,0.0095016,0,-1.2294e-17,0,98.912,1176.2,FLYING
5.755,-6.0251e-16,0,5.4824,-3.8599e-17,0,0.0094898,0.0094898,0,-9.3196e-18,0,98.911,1176.2,FLYING
5.7575,-6.0261e-16,0,5.4824,-3.8603e-17,0,0.0094781,0.0094781,0,-6.1765e-18,0,98.911,1176.2,FLYING
5.76,-6.0271e-16,0,5.4824,-3.8606e-17,0,0.0094664,0.0094664,0,-2.8646e-18,0,98.911,1176.2,FLYING
5.7625,-6.028e-16,0,5.4824,-3.8607e-17,0,0.0094547,0.0094547,0,6.1611e-19,0,98.91,1176.2,FLYING
5.765,-6.029e-16,0,5.4824,-3.8606e-17,0,0.009443,0.009443,0,4.2656e-18,0,98.91,1176.2,FLYING
5.7675,-6.03e-16,0,5.4825,-3.8605e-17,0,0.0094314,0.0094314,0,8.2534e-18,0,98.909,1176.2,FLYING
5.77,-6.0309e-16,0,5.4825,-3.8601e-17,0,0.0094197,0.0094197,0,1.241e-17,0,98.909,1176.2,FLYING
5.7725,-6.0319e-16,0,5.4825,-3.8596e-17,0,0.0094081,0.0094081,0,1.6735e-17,0,98.908,1176.2,FLYING
5.775,-6.0328e-16,0,5.4825,-3.8589e-17,0,0.0093964,0.0093964,0,2.0889e-17,0,98.908,1176.2,FLYING
5.7775,-6.0338e-16,0,5.4826,-3.858e-17,0,0.0093848,0.0093848,0,2.4873e-17,0,98.907,1176.2,FLYING
5.78,-6.0348e-16,0,5.4826,-3.8569e-17,0,0.0093732,0.0093732,0,2.8856e-17,0,98.907,1176.2,FLYING
5.7825,-6.0357e-16,0,5.4826,-3.8557e-17,0,0.0093617,0.0093617,0,3.3007e-17,0,98.906,1176.2,FLYING
5.785,-6.0367e-16,0,5.4826,-3.8543e-17,0,0.0093501,0.0093501,0,3.6988e-17,0,98.906,1176.2,FLYING
5.7875,-6.0377e-16,0,5.4827,-3.8527e-17,0,0.0093386,0.0093386,0,4.0967e-17,0,98.906,1176.2,FLYING
5.79,-6.0386e-16,0,5.4827,-3.8509e-17,0,0.009327,0.009327,0,4.4776e-17,0,98.905,1176.2,FLYING
5.7925,-6.0396e-16,0,5.4827,-3.849e-17,0,0.0093155,0.0093155,0,4.8584e-17,0,98.905,1176.2,FLYING
5.795,-6.0406e-16,0,5.4827,-3.8469e-17,0,0.009304,0.009304,0,5.2222e-17,0,98.904,1176.2,FLYING
5.7975,-6.0415e-16,0,5.4828,-3.8447e-17,0,0.0092925,0.0092925,0,5.5689e-17,0,98.904,1176.2,FLYING
5.8,-6.0425e-16,0,5.4828,-3.8423e-17,0,0.0092811,0.0092811,0,5.8985e-17,0,98.903,1176.2,FLYING
5.8025,-6.0434e-16,0,5.4828,-3.8398e-17,0,0.0092696,0.0092696,0,6.2281e-17,0,98.903,1176.2,FLYING
5.805,-6.0444e-16,0,5.4828,-3.8371e-17,0,0.0092582,0.0092582,0,6.5576e-17,0,98.902,1176.2,FLYING
5.8075,-6.0454e-16,0,5.4828,-3.8343e-17,0,0.0092467,0.0092467,0,6.887e-17,0,98.902,1176.2,FLYING
5.81,-6.0463e-16,0,5.4829,-3.8314e-17,0,0.0092353,0.0092353,0,7.2163e-17,0,98.901,1176.3,FLYING
5.8125,-6.0473e-16,0,5.4829,-3.8283e-17,0,0.0092239,0.0092239,0,7.5625e-17,0,98.901,1176.3,FLYING
5.815,-6.0482e-16,0,5.4829,-3.8251e-17,0,0.0092126,0.0092126,0,7.9255e-17,0,98.901,1176.3,FLYING
5.8175,-6.0492e-16,0,5.4829,-3.8217e-17,0,0.0092012,0.0092012,0,8.2885e-17,0,98.9,1176.3,FLYING
5.82,-6.0501e-16,0,5.483,-3.8181e-17,0,0.0091899,0.0091899,0,8.6514e-17,0,98.9,1176.3,FLYING
5.8225,-6.0511e-16,0,5.483,-3.8144e-17,0,0.0091785,0.0091785,0,9.0142e-17,0,98.899,1176.3,FLYING
5.825,-6.052e-16,0,5.483,-3.8106e-17,0,0.0091672,0.0091672,0,9.3939e-17,0,98.899,1176.3,FLYING
5.8275,-6.053e-16,0,5.483,-3.8065e-17,0,0.0091559,0.0091559,0,9.7735e-17,0,98.898,1176.3,FLYING
5.83,-6.0539e-16,0,5.4831,-3.8024e-17,0,0.0091446,0.0091446,0,1.017e-16,0,98.898,1176.3,FLYING
5.8325,-6.0549e-16,0,5.4831,-3.798e-17,0,0.0091333,0.0091333,0,1.0566e-16,0,98.897,1176.3,FLYING
5.835,-6.0558e-16,0,5.4831,-3.7935e-17,0,0.0091221,0.0091221,0,1.0946e-16,0,98.897,1176.3,FLYING
5.8375,-6.0568e-16,0,5.4831,-3.7888e-17,0,0.0091108,0.0091108,0,1.1325e-16,0,98.896,1176.3,FLYING
5.84,-6.0577e-16,0,5.4831,-3.784e-17,0,0.0090996,0.0090996,0,1.1704e-16,0,98.896,1176.3,FLYING
5.8425,-6.0587e-16,0,5.4832,-3.779e-17,0,0.0090884,0.0090884,0,1.2066e-16,0,98.896,1176.3,FLYING
5.845,-6.0596e-16,0,5.4832,-3.7738e-17,0,0.0090772,0.0090772,0,1.2411e-16,0,98.895,1176.3,FLYING
5.8475,-6.0606e-16,0,5.4832,-3.7685e-17,0,0.009066,0.009066,0,1.2756e-16,0,98.895,1176.3,FLYING
5.85,-6.0615e-16,0,5.4832,-3.763e-17,0,0.0090549,0.0090549,0,1.3101e-16,0,98.894,1176.3,FLYING
5.8525,-6.0624e-16,0,5.4833,-3.7574e-17,0,0.0090437,0.0090437,0,1.3445e-16,0,98.894,1176.3,FLYING
5.855,-6.0634e-16,0,5.4833,-3.7517e-17,0,0.0090326,0.0090326,0,1.3773e-16,0,98.893,1176.3,FLYING
5.8575,-6.0643e-16,0,5.4833,-3.7458e-17,0,0.0090214,0.0090214,0,1.4101e-16,0,98.893,1176.3,FLYING
5.86,-6.0653e-16,0,5.4833,-3.7398e-17,0,0.0090103,0.0090103,0,1.4377e-16,0,98.892,1176.3,FLYING
5.8625,-6.0662e-16,0,5.4833,-3.7336e-17,0,0.0089992,0.0089992,0,1.4603e-16,0,98.892,1176.3,FLYING
5.865,-6.0671e-16,0,5.4834,-3.7274e-17,0,0.0089882,0.0089882,0,1.4828e-16,0,98.891,1176.3,FLYING
5.8675,-6.0681e-16,0,5.4834,-3.721e-17,0,0.0089771,0.0089771,0,1.5037e-16,0,98.891,1176.3,FLYING
5.87,-6.069e-16,0,5.4834,-3.7146e-17,0,0.0089661,0.0089661,0,1.5229e-16,0,98.891,1176.3,FLYING
5.8725,-6.0699e-16,0,5.4834,-3.7081e-17,0,0.008955,0.008955,0,1.542e-16,0,98.89,1176.3,FLYING
5.875,-6.0708e-16,0,5.4835,-3.7015e-17,0,0.008944,0.008944,0,1.5595e-16,0,98.89,1176.3,FLYING
5.8775,-6.0718e-16,0,5.4835,-3.6948e-17,0,0.008933,0.008933,0,1.5769e-16,0,98.889,1176.3,FLYING
5.88,-6.0727e-16,0,5.4835,-3.6881e-17,0,0.008922,0.008922,0,1.5944e-16,0,98.889,1176.3,FLYING
5.8825,-6.0736e-16,0,5.4835,-3.6812e-17,0,0.008911,0.008911,0,1.6101e-16,0,98.888,1176.3,FLYING
5.885,-6.0745e-16,0,5.4835,-3.6743e-17,0,0.0089001,0.0089001,0,1.6258e-16,0,98.888,1176.3,FLYING
5.8875,-6.0754e-16,0,5.4836,-3.6674e-17,0,0.0088891,0.0088891,0,1.6399e-16,0,98.887,1176.3,FLYING
5.89,-6.0763e-16,0,5.4836,-3.6604e-17,0,0.0088782,0.0088782,0,1.6556e-16,0,98.887,1176.3,FLYING
5.8925,-6.0773e-16,0,5.4836,-3.6533e-17,0,0.0088673,0.0088673,0,1.6713e-16,0,98.886,1176.3,FLYING
5.895,-6.0782e-16,0,5.4836,-3.6462e-17,0,0.0088564,0.0088564,0,1.6854e-16,0,98.886,1176.3,FLYING
5.8975,-6.0791e-16,0,5.4837,-3.6389e-17,0,0.0088455,0.0088455,0,1.6994e-16,0,98.886,1176.3,FLYING
5.9,-6.08e-16,0,5.4837,-3.6317e-17,0,0.0088346,0.0088346,0,1.7117e-16,0,98.885,1176.3,FLYING
5.9025,-6.0809e-16,0,5.4837,-3.6244e-17,0,0.0088238,0.0088238,0,1.7223e-16,0,98.885,1176.3,FLYING
5.905,-6.0818e-16,0,5.4837,-3.617e-17,0,0.0088129,0.0088129,0,1.7313e-16,0,98.884,1176.3,FLYING
5.9075,-6.0827e-16,0,5.4837,-3.6096e-17,0,0.0088021,0.0088021,0,1.7385e-16,0,98.884,1176.3,FLYING
5.91,-6.0836e-16,0,5.4838,-3.6021e-17,0,0.0087913,0.0087913,0,1.744e-16,0,98.883,1176.3,FLYING
5.9125,-6.0845e-16,0,5.4838,-3.5947e-17,0,0.0087805,0.0087805,0,1.7495e-16,0,98.883,1176.3,FLYING
5.915,-6.0854e-16,0,5.4838,-3.5872e-17,0,0.0087697,0.0087697,0,1.7551e-16,0,98.882,1176.3,FLYING
5.9175,-6.0863e-16,0,5.4838,-3.5797e-17,0,0.0087589,0.0087589,0,1.7589e-16,0,98.882,1176.3,FLYING
5.92,-6.0872e-16,0,5.4839,-3.5722e-17,0,0.0087482,0.0087482,0,1.7627e-16,0,98.881,1176.3,FLYING
5.9225,-6.0881e-16,0,5.4839,-3.5646e-17,0,0.0087374,0.0087374,0,1.7665e-16,0,98.881,1176.3,FLYING
5.925,-6.089e-16,0,5.4839,-3.5571e-17,0,0.0087267,0.0087267,0,1.7687e-16,0,98.88,1176.3,FLYING
5.9275,-6.0899e-16,0,5.4839,-3.5495e-17,0,0.008716,0.008716,0,1.7657e-16,0,98.88,1176.3,FLYING
5.93,-6.0907e-16,0,5.4839,-3.542e-17,0,0.0087053,0.0087053,0,1.7594e-16,0,98.88,1176.3,FLYING
5.9325,-6.0916e-16,0,5.484,-3.5344e-17,0,0.0086946,0.0086946,0,1.7479e-16,0,98.879,1176.3,FLYING
5.935,-6.0925e-16,0,5.484,-3.527e-17,0,0.0086839,0.0086839,0,1.7348e-16,0,98.879,1176.3,FLYING
5.9375,-6.0934e-16,0,5.484,-3.5195e-17,0,0.0086733,0.0086733,0,1.7183e-16,0,98.878,1176.3,FLYING
5.94,-6.0943e-16,0,5.484,-3.5122e-17,0,0.0086627,0.0086627,0,1.6967e-16,0,98.878,1176.3,FLYING
5.9425,-6.0951e-16,0,5.4841,-3.5049e-17,0,0.008652,0.008652,0,1.6717e-16,0,98.877,1176.3,FLYING
5.945,-6.096e-16,0,5.4841,-3.4978e-17,0,0.0086414,0.0086414,0,1.6433e-16,0,98.877,1176.3,FLYING
5.9475,-6.0969e-16,0,5.4841,-3.4907e-17,0,0.0086308,0.0086308,0,1.6115e-16,0,98.876,1176.3,FLYING
5.95,-6.0978e-16,0,5.4841,-3.4839e-17,0,0.0086202,0.0086202,0,1.5747e-16,0,98.876,1176.3,FLYING
5.9525,-6.0986e-16,0,5.4841,-3.4771e-17,0,0.0086097,0.0086097,0,1.5327e-16,0,98.875,1176.3,FLYING
5.955,-6.0995e-16,0,5.4842,-3.4706e-17,0,0.0085991,0.0085991,0,1.4857e-16,0,98.875,1176.3,FLYING
5.9575,-6.1004e-16,0,5.4842,-3.4642e-17,0,0.0085886,0.0085886,0,1.4353e-16,0,98.875,1176.3,FLYING
5.96,-6.1012e-16,0,5.4842,-3.4581e-17,0,0.008578,0.008578,0,1.3833e-16,0,98.874,1176.3,FLYING
5.9625,-6.1021e-16,0,5.4842,-3.4522e-17,0,0.0085675,0.0085675,0,1.3295e-16,0,98.874,1176.3,FLYING
5.965,-6.103e-16,0,5.4842,-3.4465e-17,0,0.008557,0.008557,0,1.2741e-16,0,98.873,1176.3,FLYING
5.9675,-6.1038e-16,0,5.4843,-3.441e-17,0,0.0085465,0.0085465,0,1.2187e-16,0,98.873,1176.3,FLYING
5.97,-6.1047e-16,0,5.4843,-3.4358e-17,0,0.0085361,0.0085361,0,1.1666e-16,0,98.872,1176.3,FLYING
5.9725,-6.1055e-16,0,5.4843,-3.4308e-17,0,0.0085256,0.0085256,0,1.118e-16,0,98.872,1176.3,FLYING
5.975,-6.1064e-16,0,5.4843,-3.426e-17,0,0.0085152,0.0085152,0,1.0728e-16,0,98.871,1176.3,FLYING
5.9775,-6.1072e-16,0,5.4844,-3.4214e-17,0,0.0085047,0.0085047,0,1.031e-16,0,98.871,1176.3,FLYING
5.98,-6.1081e-16,0,5.4844,-3.417e-17,0,0.0084943,0.0084943,0,9.9263e-17,0,98.87,1176.3,FLYING
5.9825,-6.1089e-16,0,5.4844,-3.4128e-17,0,0.0084839,0.0084839,0,9.5594e-17,0,98.87,1176.3,FLYING
5.985,-6.1098e-16,0,5.4844,-3.4087e-17,0,0.0084735,0.0084735,0,9.2435e-17,0,98.87,1176.3,FLYING
5.9875,-6.1106e-16,0,5.4844,-3.4047e-17,0,0.0084632,0.0084632,0,8.9785e-17,0,98.869,1176.3,FLYING
5.99,-6.1115e-16,0,5.4845,-3.4009e-17,0,0.0084528,0.0084528,0,8.7136e-17,0,98.869,1176.3,FLYING
5.9925,-6.1123e-16,0,5.4845,-3.3972e-17,0,0.0084425,0.0084425,0,8.4318e-17,0,98.868,1176.3,FLYING
5.995,-6.1132e-16,0,5.4845,-3.3936e-17,0,0.0084321,0.0084321,0,8.1331e-17,0,98.868,1176.3,FLYING
5.9975,-6.114e-16,0,5.4845,-3.3901e-17,0,0.0084218,0.0084218,0,7.8175e-17,0,98.867,1176.3,FLYING
6,-6.1149e-16,0,5.4845,-3.3867e-17,0,0.0084115,0.0084115,0,7.502e-17,0,98.867,1176.3,FLYING
6.0025,-6.1157e-16,0,5.4846,-3.3835e-17,0,0.0084012,0.0084012,0,7.1865e-17,0,98.866,1176.3,FLYING
6.005,-6.1166e-16,0,5.4846,-3.3805e-17,0,0.0083909,0.0083909,0,6.8712e-17,0,98.866,1176.3,FLYING
6.0075,-6.1174e-16,0,5.4846,-3.3775e-17,0,0.0083807,0.0083807,0,6.5559e-17,0,98.865,1176.3,FLYING
6.01,-6.1183e-16,0,5.4846,-3.3747e-17,0,0.0083704,0.0083704,0,6.2577e-17,0,98.865,1176.3,FLYING
6.0125,-6.1191e-16,0,5.4846,-3.372e-17,0,0.0083602,0.0083602,0,5.9426e-17,0,98.865,1176.3,FLYING
6.015,-6.12e-16,0,5.4847,-3.3695e-17,0,0.00835,0.00835,0,5.6445e-17,0,98.864,1176.3,FLYING
6.0175,-6.1208e-16,0,5.4847,-3.3671e-17,0,0.0083398,0.0083398,0,5.3804e-17,0,98.864,1176.3,FLYING
6.02,-6.1216e-16,0,5.4847,-3.3648e-17,0,0.0083296,0.0083296,0,5.1503e-17,0,98.863,1176.3,FLYING
6.0225,-6.1225e-16,0,5.4847,-3.3626e-17,0,0.0083194,0.0083194,0,4.9542e-17,0,98.863,1176.3,FLYING
6.025,-6.1233e-16,0,5.4848,-3.3605e-17,0,0.0083092,0.0083092,0,4.7921e-17,0,98.862,1176.3,FLYING
6.0275,-6.1242e-16,0,5.4848,-3.3584e-17,0,0.0082991,0.0082991,0,4.6639e-17,0,98.862,1176.3,FLYING
6.03,-6.125e-16,0,5.4848,-3.3564e-17,0,0.0082889,0.0082889,0,4.5528e-17,0,98.861,1176.3,FLYING
6.0325,-6.1258e-16,0,5.4848,-3.3545e-17,0,0.0082788,0.0082788,0,4.4756e-17,0,98.861,1176.3,FLYING
6.035,-6.1267e-16,0,5.4848,-3.3525e-17,0,0.0082687,0.0082687,0,4.4153e-17,0,98.86,1176.3,FLYING
6.0375,-6.1275e-16,0,5.4849,-3.3507e-17,0,0.0082586,0.0082586,0,4.389e-17,0,98.86,1176.3,FLYING
6.04,-6.1284e-16,0,5.4849,-3.3488e-17,0,0.0082485,0.0082485,0,4.3967e-17,0,98.86,1176.3,FLYING
6.0425,-6.1292e-16,0,5.4849,-3.3469e-17,0,0.0082384,0.0082384,0,4.4383e-17,0,98.859,1176.3,FLYING
6.045,-6.13e-16,0,5.4849,-3.345e-17,0,0.0082284,0.0082284,0,4.5137e-17,0,98.859,1176.3,FLYING
6.0475,-6.1309e-16,0,5.4849,-3.3431e-17,0,0.0082183,0.0082183,0,4.6062e-17,0,98.858,1176.3,FLYING
6.05,-6.1317e-16,0,5.485,-3.3411e-17,0,0.0082083,0.0082083,0,4.7495e-17,0,98.858,1176.3,FLYING
6.0525,-6.1325e-16,0,5.485,-3.3391e-17,0,0.0081983,0.0081983,0,4.9266e-17,0,98.857,1176.3,FLYING
6.055,-6.1334e-16,0,5.485,-3.337e-17,0,0.0081883,0.0081883,0,5.1207e-17,0,98.857,1176.3,FLYING
6.0575,-6.1342e-16,0,5.485,-3.3348e-17,0,0.0081783,0.0081783,0,5.3487e-17,0,98.856,1176.3,FLYING
6.06,-6.135e-16,0,5.485,-3.3325e-17,0,0.0081683,0.0081683,0,5.6275e-17,0,98.856,1176.3,FLYING
6.0625,-6.1359e-16,0,5.4851,-3.3301e-17,0,0.0081584,0.0081584,0,5.9402e-17,0,98.855,1176.3,FLYING
6.065,-6.1367e-16,0,5.4851,-3.3275e-17,0,0.0081484,0.0081484,0,6.2698e-17,0,98.855,1176.3,FLYING
6.0675,-6.1375e-16,0,5.4851,-3.3248e-17,0,0.0081385,0.0081385,0,6.5823e-17,0,98.854,1176.3,FLYING
6.07,-6.1384e-16,0,5.4851,-3.322e-17,0,0.0081285,0.0081285,0,6.8947e-17,0,98.854,1176.3,FLYING
6.0725,-6.1392e-16,0,5.4851,-3.3191e-17,0,0.0081186,0.0081186,0,7.1901e-17,0,98.854,1176.3,FLYING
6.075,-6.14e-16,0,5.4852,-3.316e-17,0,0.0081087,0.0081087,0,7.4854e-17,0,98.853,1176.3,FLYING
6.0775,-6.1408e-16,0,5.4852,-3.3128e-17,0,0.0080989,0.0080989,0,7.7806e-17,0,98.853,1176.3,FLYING
6.08,-6.1417e-16,0,5.4852,-3.3095e-17,0,0.008089,0.008089,0,8.0758e-17,0,98.852,1176.3,FLYING
6.0825,-6.1425e-16,0,5.4852,-3.306e-17,0,0.0080791,0.0080791,0,8.3539e-17,0,98.852,1176.3,FLYING
6.085,-6.1433e-16,0,5.4852,-3.3024e-17,0,0.0080693,0.0080693,0,8.632e-17,0,98.851,1176.3,FLYING
6.0875,-6.1441e-16,0,5.4853,-3.2988e-17,0,0.0080594,0.0080594,0,8.9269e-17,0,98.851,1176.3,FLYING
6.09,-6.145e-16,0,5.4853,-3.2949e-17,0,0.0080496,0.0080496,0,9.2218e-17,0,98.85,1176.3,FLYING
6.0925,-6.1458e-16,0,5.4853,-3.291e-17,0,0.0080398,0.0080398,0,9.4997e-17,0,98.85,1176.3,FLYING
6.095,-6.1466e-16,0,5.4853,-3.2869e-17,0,0.00803,0.00803,0,9.7605e-17,0,98.849,1176.3,FLYING
6.0975,-6.1474e-16,0,5.4853,-3.2828e-17,0,0.0080202,0.0080202,0,1.0021e-16,0,98.849,1176.3,FLYING
6.1,-6.1483e-16,0,5.4854,-3.2785e-17,0,0.0080105,0.0080105,0,1.0282e-16,0,98.849,1176.3,FLYING
6.1025,-6.1491e-16,0,5.4854,-3.2741e-17,0,0.0080007,0.0080007,0,1.0543e-16,0,98.848,1176.3,FLYING
6.105,-6.1499e-16,0,5.4854,-3.2696e-17,0,0.007991,0.007991,0,1.0786e-16,0,98.848,1176.3,FLYING
6.1075,-6.1507e-16,0,5.4854,-3.2649e-17,0,0.0079813,0.0079813,0,1.103e-16,0,98.847,1176.3,FLYING
6.11,-6.1515e-16,0,5.4854,-3.2602e-17,0,0.0079715,0.0079715,0,1.1273e-16,0,98.847,1176.3,FLYING
6.1125,-6.1523e-16,0,5.4855,-3.2554e-17,0,0.0079618,0.0079618,0,1.1516e-16,0,98.846,1176.3,FLYING
6.115,-6.1531e-16,0,5.4855,-3.2505e-17,0,0.0079522,0.0079522,0,1.176e-16,0,98.846,1176.3,FLYING
6.1175,-6.154e-16,0,5.4855,-3.2454e-17,0,0.0079425,0.0079425,0,1.1986e-16,0,98.845,1176.3,FLYING
6.12,-6.1548e-16,0,5.4855,-3.2403e-17,0,0.0079328,0.0079328,0,1.2212e-16,0,98.845,1176.3,FLYING
6.1225,-6.1556e-16,0,5.4855,-3.2351e-17,0,0.0079232,0.0079232,0,1.2422e-16,0,98.844,1176.3,FLYING
6.125,-6.1564e-16,0,5.4856,-3.2298e-17,0,0.0079135,0.0079135,0,1.2597e-16,0,98.844,1176.3,FLYING
6.1275,-6.1572e-16,0,5.4856,-3.2244e-17,0,0.0079039,0.0079039,0,1.2755e-16,0,98.844,1176.3,FLYING
6.13,-6.158e-16,0,5.4856,-3.2189e-17,0,0.0078943,0.0078943,0,1.2879e-16,0,98.843,1176.3,FLYING
6.1325,-6.1588e-16,0,5.4856,-3.2134e-17,0,0.0078847,0.0078847,0,1.2987e-16,0,98.843,1176.3,FLYING
6.135,-6.1596e-16,0,5.4856,-3.2079e-17,0,0.0078751,0.0078751,0,1.3077e-16,0,98.842,1176.3,FLYING
6.1375,-6.1604e-16,0,5.4857,-3.2023e-17,0,0.0078655,0.0078655,0,1.3133e-16,0,98.842,1176.3,FLYING
6.14,-6.1612e-16,0,5.4857,-3.1967e-17,0,0.007856,0.007856,0,1.3156e-16,0,98.841,1176.3,FLYING
6.1425,-6.162e-16,0,5.4857,-3.191e-17,0,0.0078464,0.0078464,0,1.3144e-16,0,98.841,1176.3,FLYING
6.145,-6.1628e-16,0,5.4857,-3.1854e-17,0,0.0078369,0.0078369,0,1.3099e-16,0,98.84,1176.3,FLYING
6.1475,-6.1636e-16,0,5.4857,-3.1798e-17,0,0.0078274,0.0078274,0,1.302e-16,0,98.84,1176.3,FLYING
6.15,-6.1644e-16,0,5.4858,-3.1742e-17,0,0.0078179,0.0078179,0,1.294e-16,0,98.839,1176.3,FLYING
6.1525,-6.1652e-16,0,5.4858,-3.1687e-17,0,0.0078084,0.0078084,0,1.2878e-16,0,98.839,1176.3,FLYING
6.155,-6.166e-16,0,5.4858,-3.1632e-17,0,0.0077989,0.0077989,0,1.2799e-16,0,98.839,1176.3,FLYING
6.1575,-6.1668e-16,0,5.4858,-3.1577e-17,0,0.0077894,0.0077894,0,1.2702e-16,0,98.838,1176.3,FLYING
6.16,-6.1675e-16,0,5.4858,-3.1523e-17,0,0.0077799,0.0077799,0,1.264e-16,0,98.838,1176.3,FLYING
6.1625,-6.1683e-16,0,5.4859,-3.1469e-17,0,0.0077705,0.0077705,0,1.2578e-16,0,98.837,1176.3,FLYING
6.165,-6.1691e-16,0,5.4859,-3.1415e-17,0,0.0077611,0.0077611,0,1.2499e-16,0,98.837,1176.3,FLYING
6.1675,-6.1699e-16,0,5.4859,-3.1362e-17,0,0.0077516,0.0077516,0,1.2419e-16,0,98.836,1176.3,FLYING
6.17,-6.1707e-16,0,5.4859,-3.1308e-17,0,0.0077422,0.0077422,0,1.2323e-16,0,98.836,1176.3,FLYING
6.1725,-6.1715e-16,0,5.4859,-3.1256e-17,0,0.0077328,0.0077328,0,1.2227e-16,0,98.835,1176.3,FLYING
6.175,-6.1722e-16,0,5.486,-3.1203e-17,0,0.0077234,0.0077234,0,1.2114e-16,0,98.835,1176.3,FLYING
6.1775,-6.173e-16,0,5.486,-3.1152e-17,0,0.0077141,0.0077141,0,1.2001e-16,0,98.834,1176.3,FLYING
6.18,-6.1738e-16,0,5.486,-3.11e-17,0,0.0077047,0.0077047,0,1.1888e-16,0,98.834,1176.3,FLYING
6.1825,-6.1746e-16,0,5.486,-3.1049e-17,0,0.0076954,0.0076954,0,1.1775e-16,0,98.834,1176.3,FLYING
6.185,-6.1754e-16,0,5.486,-3.0999e-17,0,0.007686,0.007686,0,1.1662e-16,0,98.833,1176.3,FLYING
6.1875,-6.1761e-16,0,5.486,-3.0949e-17,0,0.0076767,0.0076767,0,1.1532e-16,0,98.833,1176.4,FLYING
6.19,-6.1769e-16,0,5.4861,-3.09e-17,0,0.0076674,0.0076674,0,1.1436e-16,0,98.832,1176.4,FLYING
6.1925,-6.1777e-16,0,5.4861,-3.0851e-17,0,0.0076581,0.0076581,0,1.1374e-16,0,98.832,1176.4,FLYING
6.195,-6.1784e-16,0,5.4861,-3.0802e-17,0,0.0076488,0.0076488,0,1.1346e-16,0,98.831,1176.4,FLYING
6.1975,-6.1792e-16,0,5.4861,-3.0754e-17,0,0.0076395,0.0076395,0,1.1335e-16,0,98.831,1176.4,FLYING
6.2,-6.18e-16,0,5.4861,-3.0705e-17,0,0.0076303,0.0076303,0,1.1358e-16,0,98.83,1176.4,FLYING
6.2025,-6.1807e-16,0,5.4862,-3.0657e-17,0,0.007621,0.007621,0,1.1415e-16,0,98.83,1176.4,FLYING
6.205,-6.1815e-16,0,5.4862,-3.0608e-17,0,0.0076118,0.0076118,0,1.1489e-16,0,98.829,1176.4,FLYING
6.2075,-6.1823e-16,0,5.4862,-3.0559e-17,0,0.0076026,0.0076026,0,1.1579e-16,0,98.829,1176.4,FLYING
6.21,-6.183e-16,0,5.4862,-3.0509e-17,0,0.0075933,0.0075933,0,1.1704e-16,0,98.829,1176.4,FLYING
6.2125,-6.1838e-16,0,5.4862,-3.0459e-17,0,0.0075841,0.0075841,0,1.1829e-16,0,98.828,1176.4,FLYING
6.215,-6.1846e-16,0,5.4863,-3.0408e-17,0,0.007575,0.007575,0,1.1953e-16,0,98.828,1176.4,FLYING
6.2175,-6.1853e-16,0,5.4863,-3.0357e-17,0,0.0075658,0.0075658,0,1.2061e-16,0,98.827,1176.4,FLYING
6.22,-6.1861e-16,0,5.4863,-3.0306e-17,0,0.0075566,0.0075566,0,1.2168e-16,0,98.827,1176.4,FLYING
6.2225,-6.1868e-16,0,5.4863,-3.0254e-17,0,0.0075475,0.0075475,0,1.2259e-16,0,98.826,1176.4,FLYING
6.225,-6.1876e-16,0,5.4863,-3.0201e-17,0,0.0075383,0.0075383,0,1.2332e-16,0,98.826,1176.4,FLYING
6.2275,-6.1883e-16,0,5.4864,-3.0148e-17,0,0.0075292,0.0075292,0,1.2406e-16,0,98.825,1176.4,FLYING
6.23,-6.1891e-16,0,5.4864,-3.0095e-17,0,0.0075201,0.0075201,0,1.2462e-16,0,98.825,1176.4,FLYING
6.2325,-6.1898e-16,0,5.4864,-3.0042e-17,0,0.007511,0.007511,0,1.2502e-16,0,98.824,1176.4,FLYING
6.235,-6.1906e-16,0,5.4864,-2.9989e-17,0,0.0075019,0.0075019,0,1.2524e-16,0,98.824,1176.4,FLYING
6.2375,-6.1913e-16,0,5.4864,-2.9935e-17,0,0.0074928,0.0074928,0,1.2547e-16,0,98.823,1176.4,FLYING
6.24,-6.1921e-16,0,5.4864,-2.9881e-17,0,0.0074837,0.0074837,0,1.2569e-16,0,98.823,1176.4,FLYING
6.2425,-6.1928e-16,0,5.4865,-2.9828e-17,0,0.0074747,0.0074747,0,1.2592e-16,0,98.823,1176.4,FLYING
6.245,-6.1936e-16,0,5.4865,-2.9774e-17,0,0.0074656,0.0074656,0,1.2615e-16,0,98.822,1176.4,FLYING
6.2475,-6.1943e-16,0,5.4865,-2.972e-17,0,0.0074566,0.0074566,0,1.2637e-16,0,98.822,1176.4,FLYING
6.25,-6.1951e-16,0,5.4865,-2.9666e-17,0,0.0074476,0.0074476,0,1.2711e-16,0,98.821,1176.4,FLYING
6.2525,-6.1958e-16,0,5.4865,-2.9611e-17,0,0.0074386,0.0074386,0,1.2801e-16,0,98.821,1176.4,FLYING
6.255,-6.1965e-16,0,5.4866,-2.9557e-17,0,0.0074296,0.0074296,0,1.2908e-16,0,98.82,1176.4,FLYING
6.2575,-6.1973e-16,0,5.4866,-2.9501e-17,0,0.0074206,0.0074206,0,1.3016e-16,0,98.82,1176.4,FLYING
6.26,-6.198e-16,0,5.4866,-2.9446e-17,0,0.0074116,0.0074116,0,1.3106e-16,0,98.819,1176.4,FLYING
6.2625,-6.1988e-16,0,5.4866,-2.939e-17,0,0.0074026,0.0074026,0,1.3213e-16,0,98.819,1176.4,FLYING
6.265,-6.1995e-16,0,5.4866,-2.9333e-17,0,0.0073937,0.0073937,0,1.332e-16,0,98.818,1176.4,FLYING
6.2675,-6.2002e-16,0,5.4866,-2.9276e-17,0,0.0073848,0.0073848,0,1.3427e-16,0,98.818,1176.4,FLYING
6.27,-6.2009e-16,0,5.4867,-2.9219e-17,0,0.0073758,0.0073758,0,1.3535e-16,0,98.818,1176.4,FLYING
6.2725,-6.2017e-16,0,5.4867,-2.9161e-17,0,0.0073669,0.0073669,0,1.3659e-16,0,98.817,1176.4,FLYING
6.275,-6.2024e-16,0,5.4867,-2.9102e-17,0,0.007358,0.007358,0,1.3766e-16,0,98.817,1176.4,FLYING
6.2775,-6.2031e-16,0,5.4867,-2.9043e-17,0,0.0073491,0.0073491,0,1.3856e-16,0,98.816,1176.4,FLYING
6.28,-6.2039e-16,0,5.4867,-2.8984e-17,0,0.0073402,0.0073402,0,1.3946e-16,0,98.816,1176.4,FLYING
6.2825,-6.2046e-16,0,5.4868,-2.8925e-17,0,0.0073314,0.0073314,0,1.4053e-16,0,98.815,1176.4,FLYING
6.285,-6.2053e-16,0,5.4868,-2.8864e-17,0,0.0073225,0.0073225,0,1.416e-16,0,98.815,1176.4,FLYING
6.2875,-6.206e-16,0,5.4868,-2.8804e-17,0,0.0073137,0.0073137,0,1.4267e-16,0,98.814,1176.4,FLYING
6.29,-6.2067e-16,0,5.4868,-2.8743e-17,0,0.0073048,0.0073048,0,1.4357e-16,0,98.814,1176.4,FLYING
6.2925,-6.2075e-16,0,5.4868,-2.8681e-17,0,0.007296,0.007296,0,1.4447e-16,0,98.813,1176.4,FLYING
6.295,-6.2082e-16,0,5.4869,-2.862e-17,0,0.0072872,0.0072872,0,1.4537e-16,0,98.813,1176.4,FLYING
6.2975,-6.2089e-16,0,5.4869,-2.8557e-17,0,0.0072784,0.0072784,0,1.4627e-16,0,98.813,1176.4,FLYING
6.3,-6.2096e-16,0,5.4869,-2.8495e-17,0,0.0072696,0.0072696,0,1.47e-16,0,98.812,1176.4,FLYING
6.3025,-6.2103e-16,0,5.4869,-2.8432e-17,0,0.0072608,0.0072608,0,1.479e-16,0,98.812,1176.4,FLYING
6.305,-6.211e-16,0,5.4869,-2.8369e-17,0,0.0072521,0.0072521,0,1.4896e-16,0,98.811,1176.4,FLYING
6.3075,-6.2117e-16,0,5.4869,-2.8305e-17,0,0.0072433,0.0072433,0,1.5037e-16,0,98.811,1176.4,FLYING
6.31,-6.2124e-16,0,5.487,-2.8241e-17,0,0.0072346,0.0072346,0,1.5195e-16,0,98.81,1176.4,FLYING
6.3125,-6.2131e-16,0,5.487,-2.8176e-17,0,0.0072259,0.0072259,0,1.5386e-16,0,98.81,1176.4,FLYING
6.315,-6.2138e-16,0,5.487,-2.811e-17,0,0.0072171,0.0072171,0,1.5595e-16,0,98.809,1176.4,FLYING
6.3175,-6.2145e-16,0,5.487,-2.8043e-17,0,0.0072084,0.0072084,0,1.5837e-16,0,98.809,1176.4,FLYING
6.32,-6.2152e-16,0,5.487,-2.7975e-17,0,0.0071997,0.0071997,0,1.6096e-16,0,98.808,1176.4,FLYING
6.3225,-6.2159e-16,0,5.4871,-2.7907e-17,0,0.007191,0.007191,0,1.6389e-16,0,98.808,1176.4,FLYING
6.325,-6.2166e-16,0,5.4871,-2.7836e-17,0,0.0071824,0.0071824,0,1.6716e-16,0,98.808,1176.4,FLYING
6.3275,-6.2173e-16,0,5.4871,-2.7765e-17,0,0.0071737,0.0071737,0,1.7077e-16,0,98.807,1176.4,FLYING
6.33,-6.218e-16,0,5.4871,-2.7692e-17,0,0.0071651,0.0071651,0,1.7455e-16,0,98.807,1176.4,FLYING
6.3325,-6.2187e-16,0,5.4871,-2.7617e-17,0,0.0071564,0.0071564,0,1.7849e-16,0,98.806,1176.4,FLYING
6.335,-6.2194e-16,0,5.4871,-2.7541e-17,0,0.0071478,0.0071478,0,1.8227e-16,0,98.806,1176.4,FLYING
6.3375,-6.2201e-16,0,5.4872,-2.7463e-17,0,0.0071392,0.0071392,0,1.8621e-16,0,98.805,1176.4,FLYING
6.34,-6.2208e-16,0,5.4872,-2.7383e-17,0,0.0071306,0.0071306,0,1.9032e-16,0,98.805,1176.4,FLYING
6.3425,-6.2214e-16,0,5.4872,-2.7302e-17,0,0.007122,0.007122,0,1.9443e-16,0,98.804,1176.4,FLYING
6.345,-6.2221e-16,0,5.4872,-2.7219e-17,0,0.0071134,0.0071134,0,1.9854e-16,0,98.804,1176.4,FLYING
6.3475,-6.2228e-16,0,5.4872,-2.7134e-17,0,0.0071048,0.0071048,0,2.0248e-16,0,98.803,1176.4,FLYING
6.35,-6.2235e-16,0,5.4872,-2.7047e-17,0,0.0070962,0.0070962,0,2.0608e-16,0,98.803,1176.4,FLYING
6.3525,-6.2242e-16,0,5.4873,-2.6959e-17,0,0.0070877,0.0070877,0,2.0917e-16,0,98.803,1176.4,FLYING
6.355,-6.2248e-16,0,5.4873,-2.6869e-17,0,0.0070792,0.0070792,0,2.1192e-16,0,98.802,1176.4,FLYING
6.3575,-6.2255e-16,0,5.4873,-2.6779e-17,0,0.0070706,0.0070706,0,2.1433e-16,0,98.802,1176.4,FLYING
6.36,-6.2262e-16,0,5.4873,-2.6687e-17,0,0.0070621,0.0070621,0,2.1623e-16,0,98.801,1176.4,FLYING
6.3625,-6.2268e-16,0,5.4873,-2.6595e-17,0,0.0070536,0.0070536,0,2.1796e-16,0,98.801,1176.4,FLYING
6.365,-6.2275e-16,0,5.4874,-2.6501e-17,0,0.0070451,0.0070451,0,2.1969e-16,0,98.8,1176.4,FLYING
6.3675,-6.2282e-16,0,5.4874,-2.6407e-17,0,0.0070366,0.0070366,0,2.2108e-16,0,98.8,1176.4,FLYING
6.37,-6.2288e-16,0,5.4874,-2.6313e-17,0,0.0070282,0.0070282,0,2.223e-16,0,98.799,1176.4,FLYING
6.3725,-6.2295e-16,0,5.4874,-2.6218e-17,0,0.0070197,0.0070197,0,2.2335e-16,0,98.799,1176.4,FLYING
6.375,-6.2301e-16,0,5.4874,-2.6122e-17,0,0.0070112,0.0070112,0,2.2389e-16,0,98.798,1176.4,FLYING
6.3775,-6.2308e-16,0,5.4874,-2.6026e-17,0,0.0070028,0.0070028,0,2.2409e-16,0,98.798,1176.4,FLYING
6.38,-6.2314e-16,0,5.4875,-2.5931e-17,0,0.0069944,0.0069944,0,2.2395e-16,0,98.797,1176.4,FLYING
6.3825,-6.2321e-16,0,5.4875,-2.5835e-17,0,0.0069859,0.0069859,0,2.2347e-16,0,98.797,1176.4,FLYING
6.385,-6.2327e-16,0,5.4875,-2.5739e-17,0,0.0069775,0.0069775,0,2.2249e-16,0,98.797,1176.4,FLYING
6.3875,-6.2334e-16,0,5.4875,-2.5644e-17,0,0.0069691,0.0069691,0,2.2133e-16,0,98.796,1176.4,FLYING
6.39,-6.234e-16,0,5.4875,-2.5549e-17,0,0.0069608,0.0069608,0,2.1984e-16,0,98.796,1176.4,FLYING
6.3925,-6.2346e-16,0,5.4875,-2.5455e-17,0,0.0069524,0.0069524,0,2.1834e-16,0,98.795,1176.4,FLYING
6.395,-6.2353e-16,0,5.4876,-2.5362e-17,0,0.006944,0.006944,0,2.1702e-16,0,98.795,1176.4,FLYING
6.3975,-6.2359e-16,0,5.4876,-2.5269e-17,0,0.0069357,0.0069357,0,2.1553e-16,0,98.794,1176.4,FLYING
6.4,-6.2365e-16,0,5.4876,-2.5177e-17,0,0.0069273,0.0069273,0,2.1403e-16,0,98.794,1176.4,FLYING
6.4025,-6.2371e-16,0,5.4876,-2.5085e-17,0,0.006919,0.006919,0,2.1254e-16,0,98.793,1176.4,FLYING
6.405,-6.2378e-16,0,5.4876,-2.4994e-17,0,0.0069107,0.0069107,0,2.1105e-16,0,98.793,1176.4,FLYING
6.4075,-6.2384e-16,0,5.4876,-2.4904e-17,0,0.0069024,0.0069024,0,2.0956e-16,0,98.792,1176.4,FLYING
6.41,-6.239e-16,0,5.4877,-2.4815e-17,0,0.0068941,0.0068941,0,2.0789e-16,0,98.792,1176.4,FLYING
6.4125,-6.2396e-16,0,5.4877,-2.4726e-17,0,0.0068858,0.0068858,0,2.0606e-16,0,98.792,1176.4,FLYING
6.415,-6.2402e-16,0,5.4877,-2.4637e-17,0,0.0068775,0.0068775,0,2.0457e-16,0,98.791,1176.4,FLYING
6.4175,-6.2409e-16,0,5.4877,-2.455e-17,0,0.0068692,0.0068692,0,2.0325e-16,0,98.791,1176.4,FLYING
6.42,-6.2415e-16,0,5.4877,-2.4463e-17,0,0.006861,0.006861,0,2.021e-16,0,98.79,1176.4,FLYING
6.4225,-6.2421e-16,0,5.4878,-2.4377e-17,0,0.0068527,0.0068527,0,2.0129e-16,0,98.79,1176.4,FLYING
6.425,-6.2427e-16,0,5.4878,-2.429e-17,0,0.0068445,0.0068445,0,2.0082e-16,0,98.789,1176.4,FLYING
6.4275,-6.2433e-16,0,5.4878,-2.4205e-17,0,0.0068363,0.0068363,0,2.0052e-16,0,98.789,1176.4,FLYING
6.43,-6.2439e-16,0,5.4878,-2.4119e-17,0,0.006828,0.006828,0,2.0038e-16,0,98.788,1176.4,FLYING
6.4325,-6.2445e-16,0,5.4878,-2.4033e-17,0,0.0068198,0.0068198,0,2.0059e-16,0,98.788,1176.4,FLYING
6.435,-6.2451e-16,0,5.4878,-2.3947e-17,0,0.0068116,0.0068116,0,2.0131e-16,0,98.787,1176.4,FLYING
6.4375,-6.2457e-16,0,5.4879,-2.3861e-17,0,0.0068035,0.0068035,0,2.0236e-16,0,98.787,1176.4,FLYING
6.44,-6.2463e-16,0,5.4879,-2.3775e-17,0,0.0067953,0.0067953,0,2.0359e-16,0,98.787,1176.4,FLYING
6.4425,-6.2469e-16,0,5.4879,-2.3687e-17,0,0.0067871,0.0067871,0,2.0498e-16,0,98.786,1176.4,FLYING
6.445,-6.2475e-16,0,5.4879,-2.36e-17,0,0.006779,0.006779,0,2.0671e-16,0,98.786,1176.4,FLYING
6.4475,-6.2481e-16,0,5.4879,-2.3511e-17,0,0.0067708,0.0067708,0,2.0878e-16,0,98.785,1176.4,FLYING
6.45,-6.2486e-16,0,5.4879,-2.3422e-17,0,0.0067627,0.0067627,0,2.1085e-16,0,98.785,1176.4,FLYING
6.4525,-6.2492e-16,0,5.488,-2.3332e-17,0,0.0067546,0.0067546,0,2.1292e-16,0,98.784,1176.4,FLYING
6.455,-6.2498e-16,0,5.488,-2.3241e-17,0,0.0067465,0.0067465,0,2.1482e-16,0,98.784,1176.4,FLYING
6.4575,-6.2504e-16,0,5.488,-2.3149e-17,0,0.0067384,0.0067384,0,2.1689e-16,0,98.783,1176.4,FLYING
6.46,-6.251e-16,0,5.488,-2.3056e-17,0,0.0067303,0.0067303,0,2.1879e-16,0,98.783,1176.4,FLYING
6.4625,-6.2515e-16,0,5.488,-2.2963e-17,0,0.0067222,0.0067222,0,2.2069e-16,0,98.782,1176.4,FLYING
6.465,-6.2521e-16,0,5.488,-2.2868e-17,0,0.0067141,0.0067141,0,2.2225e-16,0,98.782,1176.4,FLYING
6.4675,-6.2527e-16,0,5.4881,-2.2773e-17,0,0.0067061,0.0067061,0,2.2364e-16,0,98.782,1176.4,FLYING
6.47,-6.2532e-16,0,5.4881,-2.2677e-17,0,0.006698,0.006698,0,2.2486e-16,0,98.781,1176.4,FLYING
6.4725,-6.2538e-16,0,5.4881,-2.2581e-17,0,0.00669,0.00669,0,2.2574e-16,0,98.781,1176.4,FLYING
6.475,-6.2544e-16,0,5.4881,-2.2485e-17,0,0.006682,0.006682,0,2.2628e-16,0,98.78,1176.4,FLYING
6.4775,-6.2549e-16,0,5.4881,-2.2388e-17,0,0.0066739,0.0066739,0,2.2648e-16,0,98.78,1176.4,FLYING
6.48,-6.2555e-16,0,5.4881,-2.2291e-17,0,0.0066659,0.0066659,0,2.2634e-16,0,98.779,1176.4,FLYING
6.4825,-6.256e-16,0,5.4882,-2.2194e-17,0,0.0066579,0.0066579,0,2.2586e-16,0,98.779,1176.4,FLYING
6.485,-6.2566e-16,0,5.4882,-2.2098e-17,0,0.0066499,0.0066499,0,2.2504e-16,0,98.778,1176.4,FLYING
6.4875,-6.2571e-16,0,5.4882,-2.2001e-17,0,0.006642,0.006642,0,2.2389e-16,0,98.778,1176.4,FLYING
6.49,-6.2577e-16,0,5.4882,-2.1905e-17,0,0.006634,0.006634,0,2.2239e-16,0,98.777,1176.4,FLYING
6.4925,-6.2582e-16,0,5.4882,-2.181e-17,0,0.006626,0.006626,0,2.2039e-16,0,98.777,1176.4,FLYING
6.495,-6.2588e-16,0,5.4882,-2.1716e-17,0,0.0066181,0.0066181,0,2.1805e-16,0,98.777,1176.4,FLYING
6.4975,-6.2593e-16,0,5.4883,-2.1623e-17,0,0.0066102,0.0066102,0,2.1519e-16,0,98.776,1176.4,FLYING
6.5,-6.2599e-16,0,5.4883,-2.1531e-17,0,0.0066022,0.0066022,0,2.1217e-16,0,98.776,1176.4,FLYING
6.5025,-6.2604e-16,0,5.4883,-2.144e-17,0,0.0065943,0.0065943,0,2.0916e-16,0,98.775,1176.4,FLYING
6.505,-6.2609e-16,0,5.4883,-2.1351e-17,0,0.0065864,0.0065864,0,2.0597e-16,0,98.775,1176.4,FLYING
6.5075,-6.2615e-16,0,5.4883,-2.1262e-17,0,0.0065785,0.0065785,0,2.0261e-16,0,98.774,1176.4,FLYING
6.51,-6.262e-16,0,5.4883,-2.1176e-17,0,0.0065706,0.0065706,0,1.9926e-16,0,98.774,1176.4,FLYING
6.5125,-6.2625e-16,0,5.4884,-2.1091e-17,0,0.0065628,0.0065628,0,1.959e-16,0,98.773,1176.4,FLYING
6.515,-6.263e-16,0,5.4884,-2.1007e-17,0,0.0065549,0.0065549,0,1.9238e-16,0,98.773,1176.4,FLYING
6.5175,-6.2636e-16,0,5.4884,-2.0924e-17,0,0.006547,0.006547,0,1.8868e-16,0,98.772,1176.4,FLYING
6.52,-6.2641e-16,0,5.4884,-2.0844e-17,0,0.0065392,0.0065392,0,1.8482e-16,0,98.772,1176.4,FLYING
6.5225,-6.2646e-16,0,5.4884,-2.0765e-17,0,0.0065314,0.0065314,0,1.8096e-16,0,98.772,1176.4,FLYING
6.525,-6.2651e-16,0,5.4884,-2.0687e-17,0,0.0065235,0.0065235,0,1.7693e-16,0,98.771,1176.4,FLYING
6.5275,-6.2656e-16,0,5.4885,-2.0612e-17,0,0.0065157,0.0065157,0,1.7291e-16,0,98.771,1176.4,FLYING
6.53,-6.2662e-16,0,5.4885,-2.0538e-17,0,0.0065079,0.0065079,0,1.6888e-16,0,98.77,1176.4,FLYING
6.5325,-6.2667e-16,0,5.4885,-2.0465e-17,0,0.0065001,0.0065001,0,1.6502e-16,0,98.77,1176.4,FLYING
6.535,-6.2672e-16,0,5.4885,-2.0395e-17,0,0.0064923,0.0064923,0,1.6117e-16,0,98.769,1176.4,FLYING
6.5375,-6.2677e-16,0,5.4885,-2.0326e-17,0,0.0064846,0.0064846,0,1.5748e-16,0,98.769,1176.4,FLYING
6.54,-6.2682e-16,0,5.4885,-2.0258e-17,0,0.0064768,0.0064768,0,1.538e-16,0,98.768,1176.4,FLYING
6.5425,-6.2687e-16,0,5.4886,-2.0193e-17,0,0.006469,0.006469,0,1.5012e-16,0,98.768,1176.4,FLYING
6.545,-6.2692e-16,0,5.4886,-2.0128e-17,0,0.0064613,0.0064613,0,1.4626e-16,0,98.767,1176.4,FLYING
6.5475,-6.2697e-16,0,5.4886,-2.0066e-17,0,0.0064535,0.0064535,0,1.4241e-16,0,98.767,1176.4,FLYING
6.55,-6.2702e-16,0,5.4886,-2.0005e-17,0,0.0064458,0.0064458,0,1.3856e-16,0,98.766,1176.4,FLYING
6.5525,-6.2707e-16,0,5.4886,-1.9946e-17,0,0.0064381,0.0064381,0,1.3472e-16,0,98.766,1176.4,FLYING
6.555,-6.2712e-16,0,5.4886,-1.9888e-17,0,0.0064304,0.0064304,0,1.307e-16,0,98.766,1176.4,FLYING
6.5575,-6.2717e-16,0,5.4886,-1.9832e-17,0,0.0064227,0.0064227,0,1.2668e-16,0,98.765,1176.4,FLYING
6.56,-6.2722e-16,0,5.4887,-1.9778e-17,0,0.006415,0.006415,0,1.2284e-16,0,98.765,1176.4,FLYING
6.5625,-6.2727e-16,0,5.4887,-1.9725e-17,0,0.0064073,0.0064073,0,1.1882e-16,0,98.764,1176.4,FLYING
6.565,-6.2732e-16,0,5.4887,-1.9675e-17,0,0.0063997,0.0063997,0,1.1481e-16,0,98.764,1176.4,FLYING
6.5675,-6.2737e-16,0,5.4887,-1.9625e-17,0,0.006392,0.006392,0,1.1113e-16,0,98.763,1176.4,FLYING
6.57,-6.2742e-16,0,5.4887,-1.9578e-17,0,0.0063844,0.0063844,0,1.0763e-16,0,98.763,1176.4,FLYING
6.5725,-6.2746e-16,0,5.4887,-1.9532e-17,0,0.0063767,0.0063767,0,1.043e-16,0,98.762,1176.4,FLYING
6.575,-6.2751e-16,0,5.4888,-1.9487e-17,0,0.0063691,0.0063691,0,1.0114e-16,0,98.762,1176.4,FLYING
6.5775,-6.2756e-16,0,5.4888,-1.9444e-17,0,0.0063615,0.0063615,0,9.8317e-17,0,98.761,1176.4,FLYING
6.58,-6.2761e-16,0,5.4888,-1.9402e-17,0,0.0063539,0.0063539,0,9.5835e-17,0,98.761,1176.4,FLYING
6.5825,-6.2766e-16,0,5.4888,-1.9361e-17,0,0.0063462,0.0063462,0,9.3693e-17,0,98.761,1176.4,FLYING
6.585,-6.2771e-16,0,5.4888,-1.9321e-17,0,0.0063387,0.0063387,0,9.1722e-17,0,98.76,1176.4,FLYING
6.5875,-6.2775e-16,0,5.4888,-1.9282e-17,0,0.0063311,0.0063311,0,8.992e-17,0,98.76,1176.4,FLYING
6.59,-6.278e-16,0,5.4889,-1.9243e-17,0,0.0063235,0.0063235,0,8.8459e-17,0,98.759,1176.4,FLYING
6.5925,-6.2785e-16,0,5.4889,-1.9205e-17,0,0.0063159,0.0063159,0,8.6997e-17,0,98.759,1176.4,FLYING
6.595,-6.279e-16,0,5.4889,-1.9168e-17,0,0.0063084,0.0063084,0,8.5536e-17,0,98.758,1176.4,FLYING
6.5975,-6.2795e-16,0,5.4889,-1.9131e-17,0,0.0063008,0.0063008,0,8.4245e-17,0,98.758,1176.4,FLYING
6.6,-6.2799e-16,0,5.4889,-1.9095e-17,0,0.0062933,0.0062933,0,8.2955e-17,0,98.757,1176.4,FLYING
6.6025,-6.2804e-16,0,5.4889,-1.906e-17,0,0.0062858,0.0062858,0,8.1495e-17,0,98.757,1176.4,FLYING
6.605,-6.2809e-16,0,5.4889,-1.9025e-17,0,0.0062783,0.0062783,0,8.0035e-17,0,98.756,1176.4,FLYING
6.6075,-6.2814e-16,0,5.489,-1.8991e-17,0,0.0062708,0.0062708,0,7.8745e-17,0,98.756,1176.4,FLYING
6.61,-6.2818e-16,0,5.489,-1.8957e-17,0,0.0062633,0.0062633,0,7.7286e-17,0,98.756,1176.4,FLYING
6.6125,-6.2823e-16,0,5.489,-1.8924e-17,0,0.0062558,0.0062558,0,7.5658e-17,0,98.755,1176.4,FLYING
6.615,-6.2828e-16,0,5.489,-1.8892e-17,0,0.0062483,0.0062483,0,7.3861e-17,0,98.755,1176.4,FLYING
6.6175,-6.2833e-16,0,5.489,-1.886e-17,0,0.0062408,0.0062408,0,7.2064e-17,0,98.754,1176.4,FLYING
6.62,-6.2837e-16,0,5.489,-1.8829e-17,0,0.0062334,0.0062334,0,7.0098e-17,0,98.754,1176.4,FLYING
6.6225,-6.2842e-16,0,5.4891,-1.8799e-17,0,0.0062259,0.0062259,0,6.8302e-17,0,98.753,1176.4,FLYING
6.625,-6.2847e-16,0,5.4891,-1.877e-17,0,0.0062185,0.0062185,0,6.6676e-17,0,98.753,1176.4,FLYING
6.6275,-6.2851e-16,0,5.4891,-1.8742e-17,0,0.0062111,0.0062111,0,6.505e-17,0,98.752,1176.4,FLYING
6.63,-6.2856e-16,0,5.4891,-1.8714e-17,0,0.0062036,0.0062036,0,6.3425e-17,0,98.752,1176.4,FLYING
6.6325,-6.2861e-16,0,5.4891,-1.8687e-17,0,0.0061962,0.0061962,0,6.18e-17,0,98.751,1176.4,FLYING
6.635,-6.2865e-16,0,5.4891,-1.866e-17,0,0.0061888,0.0061888,0,6.0345e-17,0,98.751,1176.4,FLYING
6.6375,-6.287e-16,0,5.4892,-1.8634e-17,0,0.0061814,0.0061814,0,5.8721e-17,0,98.751,1176.4,FLYING
6.64,-6.2875e-16,0,5.4892,-1.8609e-17,0,0.006174,0.006174,0,5.7098e-17,0,98.75,1176.4,FLYING
6.6425,-6.2879e-16,0,5.4892,-1.8585e-17,0,0.0061667,0.0061667,0,5.5475e-17,0,98.75,1176.4,FLYING
6.645,-6.2884e-16,0,5.4892,-1.8561e-17,0,0.0061593,0.0061593,0,5.3682e-17,0,98.749,1176.4,FLYING
6.6475,-6.2889e-16,0,5.4892,-1.8538e-17,0,0.0061519,0.0061519,0,5.206e-17,0,98.749,1176.4,FLYING
6.65,-6.2893e-16,0,5.4892,-1.8516e-17,0,0.0061446,0.0061446,0,5.0608e-17,0,98.748,1176.4,FLYING
6.6525,-6.2898e-16,0,5.4892,-1.8494e-17,0,0.0061373,0.0061373,0,4.8986e-17,0,98.748,1176.4,FLYING
6.655,-6.2903e-16,0,5.4893,-1.8473e-17,0,0.0061299,0.0061299,0,4.7195e-17,0,98.747,1176.4,FLYING
6.6575,-6.2907e-16,0,5.4893,-1.8453e-17,0,0.0061226,0.0061226,0,4.5575e-17,0,98.747,1176.4,FLYING
6.66,-6.2912e-16,0,5.4893,-1.8434e-17,0,0.0061153,0.0061153,0,4.3955e-17,0,98.746,1176.4,FLYING
6.6625,-6.2916e-16,0,5.4893,-1.8415e-17,0,0.006108,0.006108,0,4.2504e-17,0,98.746,1176.4,FLYING
6.665,-6.2921e-16,0,5.4893,-1.8397e-17,0,0.0061007,0.0061007,0,4.1394e-17,0,98.746,1176.4,FLYING
6.6675,-6.2926e-16,0,5.4893,-1.8379e-17,0,0.0060934,0.0060934,0,4.0453e-17,0,98.745,1176.4,FLYING
6.67,-6.293e-16,0,5.4894,-1.8362e-17,0,0.0060861,0.0060861,0,3.9852e-17,0,98.745,1176.4,FLYING
6.6725,-6.2935e-16,0,5.4894,-1.8345e-17,0,0.0060789,0.0060789,0,3.942e-17,0,98.744,1176.4,FLYING
6.675,-6.2939e-16,0,5.4894,-1.8328e-17,0,0.0060716,0.0060716,0,3.9498e-17,0,98.744,1176.4,FLYING
6.6775,-6.2944e-16,0,5.4894,-1.8311e-17,0,0.0060644,0.0060644,0,3.9915e-17,0,98.743,1176.5,FLYING
6.68,-6.2948e-16,0,5.4894,-1.8294e-17,0,0.0060571,0.0060571,0,4.0671e-17,0,98.743,1176.5,FLYING
6.6825,-6.2953e-16,0,5.4894,-1.8276e-17,0,0.0060499,0.0060499,0,4.1257e-17,0,98.742,1176.5,FLYING
6.685,-6.2958e-16,0,5.4894,-1.8259e-17,0,0.0060427,0.0060427,0,4.1843e-17,0,98.742,1176.5,FLYING
6.6875,-6.2962e-16,0,5.4895,-1.8241e-17,0,0.0060355,0.0060355,0,4.2429e-17,0,98.741,1176.5,FLYING
6.69,-6.2967e-16,0,5.4895,-1.8223e-17,0,0.0060283,0.0060283,0,4.3014e-17,0,98.741,1176.5,FLYING
6.6925,-6.2971e-16,0,5.4895,-1.8204e-17,0,0.0060211,0.0060211,0,4.343e-17,0,98.74,1176.5,FLYING
6.695,-6.2976e-16,0,5.4895,-1.8186e-17,0,0.0060139,0.0060139,0,4.3846e-17,0,98.74,1176.5,FLYING
6.6975,-6.298e-16,0,5.4895,-1.8167e-17,0,0.0060067,0.0060067,0,4.4262e-17,0,98.74,1176.5,FLYING
6.7,-6.2985e-16,0,5.4895,-1.8148e-17,0,0.0059996,0.0059996,0,4.4508e-17,0,98.739,1176.5,FLYING
6.7025,-6.2989e-16,0,5.4895,-1.8129e-17,0,0.0059924,0.0059924,0,4.4754e-17,0,98.739,1176.5,FLYING
6.705,-6.2994e-16,0,5.4896,-1.811e-17,0,0.0059853,0.0059853,0,4.483e-17,0,98.738,1176.5,FLYING
6.7075,-6.2998e-16,0,5.4896,-1.8091e-17,0,0.0059781,0.0059781,0,4.5076e-17,0,98.738,1176.5,FLYING
6.71,-6.3003e-16,0,5.4896,-1.8071e-17,0,0.005971,0.005971,0,4.5321e-17,0,98.737,1176.5,FLYING
6.7125,-6.3007e-16,0,5.4896,-1.8052e-17,0,0.0059639,0.0059639,0,4.5567e-17,0,98.737,1176.5,FLYING
6.715,-6.3012e-16,0,5.4896,-1.8032e-17,0,0.0059568,0.0059568,0,4.5982e-17,0,98.736,1176.5,FLYING
6.7175,-6.3016e-16,0,5.4896,-1.8013e-17,0,0.0059497,0.0059497,0,4.6228e-17,0,98.736,1176.5,FLYING
6.72,-6.3021e-16,0,5.4897,-1.7993e-17,0,0.0059426,0.0059426,0,4.6304e-17,0,98.735,1176.5,FLYING
6.7225,-6.3025e-16,0,5.4897,-1.7973e-17,0,0.0059355,0.0059355,0,4.638e-17,0,98.735,1176.5,FLYING
6.725,-6.303e-16,0,5.4897,-1.7953e-17,0,0.0059284,0.0059284,0,4.6455e-17,0,98.735,1176.5,FLYING
6.7275,-6.3034e-16,0,5.4897,-1.7933e-17,0,0.0059213,0.0059213,0,4.6531e-17,0,98.734,1176.5,FLYING
6.73,-6.3039e-16,0,5.4897,-1.7913e-17,0,0.0059143,0.0059143,0,4.6607e-17,0,98.734,1176.5,FLYING
6.7325,-6.3043e-16,0,5.4897,-1.7894e-17,0,0.0059072,0.0059072,0,4.6852e-17,0,98.733,1176.5,FLYING
6.735,-6.3048e-16,0,5.4897,-1.7873e-17,0,0.0059002,0.0059002,0,4.7267e-17,0,98.733,1176.5,FLYING
6.7375,-6.3052e-16,0,5.4898,-1.7853e-17,0,0.0058931,0.0058931,0,4.7513e-17,0,98.732,1176.5,FLYING
6.74,-6.3057e-16,0,5.4898,-1.7833e-17,0,0.0058861,0.0058861,0,4.7758e-17,0,98.732,1176.5,FLYING
6.7425,-6.3061e-16,0,5.4898,-1.7813e-17,0,0.0058791,0.0058791,0,4.7833e-17,0,98.731,1176.5,FLYING
6.745,-6.3066e-16,0,5.4898,-1.7792e-17,0,0.0058721,0.0058721,0,4.8078e-17,0,98.731,1176.5,FLYING
6.7475,-6.307e-16,0,5.4898,-1.7771e-17,0,0.0058651,0.0058651,0,4.8154e-17,0,98.73,1176.5,FLYING
6.75,-6.3075e-16,0,5.4898,-1.7751e-17,0,0.0058581,0.0058581,0,4.8229e-17,0,98.73,1176.5,FLYING
6.7525,-6.3079e-16,0,5.4898,-1.773e-17,0,0.0058511,0.0058511,0,4.8304e-17,0,98.73,1176.5,FLYING
6.755,-6.3083e-16,0,5.4899,-1.771e-17,0,0.0058441,0.0058441,0,4.8549e-17,0,98.729,1176.5,FLYING
6.7575,-6.3088e-16,0,5.4899,-1.7689e-17,0,0.0058372,0.0058372,0,4.8794e-17,0,98.729,1176.5,FLYING
6.76,-6.3092e-16,0,5.4899,-1.7668e-17,0,0.0058302,0.0058302,0,4.9209e-17,0,98.728,1176.5,FLYING
6.7625,-6.3097e-16,0,5.4899,-1.7647e-17,0,0.0058233,0.0058233,0,4.9453e-17,0,98.728,1176.5,FLYING
6.765,-6.3101e-16,0,5.4899,-1.7626e-17,0,0.0058163,0.0058163,0,4.9698e-17,0,98.727,1176.5,FLYING
6.7675,-6.3106e-16,0,5.4899,-1.7604e-17,0,0.0058094,0.0058094,0,4.9943e-17,0,98.727,1176.5,FLYING
6.77,-6.311e-16,0,5.4899,-1.7583e-17,0,0.0058025,0.0058025,0,5.0187e-17,0,98.726,1176.5,FLYING
6.7725,-6.3114e-16,0,5.49,-1.7562e-17,0,0.0057956,0.0057956,0,5.0262e-17,0,98.726,1176.5,FLYING
6.775,-6.3119e-16,0,5.49,-1.754e-17,0,0.0057887,0.0057887,0,5.0167e-17,0,98.725,1176.5,FLYING
6.7775,-6.3123e-16,0,5.49,-1.7519e-17,0,0.0057818,0.0057818,0,5.0073e-17,0,98.725,1176.5,FLYING
6.78,-6.3127e-16,0,5.49,-1.7497e-17,0,0.0057749,0.0057749,0,5.0147e-17,0,98.725,1176.5,FLYING
6.7825,-6.3132e-16,0,5.49,-1.7476e-17,0,0.005768,0.005768,0,5.0222e-17,0,98.724,1176.5,FLYING
6.785,-6.3136e-16,0,5.49,-1.7454e-17,0,0.0057611,0.0057611,0,5.0297e-17,0,98.724,1176.5,FLYING
6.7875,-6.3141e-16,0,5.49,-1.7433e-17,0,0.0057543,0.0057543,0,5.0372e-17,0,98.723,1176.5,FLYING
6.79,-6.3145e-16,0,5.4901,-1.7411e-17,0,0.0057474,0.0057474,0,5.0277e-17,0,98.723,1176.5,FLYING
6.7925,-6.3149e-16,0,5.4901,-1.739e-17,0,0.0057406,0.0057406,0,5.0182e-17,0,98.722,1176.5,FLYING
6.795,-6.3154e-16,0,5.4901,-1.7368e-17,0,0.0057338,0.0057338,0,5.0088e-17,0,98.722,1176.5,FLYING
6.7975,-6.3158e-16,0,5.4901,-1.7347e-17,0,0.0057269,0.0057269,0,4.9993e-17,0,98.721,1176.5,FLYING
6.8,-6.3162e-16,0,5.4901,-1.7325e-17,0,0.0057201,0.0057201,0,4.9898e-17,0,98.721,1176.5,FLYING
6.8025,-6.3167e-16,0,5.4901,-1.7304e-17,0,0.0057133,0.0057133,0,4.9973e-17,0,98.72,1176.5,FLYING
6.805,-6.3171e-16,0,5.4901,-1.7283e-17,0,0.0057065,0.0057065,0,5.0387e-17,0,98.72,1176.5,FLYING
6.8075,-6.3175e-16,0,5.4902,-1.7261e-17,0,0.0056997,0.0056997,0,5.0801e-17,0,98.72,1176.5,FLYING
6.81,-6.318e-16,0,5.4902,-1.7239e-17,0,0.0056929,0.0056929,0,5.1215e-17,0,98.719,1176.5,FLYING
6.8125,-6.3184e-16,0,5.4902,-1.7218e-17,0,0.0056861,0.0056861,0,5.1629e-17,0,98.719,1176.5,FLYING
6.815,-6.3188e-16,0,5.4902,-1.7195e-17,0,0.0056794,0.0056794,0,5.1873e-17,0,98.718,1176.5,FLYING
6.8175,-6.3192e-16,0,5.4902,-1.7173e-17,0,0.0056726,0.0056726,0,5.2117e-17,0,98.718,1176.5,FLYING
6.82,-6.3197e-16,0,5.4902,-1.7151e-17,0,0.0056659,0.0056659,0,5.2361e-17,0,98.717,1176.5,FLYING
6.8225,-6.3201e-16,0,5.4902,-1.7129e-17,0,0.0056591,0.0056591,0,5.3114e-17,0,98.717,1176.5,FLYING
6.825,-6.3205e-16,0,5.4903,-1.7106e-17,0,0.0056524,0.0056524,0,5.4037e-17,0,98.716,1176.5,FLYING
6.8275,-6.321e-16,0,5.4903,-1.7083e-17,0,0.0056456,0.0056456,0,5.5298e-17,0,98.716,1176.5,FLYING
6.83,-6.3214e-16,0,5.4903,-1.7059e-17,0,0.0056389,0.0056389,0,5.6728e-17,0,98.715,1176.5,FLYING
6.8325,-6.3218e-16,0,5.4903,-1.7035e-17,0,0.0056322,0.0056322,0,5.8159e-17,0,98.715,1176.5,FLYING
6.835,-6.3222e-16,0,5.4903,-1.701e-17,0,0.0056255,0.0056255,0,5.9589e-17,0,98.714,1176.5,FLYING
6.8375,-6.3227e-16,0,5.4903,-1.6984e-17,0,0.0056188,0.0056188,0,6.1018e-17,0,98.714,1176.5,FLYING
6.84,-6.3231e-16,0,5.4903,-1.6958e-17,0,0.0056121,0.0056121,0,6.2278e-17,0,98.714,1176.5,FLYING
6.8425,-6.3235e-16,0,5.4904,-1.6932e-17,0,0.0056055,0.0056055,0,6.3537e-17,0,98.713,1176.5,FLYING
6.845,-6.3239e-16,0,5.4904,-1.6904e-17,0,0.0055988,0.0055988,0,6.4796e-17,0,98.713,1176.5,FLYING
6.8475,-6.3243e-16,0,5.4904,-1.6877e-17,0,0.0055921,0.0055921,0,6.6055e-17,0,98.712,1176.5,FLYING
6.85,-6.3248e-16,0,5.4904,-1.6849e-17,0,0.0055855,0.0055855,0,6.7143e-17,0,98.712,1176.5,FLYING
6.8525,-6.3252e-16,0,5.4904,-1.682e-17,0,0.0055788,0.0055788,0,6.8232e-17,0,98.711,1176.5,FLYING
6.855,-6.3256e-16,0,5.4904,-1.6791e-17,0,0.0055722,0.0055722,0,6.932e-17,0,98.711,1176.5,FLYING
6.8575,-6.326e-16,0,5.4904,-1.6761e-17,0,0.0055656,0.0055656,0,7.0238e-17,0,98.71,1176.5,FLYING
6.86,-6.3264e-16,0,5.4905,-1.6731e-17,0,0.0055589,0.0055589,0,7.1326e-17,0,98.71,1176.5,FLYING
6.8625,-6.3269e-16,0,5.4905,-1.67e-17,0,0.0055523,0.0055523,0,7.2413e-17,0,98.709,1176.5,FLYING
6.865,-6.3273e-16,0,5.4905,-1.6669e-17,0,0.0055457,0.0055457,0,7.333e-17,0,98.709,1176.5,FLYING
6.8675,-6.3277e-16,0,5.4905,-1.6638e-17,0,0.0055391,0.0055391,0,7.4417e-17,0,98.709,1176.5,FLYING
6.87,-6.3281e-16,0,5.4905,-1.6606e-17,0,0.0055325,0.0055325,0,7.5674e-17,0,98.708,1176.5,FLYING
6.8725,-6.3285e-16,0,5.4905,-1.6574e-17,0,0.005526,0.005526,0,7.6929e-17,0,98.708,1176.5,FLYING
6.875,-6.3289e-16,0,5.4905,-1.6541e-17,0,0.0055194,0.0055194,0,7.8185e-17,0,98.707,1176.5,FLYING
6.8775,-6.3294e-16,0,5.4906,-1.6507e-17,0,0.0055128,0.0055128,0,7.9271e-17,0,98.707,1176.5,FLYING
6.88,-6.3298e-16,0,5.4906,-1.6474e-17,0,0.0055063,0.0055063,0,8.0526e-17,0,98.706,1176.5,FLYING
6.8825,-6.3302e-16,0,5.4906,-1.6439e-17,0,0.0054997,0.0054997,0,8.1611e-17,0,98.706,1176.5,FLYING
6.885,-6.3306e-16,0,5.4906,-1.6404e-17,0,0.0054932,0.0054932,0,8.2526e-17,0,98.705,1176.5,FLYING
6.8875,-6.331e-16,0,5.4906,-1.6369e-17,0,0.0054867,0.0054867,0,8.361e-17,0,98.705,1176.5,FLYING
6.89,-6.3314e-16,0,5.4906,-1.6333e-17,0,0.0054801,0.0054801,0,8.4525e-17,0,98.704,1176.5,FLYING
6.8925,-6.3318e-16,0,5.4906,-1.6297e-17,0,0.0054736,0.0054736,0,8.527e-17,0,98.704,1176.5,FLYING
6.895,-6.3322e-16,0,5.4906,-1.626e-17,0,0.0054671,0.0054671,0,8.6014e-17,0,98.704,1176.5,FLYING
6.8975,-6.3326e-16,0,5.4907,-1.6224e-17,0,0.0054606,0.0054606,0,8.6759e-17,0,98.703,1176.5,FLYING
6.9,-6.333e-16,0,5.4907,-1.6187e-17,0,0.0054541,0.0054541,0,8.7503e-17,0,98.703,1176.5,FLYING
6.9025,-6.3334e-16,0,5.4907,-1.6149e-17,0,0.0054476,0.0054476,0,8.8078e-17,0,98.702,1176.5,FLYING
6.905,-6.3338e-16,0,5.4907,-1.6111e-17,0,0.0054412,0.0054412,0,8.8482e-17,0,98.702,1176.5,FLYING
6.9075,-6.3342e-16,0,5.4907,-1.6074e-17,0,0.0054347,0.0054347,0,8.8717e-17,0,98.701,1176.5,FLYING
6.91,-6.3346e-16,0,5.4907,-1.6036e-17,0,0.0054282,0.0054282,0,8.8782e-17,0,98.701,1176.5,FLYING
6.9125,-6.335e-16,0,5.4907,-1.5998e-17,0,0.0054218,0.0054218,0,8.8848e-17,0,98.7,1176.5,FLYING
6.915,-6.3354e-16,0,5.4908,-1.596e-17,0,0.0054153,0.0054153,0,8.9082e-17,0,98.7,1176.5,FLYING
6.9175,-6.3358e-16,0,5.4908,-1.5922e-17,0,0.0054089,0.0054089,0,8.9317e-17,0,98.699,1176.5,FLYING
6.92,-6.3362e-16,0,5.4908,-1.5883e-17,0,0.0054025,0.0054025,0,8.9552e-17,0,98.699,1176.5,FLYING
6.9225,-6.3366e-16,0,5.4908,-1.5845e-17,0,0.005396,0.005396,0,8.9787e-17,0,98.699,1176.5,FLYING
6.925,-6.337e-16,0,5.4908,-1.5807e-17,0,0.0053896,0.0053896,0,8.9851e-17,0,98.698,1176.5,FLYING
6.9275,-6.3374e-16,0,5.4908,-1.5768e-17,0,0.0053832,0.0053832,0,9.0086e-17,0,98.698,1176.5,FLYING
6.93,-6.3378e-16,0,5.4908,-1.573e-17,0,0.0053768,0.0053768,0,9.0321e-17,0,98.697,1176.5,FLYING
6.9325,-6.3382e-16,0,5.4909,-1.5691e-17,0,0.0053704,0.0053704,0,9.0385e-17,0,98.697,1176.5,FLYING
6.935,-6.3386e-16,0,5.4909,-1.5652e-17,0,0.0053641,0.0053641,0,9.0281e-17,0,98.696,1176.5,FLYING
6.9375,-6.339e-16,0,5.4909,-1.5614e-17,0,0.0053577,0.0053577,0,9.0176e-17,0,98.696,1176.5,FLYING
6.94,-6.3394e-16,0,5.4909,-1.5575e-17,0,0.0053513,0.0053513,0,8.9901e-17,0,98.695,1176.5,FLYING
6.9425,-6.3398e-16,0,5.4909,-1.5537e-17,0,0.005345,0.005345,0,8.9627e-17,0,98.695,1176.5,FLYING
6.945,-6.3401e-16,0,5.4909,-1.5498e-17,0,0.0053386,0.0053386,0,8.9183e-17,0,98.694,1176.5,FLYING
6.9475,-6.3405e-16,0,5.4909,-1.546e-17,0,0.0053323,0.0053323,0,8.8909e-17,0,98.694,1176.5,FLYING
6.95,-6.3409e-16,0,5.4909,-1.5422e-17,0,0.0053259,0.0053259,0,8.8635e-17,0,98.694,1176.5,FLYING
6.9525,-6.3413e-16,0,5.491,-1.5384e-17,0,0.0053196,0.0053196,0,8.8191e-17,0,98.693,1176.5,FLYING
6.955,-6.3417e-16,0,5.491,-1.5346e-17,0,0.0053133,0.0053133,0,8.7748e-17,0,98.693,1176.5,FLYING
6.9575,-6.3421e-16,0,5.491,-1.5309e-17,0,0.005307,0.005307,0,8.7304e-17,0,98.692,1176.5,FLYING
6.96,-6.3425e-16,0,5.491,-1.5272e-17,0,0.0053007,0.0053007,0,8.6691e-17,0,98.692,1176.5,FLYING
6.9625,-6.3428e-16,0,5.491,-1.5235e-17,0,0.0052944,0.0052944,0,8.6248e-17,0,98.691,1176.5,FLYING
6.965,-6.3432e-16,0,5.491,-1.5198e-17,0,0.0052881,0.0052881,0,8.5975e-17,0,98.691,1176.5,FLYING
6.9675,-6.3436e-16,0,5.491,-1.5161e-17,0,0.0052818,0.0052818,0,8.5702e-17,0,98.69,1176.5,FLYING
6.97,-6.344e-16,0,5.4911,-1.5124e-17,0,0.0052755,0.0052755,0,8.5428e-17,0,98.69,1176.5,FLYING
6.9725,-6.3443e-16,0,5.4911,-1.5088e-17,0,0.0052693,0.0052693,0,8.4985e-17,0,98.689,1176.5,FLYING
6.975,-6.3447e-16,0,5.4911,-1.5051e-17,0,0.005263,0.005263,0,8.4543e-17,0,98.689,1176.5,FLYING
6.9775,-6.3451e-16,0,5.4911,-1.5015e-17,0,0.0052568,0.0052568,0,8.393e-17,0,98.688,1176.5,FLYING
6.98,-6.3455e-16,0,5.4911,-1.4979e-17,0,0.0052505,0.0052505,0,8.3658e-17,0,98.688,1176.5,FLYING
6.9825,-6.3458e-16,0,5.4911,-1.4943e-17,0,0.0052443,0.0052443,0,8.3555e-17,0,98.688,1176.5,FLYING
6.985,-6.3462e-16,0,5.4911,-1.4908e-17,0,0.005238,0.005238,0,8.3621e-17,0,98.687,1176.5,FLYING
6.9875,-6.3466e-16,0,5.4911,-1.4872e-17,0,0.0052318,0.0052318,0,8.4027e-17,0,98.687,1176.5,FLYING
6.99,-6.347e-16,0,5.4912,-1.4836e-17,0,0.0052256,0.0052256,0,8.4772e-17,0,98.686,1176.5,FLYING
6.9925,-6.3473e-16,0,5.4912,-1.48e-17,0,0.0052194,0.0052194,0,8.5347e-17,0,98.686,1176.5,FLYING
6.995,-6.3477e-16,0,5.4912,-1.4763e-17,0,0.0052132,0.0052132,0,8.5752e-17,0,98.685,1176.5,FLYING
6.9975,-6.3481e-16,0,5.4912,-1.4726e-17,0,0.005207,0.005207,0,8.6157e-17,0,98.685,1176.5,FLYING
7,-6.3484e-16,0,5.4912,-1.469e-17,0,0.0052008,0.0052008,0,8.6732e-17,0,98.684,1176.5,FLYING
7.0025,-6.3488e-16,0,5.4912,-1.4653e-17,0,0.0051947,0.0051947,0,8.7307e-17,0,98.684,1176.5,FLYING
7.005,-6.3492e-16,0,5.4912,-1.4615e-17,0,0.0051885,0.0051885,0,8.7881e-17,0,98.683,1176.5,FLYING
7.0075,-6.3495e-16,0,5.4912,-1.4578e-17,0,0.0051823,0.0051823,0,8.8286e-17,0,98.683,1176.5,FLYING
7.01,-6.3499e-16,0,5.4913,-1.454e-17,0,0.0051762,0.0051762,0,8.8521e-17,0,98.683,1176.5,FLYING
7.0125,-6.3503e-16,0,5.4913,-1.4502e-17,0,0.00517,0.00517,0,8.8756e-17,0,98.682,1176.5,FLYING
7.015,-6.3506e-16,0,5.4913,-1.4464e-17,0,0.0051639,0.0051639,0,8.8991e-17,0,98.682,1176.5,FLYING
7.0175,-6.351e-16,0,5.4913,-1.4426e-17,0,0.0051578,0.0051578,0,8.9056e-17,0,98.681,1176.5,FLYING
7.02,-6.3513e-16,0,5.4913,-1.4388e-17,0,0.0051516,0.0051516,0,8.9291e-17,0,98.681,1176.5,FLYING
7.0225,-6.3517e-16,0,5.4913,-1.435e-17,0,0.0051455,0.0051455,0,8.9525e-17,0,98.68,1176.5,FLYING
7.025,-6.3521e-16,0,5.4913,-1.4311e-17,0,0.0051394,0.0051394,0,8.993e-17,0,98.68,1176.5,FLYING
7.0275,-6.3524e-16,0,5.4913,-1.4273e-17,0,0.0051333,0.0051333,0,9.0503e-17,0,98.679,1176.5,FLYING
7.03,-6.3528e-16,0,5.4914,-1.4234e-17,0,0.0051272,0.0051272,0,9.1077e-17,0,98.679,1176.5,FLYING
7.0325,-6.3531e-16,0,5.4914,-1.4195e-17,0,0.0051211,0.0051211,0,9.1481e-17,0,98.678,1176.5,FLYING
7.035,-6.3535e-16,0,5.4914,-1.4156e-17,0,0.0051151,0.0051151,0,9.2054e-17,0,98.678,1176.5,FLYING
7.0375,-6.3538e-16,0,5.4914,-1.4117e-17,0,0.005109,0.005109,0,9.2797e-17,0,98.678,1176.5,FLYING
7.04,-6.3542e-16,0,5.4914,-1.4077e-17,0,0.0051029,0.0051029,0,9.3879e-17,0,98.677,1176.5,FLYING
7.0425,-6.3545e-16,0,5.4914,-1.4037e-17,0,0.0050969,0.0050969,0,9.5131e-17,0,98.677,1176.5,FLYING
7.045,-6.3549e-16,0,5.4914,-1.3996e-17,0,0.0050908,0.0050908,0,9.6212e-17,0,98.676,1176.5,FLYING
7.0475,-6.3552e-16,0,5.4915,-1.3955e-17,0,0.0050848,0.0050848,0,9.7124e-17,0,98.676,1176.5,FLYING
7.05,-6.3556e-16,0,5.4915,-1.3913e-17,0,0.0050787,0.0050787,0,9.8035e-17,0,98.675,1176.5,FLYING
7.0525,-6.3559e-16,0,5.4915,-1.3871e-17,0,0.0050727,0.0050727,0,9.8946e-17,0,98.675,1176.5,FLYING
7.055,-6.3563e-16,0,5.4915,-1.3829e-17,0,0.0050667,0.0050667,0,9.9857e-17,0,98.674,1176.5,FLYING
7.0575,-6.3566e-16,0,5.4915,-1.3786e-17,0,0.0050607,0.0050607,0,1.0077e-16,0,98.674,1176.5,FLYING
7.06,-6.357e-16,0,5.4915,-1.3743e-17,0,0.0050547,0.0050547,0,1.0185e-16,0,98.673,1176.5,FLYING
7.0625,-6.3573e-16,0,5.4915,-1.37e-17,0,0.0050487,0.0050487,0,1.0276e-16,0,98.673,1176.5,FLYING
7.065,-6.3576e-16,0,5.4915,-1.3656e-17,0,0.0050427,0.0050427,0,1.0367e-16,0,98.673,1176.5,FLYING
7.0675,-6.358e-16,0,5.4916,-1.3611e-17,0,0.0050367,0.0050367,0,1.0458e-16,0,98.672,1176.5,FLYING
7.07,-6.3583e-16,0,5.4916,-1.3567e-17,0,0.0050307,0.0050307,0,1.0549e-16,0,98.672,1176.5,FLYING
7.0725,-6.3587e-16,0,5.4916,-1.3522e-17,0,0.0050248,0.0050248,0,1.064e-16,0,98.671,1176.5,FLYING
7.075,-6.359e-16,0,5.4916,-1.3476e-17,0,0.0050188,0.0050188,0,1.0747e-16,0,98.671,1176.5,FLYING
7.0775,-6.3593e-16,0,5.4916,-1.343e-17,0,0.0050129,0.0050129,0,1.0872e-16,0,98.67,1176.5,FLYING
7.08,-6.3597e-16,0,5.4916,-1.3384e-17,0,0.0050069,0.0050069,0,1.098e-16,0,98.67,1176.5,FLYING
7.0825,-6.36e-16,0,5.4916,-1.3337e-17,0,0.005001,0.005001,0,1.1105e-16,0,98.669,1176.5,FLYING
7.085,-6.3603e-16,0,5.4916,-1.3289e-17,0,0.004995,0.004995,0,1.1212e-16,0,98.669,1176.5,FLYING
7.0875,-6.3607e-16,0,5.4917,-1.3241e-17,0,0.0049891,0.0049891,0,1.1337e-16,0,98.668,1176.5,FLYING
7.09,-6.361e-16,0,5.4917,-1.3193e-17,0,0.0049832,0.0049832,0,1.1445e-16,0,98.668,1176.5,FLYING
7.0925,-6.3613e-16,0,5.4917,-1.3144e-17,0,0.0049773,0.0049773,0,1.1553e-16,0,98.668,1176.5,FLYING
7.095,-6.3617e-16,0,5.4917,-1.3094e-17,0,0.0049714,0.0049714,0,1.166e-16,0,98.667,1176.5,FLYING
7.0975,-6.362e-16,0,5.4917,-1.3044e-17,0,0.0049655,0.0049655,0,1.1785e-16,0,98.667,1176.5,FLYING
7.1,-6.3623e-16,0,5.4917,-1.2994e-17,0,0.0049596,0.0049596,0,1.1892e-16,0,98.666,1176.5,FLYING
7.1025,-6.3626e-16,0,5.4917,-1.2943e-17,0,0.0049537,0.0049537,0,1.1983e-16,0,98.666,1176.5,FLYING
7.105,-6.3629e-16,0,5.4917,-1.2892e-17,0,0.0049478,0.0049478,0,1.2073e-16,0,98.665,1176.5,FLYING
7.1075,-6.3633e-16,0,5.4918,-1.284e-17,0,0.004942,0.004942,0,1.2181e-16,0,98.665,1176.5,FLYING
7.11,-6.3636e-16,0,5.4918,-1.2788e-17,0,0.0049361,0.0049361,0,1.2305e-16,0,98.664,1176.5,FLYING
7.1125,-6.3639e-16,0,5.4918,-1.2735e-17,0,0.0049302,0.0049302,0,1.2464e-16,0,98.664,1176.5,FLYING
7.115,-6.3642e-16,0,5.4918,-1.2682e-17,0,0.0049244,0.0049244,0,1.2639e-16,0,98.663,1176.5,FLYING
7.1175,-6.3645e-16,0,5.4918,-1.2628e-17,0,0.0049186,0.0049186,0,1.2831e-16,0,98.663,1176.5,FLYING
7.12,-6.3649e-16,0,5.4918,-1.2573e-17,0,0.0049127,0.0049127,0,1.304e-16,0,98.663,1176.5,FLYING
7.1225,-6.3652e-16,0,5.4918,-1.2517e-17,0,0.0049069,0.0049069,0,1.3283e-16,0,98.662,1176.5,FLYING
7.125,-6.3655e-16,0,5.4918,-1.246e-17,0,0.0049011,0.0049011,0,1.356e-16,0,98.662,1176.5,FLYING
7.1275,-6.3658e-16,0,5.4919,-1.2402e-17,0,0.0048953,0.0048953,0,1.382e-16,0,98.661,1176.5,FLYING
7.13,-6.3661e-16,0,5.4919,-1.2343e-17,0,0.0048895,0.0048895,0,1.408e-16,0,98.661,1176.5,FLYING
7.1325,-6.3664e-16,0,5.4919,-1.2283e-17,0,0.0048837,0.0048837,0,1.4339e-16,0,98.66,1176.5,FLYING
7.135,-6.3667e-16,0,5.4919,-1.2222e-17,0,0.0048779,0.0048779,0,1.4599e-16,0,98.66,1176.5,FLYING
7.1375,-6.367e-16,0,5.4919,-1.2159e-17,0,0.0048721,0.0048721,0,1.4841e-16,0,98.659,1176.5,FLYING
7.14,-6.3673e-16,0,5.4919,-1.2096e-17,0,0.0048663,0.0048663,0,1.5067e-16,0,98.659,1176.5,FLYING
7.1425,-6.3676e-16,0,5.4919,-1.2031e-17,0,0.0048605,0.0048605,0,1.5275e-16,0,98.658,1176.5,FLYING
7.145,-6.3679e-16,0,5.4919,-1.1966e-17,0,0.0048548,0.0048548,0,1.5467e-16,0,98.658,1176.5,FLYING
7.1475,-6.3682e-16,0,5.4919,-1.19e-17,0,0.004849,0.004849,0,1.5658e-16,0,98.657,1176.5,FLYING
7.15,-6.3685e-16,0,5.492,-1.1833e-17,0,0.0048433,0.0048433,0,1.585e-16,0,98.657,1176.5,FLYING
7.1525,-6.3688e-16,0,5.492,-1.1765e-17,0,0.0048375,0.0048375,0,1.6041e-16,0,98.657,1176.5,FLYING
7.155,-6.3691e-16,0,5.492,-1.1696e-17,0,0.0048318,0.0048318,0,1.6216e-16,0,98.656,1176.5,FLYING
7.1575,-6.3694e-16,0,5.492,-1.1627e-17,0,0.0048261,0.0048261,0,1.639e-16,0,98.656,1176.5,FLYING
7.16,-6.3697e-16,0,5.492,-1.1557e-17,0,0.0048203,0.0048203,0,1.6581e-16,0,98.655,1176.5,FLYING
7.1625,-6.37e-16,0,5.492,-1.1486e-17,0,0.0048146,0.0048146,0,1.6772e-16,0,98.655,1176.5,FLYING
7.165,-6.3702e-16,0,5.492,-1.1414e-17,0,0.0048089,0.0048089,0,1.6946e-16,0,98.654,1176.5,FLYING
7.1675,-6.3705e-16,0,5.492,-1.1342e-17,0,0.0048032,0.0048032,0,1.7121e-16,0,98.654,1176.5,FLYING
7.17,-6.3708e-16,0,5.4921,-1.1268e-17,0,0.0047975,0.0047975,0,1.7278e-16,0,98.653,1176.5,FLYING
7.1725,-6.3711e-16,0,5.4921,-1.1195e-17,0,0.0047918,0.0047918,0,1.7435e-16,0,98.653,1176.5,FLYING
7.175,-6.3714e-16,0,5.4921,-1.112e-17,0,0.0047862,0.0047862,0,1.7609e-16,0,98.652,1176.5,FLYING
7.1775,-6.3716e-16,0,5.4921,-1.1045e-17,0,0.0047805,0.0047805,0,1.7766e-16,0,98.652,1176.5,FLYING
7.18,-6.3719e-16,0,5.4921,-1.0969e-17,0,0.0047748,0.0047748,0,1.7923e-16,0,98.652,1176.5,FLYING
7.1825,-6.3722e-16,0,5.4921,-1.0892e-17,0,0.0047692,0.0047692,0,1.808e-16,0,98.651,1176.5,FLYING
7.185,-6.3725e-16,0,5.4921,-1.0815e-17,0,0.0047635,0.0047635,0,1.822e-16,0,98.651,1176.5,FLYING
7.1875,-6.3727e-16,0,5.4921,-1.0737e-17,0,0.0047579,0.0047579,0,1.836e-16,0,98.65,1176.5,FLYING
7.19,-6.373e-16,0,5.4922,-1.0658e-17,0,0.0047522,0.0047522,0,1.8499e-16,0,98.65,1176.5,FLYING
7.1925,-6.3733e-16,0,5.4922,-1.0579e-17,0,0.0047466,0.0047466,0,1.8656e-16,0,98.649,1176.5,FLYING
7.195,-6.3735e-16,0,5.4922,-1.0499e-17,0,0.004741,0.004741,0,1.8796e-16,0,98.649,1176.5,FLYING
7.1975,-6.3738e-16,0,5.4922,-1.0419e-17,0,0.0047353,0.0047353,0,1.8936e-16,0,98.648,1176.5,FLYING
7.2,-6.374e-16,0,5.4922,-1.0338e-17,0,0.0047297,0.0047297,0,1.9075e-16,0,98.648,1176.5,FLYING
7.2025,-6.3743e-16,0,5.4922,-1.0256e-17,0,0.0047241,0.0047241,0,1.9215e-16,0,98.647,1176.5,FLYING
7.205,-6.3746e-16,0,5.4922,-1.0174e-17,0,0.0047185,0.0047185,0,1.9355e-16,0,98.647,1176.5,FLYING
7.2075,-6.3748e-16,0,5.4922,-1.0091e-17,0,0.0047129,0.0047129,0,1.9477e-16,0,98.647,1176.5,FLYING
7.21,-6.3751e-16,0,5.4922,-1.0008e-17,0,0.0047073,0.0047073,0,1.96e-16,0,98.646,1176.5,FLYING
7.2125,-6.3753e-16,0,5.4923,-9.924e-18,0,0.0047018,0.0047018,0,1.9723e-16,0,98.646,1176.5,FLYING
7.215,-6.3756e-16,0,5.4923,-9.8396e-18,0,0.0046962,0.0046962,0,1.9845e-16,0,98.645,1176.5,FLYING
7.2175,-6.3758e-16,0,5.4923,-9.7547e-18,0,0.0046906,0.0046906,0,1.9951e-16,0,98.645,1176.5,FLYING
7.22,-6.376e-16,0,5.4923,-9.6694e-18,0,0.0046851,0.0046851,0,2.0039e-16,0,98.644,1176.5,FLYING
7.2225,-6.3763e-16,0,5.4923,-9.5837e-18,0,0.0046795,0.0046795,0,2.0111e-16,0,98.644,1176.5,FLYING
7.225,-6.3765e-16,0,5.4923,-9.4976e-18,0,0.004674,0.004674,0,2.0182e-16,0,98.643,1176.5,FLYING
7.2275,-6.3768e-16,0,5.4923,-9.4113e-18,0,0.0046684,0.0046684,0,2.0254e-16,0,98.643,1176.5,FLYING
7.23,-6.377e-16,0,5.4923,-9.3246e-18,0,0.0046629,0.0046629,0,2.0325e-16,0,98.642,1176.5,FLYING
7.2325,-6.3772e-16,0,5.4924,-9.2377e-18,0,0.0046574,0.0046574,0,2.0397e-16,0,98.642,1176.5,FLYING
7.235,-6.3774e-16,0,5.4924,-9.1504e-18,0,0.0046518,0.0046518,0,2.0468e-16,0,98.642,1176.5,FLYING
7.2375,-6.3777e-16,0,5.4924,-9.0629e-18,0,0.0046463,0.0046463,0,2.0523e-16,0,98.641,1176.5,FLYING
7.24,-6.3779e-16,0,5.4924,-8.9751e-18,0,0.0046408,0.0046408,0,2.0561e-16,0,98.641,1176.5,FLYING
7.2425,-6.3781e-16,0,5.4924,-8.8871e-18,0,0.0046353,0.0046353,0,2.0598e-16,0,98.64,1176.5,FLYING
7.245,-6.3783e-16,0,5.4924,-8.799e-18,0,0.0046298,0.0046298,0,2.0619e-16,0,98.64,1176.5,FLYING
7.2475,-6.3786e-16,0,5.4924,-8.7108e-18,0,0.0046244,0.0046244,0,2.0639e-16,0,98.639,1176.5,FLYING
7.25,-6.3788e-16,0,5.4924,-8.6225e-18,0,0.0046189,0.0046189,0,2.066e-16,0,98.639,1176.5,FLYING
7.2525,-6.379e-16,0,5.4924,-8.5341e-18,0,0.0046134,0.0046134,0,2.0663e-16,0,98.638,1176.5,FLYING
7.255,-6.3792e-16,0,5.4925,-8.4457e-18,0,0.0046079,0.0046079,0,2.0667e-16,0,98.638,1176.5,FLYING
7.2575,-6.3794e-16,0,5.4925,-8.3573e-18,0,0.0046025,0.0046025,0,2.0637e-16,0,98.637,1176.5,FLYING
7.26,-6.3796e-16,0,5.4925,-8.269e-18,0,0.004597,0.004597,0,2.0606e-16,0,98.637,1176.5,FLYING
7.2625,-6.3798e-16,0,5.4925,-8.1808e-18,0,0.0045916,0.0045916,0,2.0576e-16,0,98.637,1176.5,FLYING
7.265,-6.38e-16,0,5.4925,-8.0928e-18,0,0.0045861,0.0045861,0,2.0546e-16,0,98.636,1176.5,FLYING
7.2675,-6.3802e-16,0,5.4925,-8.0049e-18,0,0.0045807,0.0045807,0,2.0515e-16,0,98.636,1176.5,FLYING
7.27,-6.3804e-16,0,5.4925,-7.9172e-18,0,0.0045753,0.0045753,0,2.0468e-16,0,98.635,1176.5,FLYING
7.2725,-6.3806e-16,0,5.4925,-7.8296e-18,0,0.0045699,0.0045699,0,2.0421e-16,0,98.635,1176.5,FLYING
7.275,-6.3808e-16,0,5.4925,-7.7422e-18,0,0.0045644,0.0045644,0,2.0373e-16,0,98.634,1176.5,FLYING
7.2775,-6.381e-16,0,5.4926,-7.6551e-18,0,0.004559,0.004559,0,2.0326e-16,0,98.634,1176.5,FLYING
7.28,-6.3812e-16,0,5.4926,-7.5681e-18,0,0.0045536,0.0045536,0,2.0279e-16,0,98.633,1176.5,FLYING
7.2825,-6.3814e-16,0,5.4926,-7.4814e-18,0,0.0045482,0.0045482,0,2.0215e-16,0,98.633,1176.5,FLYING
7.285,-6.3816e-16,0,5.4926,-7.3949e-18,0,0.0045428,0.0045428,0,2.0134e-16,0,98.632,1176.5,FLYING
7.2875,-6.3817e-16,0,5.4926,-7.3088e-18,0,0.0045375,0.0045375,0,2.0036e-16,0,98.632,1176.5,FLYING
7.29,-6.3819e-16,0,5.4926,-7.223e-18,0,0.0045321,0.0045321,0,1.9921e-16,0,98.631,1176.5,FLYING
7.2925,-6.3821e-16,0,5.4926,-7.1378e-18,0,0.0045267,0.0045267,0,1.9806e-16,0,98.631,1176.5,FLYING
7.295,-6.3823e-16,0,5.4926,-7.0531e-18,0,0.0045214,0.0045214,0,1.9691e-16,0,98.631,1176.5,FLYING
7.2975,-6.3824e-16,0,5.4926,-6.9689e-18,0,0.004516,0.004516,0,1.9576e-16,0,98.63,1176.5,FLYING
7.3,-6.3826e-16,0,5.4927,-6.8851e-18,0,0.0045107,0.0045107,0,1.9461e-16,0,98.63,1176.5,FLYING
7.3025,-6.3828e-16,0,5.4927,-6.8019e-18,0,0.0045053,0.0045053,0,1.9346e-16,0,98.629,1176.5,FLYING
7.305,-6.383e-16,0,5.4927,-6.7191e-18,0,0.0045,0.0045,0,1.9214e-16,0,98.629,1176.5,FLYING
7.3075,-6.3831e-16,0,5.4927,-6.6369e-18,0,0.0044946,0.0044946,0,1.9082e-16,0,98.628,1176.5,FLYING
7.31,-6.3833e-16,0,5.4927,-6.5553e-18,0,0.0044893,0.0044893,0,1.8934e-16,0,98.628,1176.5,FLYING
7.3125,-6.3835e-16,0,5.4927,-6.4743e-18,0,0.004484,0.004484,0,1.8751e-16,0,98.627,1176.5,FLYING
7.315,-6.3836e-16,0,5.4927,-6.394e-18,0,0.0044787,0.0044787,0,1.8535e-16,0,98.627,1176.5,FLYING
7.3175,-6.3838e-16,0,5.4927,-6.3147e-18,0,0.0044734,0.0044734,0,1.8284e-16,0,98.626,1176.5,FLYING
7.32,-6.3839e-16,0,5.4928,-6.2365e-18,0,0.0044681,0.0044681,0,1.8e-16,0,98.626,1176.5,FLYING
7.3225,-6.3841e-16,0,5.4928,-6.1595e-18,0,0.0044628,0.0044628,0,1.7682e-16,0,98.626,1176.5,FLYING
7.325,-6.3842e-16,0,5.4928,-6.0839e-18,0,0.0044575,0.0044575,0,1.7313e-16,0,98.625,1176.5,FLYING
7.3275,-6.3844e-16,0,5.4928,-6.0098e-18,0,0.0044522,0.0044522,0,1.691e-16,0,98.625,1176.5,FLYING
7.33,-6.3845e-16,0,5.4928,-5.9375e-18,0,0.004447,0.004447,0,1.6474e-16,0,98.624,1176.5,FLYING
7.3325,-6.3847e-16,0,5.4928,-5.867e-18,0,0.0044417,0.0044417,0,1.6021e-16,0,98.624,1176.5,FLYING
7.335,-6.3848e-16,0,5.4928,-5.7984e-18,0,0.0044364,0.0044364,0,1.555e-16,0,98.623,1176.5,FLYING
7.3375,-6.385e-16,0,5.4928,-5.7319e-18,0,0.0044312,0.0044312,0,1.5063e-16,0,98.623,1176.5,FLYING
7.34,-6.3851e-16,0,5.4928,-5.6675e-18,0,0.0044259,0.0044259,0,1.4593e-16,0,98.622,1176.5,FLYING
7.3425,-6.3852e-16,0,5.4929,-5.6051e-18,0,0.0044207,0.0044207,0,1.414e-16,0,98.622,1176.5,FLYING
7.345,-6.3854e-16,0,5.4929,-5.5446e-18,0,0.0044154,0.0044154,0,1.3721e-16,0,98.621,1176.5,FLYING
7.3475,-6.3855e-16,0,5.4929,-5.4859e-18,0,0.0044102,0.0044102,0,1.3337e-16,0,98.621,1176.5,FLYING
7.35,-6.3857e-16,0,5.4929,-5.4288e-18,0,0.004405,0.004405,0,1.2935e-16,0,98.621,1176.5,FLYING
7.3525,-6.3858e-16,0,5.4929,-5.3735e-18,0,0.0043998,0.0043998,0,1.2516e-16,0,98.62,1176.5,FLYING
7.355,-6.3859e-16,0,5.4929,-5.3199e-18,0,0.0043946,0.0043946,0,1.2081e-16,0,98.62,1176.5,FLYING
7.3575,-6.3861e-16,0,5.4929,-5.2682e-18,0,0.0043894,0.0043894,0,1.1646e-16,0,98.619,1176.5,FLYING
7.36,-6.3862e-16,0,5.4929,-5.2184e-18,0,0.0043842,0.0043842,0,1.121e-16,0,98.619,1176.5,FLYING
7.3625,-6.3863e-16,0,5.4929,-5.1705e-18,0,0.004379,0.004379,0,1.0792e-16,0,98.618,1176.5,FLYING
7.365,-6.3864e-16,0,5.4929,-5.1243e-18,0,0.0043738,0.0043738,0,1.0391e-16,0,98.618,1176.5,FLYING
7.3675,-6.3866e-16,0,5.493,-5.0798e-18,0,0.0043686,0.0043686,0,9.9903e-17,0,98.617,1176.5,FLYING
7.37,-6.3867e-16,0,5.493,-5.0371e-18,0,0.0043634,0.0043634,0,9.5894e-17,0,98.617,1176.5,FLYING
7.3725,-6.3868e-16,0,5.493,-4.9961e-18,0,0.0043583,0.0043583,0,9.1886e-17,0,98.616,1176.5,FLYING
7.375,-6.3869e-16,0,5.493,-4.9568e-18,0,0.0043531,0.0043531,0,8.8049e-17,0,98.616,1176.6,FLYING
7.3775,-6.3871e-16,0,5.493,-4.9191e-18,0,0.004348,0.004348,0,8.4213e-17,0,98.616,1176.6,FLYING
7.38,-6.3872e-16,0,5.493,-4.8831e-18,0,0.0043428,0.0043428,0,8.0548e-17,0,98.615,1176.6,FLYING
7.3825,-6.3873e-16,0,5.493,-4.8486e-18,0,0.0043377,0.0043377,0,7.6883e-17,0,98.615,1176.6,FLYING
7.385,-6.3874e-16,0,5.493,-4.8157e-18,0,0.0043325,0.0043325,0,7.3389e-17,0,98.614,1176.6,FLYING
7.3875,-6.3876e-16,0,5.493,-4.7843e-18,0,0.0043274,0.0043274,0,6.9726e-17,0,98.614,1176.6,FLYING
7.39,-6.3877e-16,0,5.4931,-4.7545e-18,0,0.0043223,0.0043223,0,6.5895e-17,0,98.613,1176.6,FLYING
7.3925,-6.3878e-16,0,5.4931,-4.7263e-18,0,0.0043172,0.0043172,0,6.2064e-17,0,98.613,1176.6,FLYING
7.395,-6.3879e-16,0,5.4931,-4.6997e-18,0,0.004312,0.004312,0,5.8574e-17,0,98.612,1176.6,FLYING
7.3975,-6.388e-16,0,5.4931,-4.6747e-18,0,0.0043069,0.0043069,0,5.5424e-17,0,98.612,1176.6,FLYING
7.4,-6.3881e-16,0,5.4931,-4.651e-18,0,0.0043018,0.0043018,0,5.2614e-17,0,98.611,1176.6,FLYING
7.4025,-6.3883e-16,0,5.4931,-4.6285e-18,0,0.0042967,0.0042967,0,4.9974e-17,0,98.611,1176.6,FLYING
7.405,-6.3884e-16,0,5.4931,-4.6071e-18,0,0.0042917,0.0042917,0,4.7504e-17,0,98.611,1176.6,FLYING
7.4075,-6.3885e-16,0,5.4931,-4.5868e-18,0,0.0042866,0.0042866,0,4.5544e-17,0,98.61,1176.6,FLYING
7.41,-6.3886e-16,0,5.4931,-4.5673e-18,0,0.0042815,0.0042815,0,4.3585e-17,0,98.61,1176.6,FLYING
7.4125,-6.3887e-16,0,5.4932,-4.5486e-18,0,0.0042764,0.0042764,0,4.1626e-17,0,98.609,1176.6,FLYING
7.415,-6.3888e-16,0,5.4932,-4.5308e-18,0,0.0042714,0.0042714,0,3.9667e-17,0,98.609,1176.6,FLYING
7.4175,-6.3889e-16,0,5.4932,-4.5139e-18,0,0.0042663,0.0042663,0,3.7709e-17,0,98.608,1176.6,FLYING
7.42,-6.3891e-16,0,5.4932,-4.4977e-18,0,0.0042613,0.0042613,0,3.5751e-17,0,98.608,1176.6,FLYING
7.4225,-6.3892e-16,0,5.4932,-4.4824e-18,0,0.0042562,0.0042562,0,3.3794e-17,0,98.607,1176.6,FLYING
7.425,-6.3893e-16,0,5.4932,-4.468e-18,0,0.0042512,0.0042512,0,3.2007e-17,0,98.607,1176.6,FLYING
7.4275,-6.3894e-16,0,5.4932,-4.4543e-18,0,0.0042461,0.0042461,0,3.0391e-17,0,98.606,1176.6,FLYING
7.43,-6.3895e-16,0,5.4932,-4.4413e-18,0,0.0042411,0.0042411,0,2.8944e-17,0,98.606,1176.6,FLYING
7.4325,-6.3896e-16,0,5.4932,-4.4289e-18,0,0.0042361,0.0042361,0,2.7497e-17,0,98.605,1176.6,FLYING
7.435,-6.3897e-16,0,5.4933,-4.4171e-18,0,0.0042311,0.0042311,0,2.6221e-17,0,98.605,1176.6,FLYING
7.4375,-6.3898e-16,0,5.4933,-4.4059e-18,0,0.0042261,0.0042261,0,2.5284e-17,0,98.605,1176.6,FLYING
7.44,-6.3899e-16,0,5.4933,-4.3951e-18,0,0.0042211,0.0042211,0,2.4686e-17,0,98.604,1176.6,FLYING
7.4425,-6.39e-16,0,5.4933,-4.3845e-18,0,0.0042161,0.0042161,0,2.4259e-17,0,98.604,1176.6,FLYING
7.445,-6.3902e-16,0,5.4933,-4.3742e-18,0,0.0042111,0.0042111,0,2.4001e-17,0,98.603,1176.6,FLYING
7.4475,-6.3903e-16,0,5.4933,-4.3639e-18,0,0.0042061,0.0042061,0,2.4082e-17,0,98.603,1176.6,FLYING
7.45,-6.3904e-16,0,5.4933,-4.3536e-18,0,0.0042011,0.0042011,0,2.4164e-17,0,98.602,1176.6,FLYING
7.4525,-6.3905e-16,0,5.4933,-4.3432e-18,0,0.0041961,0.0041961,0,2.4075e-17,0,98.602,1176.6,FLYING
7.455,-6.3906e-16,0,5.4933,-4.3329e-18,0,0.0041912,0.0041912,0,2.3987e-17,0,98.601,1176.6,FLYING
7.4575,-6.3907e-16,0,5.4933,-4.3227e-18,0,0.0041862,0.0041862,0,2.3899e-17,0,98.601,1176.6,FLYING
7.46,-6.3908e-16,0,5.4934,-4.3125e-18,0,0.0041813,0.0041813,0,2.398e-17,0,98.6,1176.6,FLYING
7.4625,-6.3909e-16,0,5.4934,-4.3022e-18,0,0.0041763,0.0041763,0,2.4231e-17,0,98.6,1176.6,FLYING
7.465,-6.391e-16,0,5.4934,-4.2918e-18,0,0.0041714,0.0041714,0,2.4313e-17,0,98.6,1176.6,FLYING
7.4675,-6.3911e-16,0,5.4934,-4.2814e-18,0,0.0041664,0.0041664,0,2.4394e-17,0,98.599,1176.6,FLYING
7.47,-6.3912e-16,0,5.4934,-4.271e-18,0,0.0041615,0.0041615,0,2.4306e-17,0,98.599,1176.6,FLYING
7.4725,-6.3913e-16,0,5.4934,-4.2606e-18,0,0.0041566,0.0041566,0,2.4048e-17,0,98.598,1176.6,FLYING
7.475,-6.3915e-16,0,5.4934,-4.2503e-18,0,0.0041516,0.0041516,0,2.379e-17,0,98.598,1176.6,FLYING
7.4775,-6.3916e-16,0,5.4934,-4.2401e-18,0,0.0041467,0.0041467,0,2.3362e-17,0,98.597,1176.6,FLYING
7.48,-6.3917e-16,0,5.4934,-4.2301e-18,0,0.0041418,0.0041418,0,2.2766e-17,0,98.597,1176.6,FLYING
7.4825,-6.3918e-16,0,5.4934,-4.2204e-18,0,0.0041369,0.0041369,0,2.2169e-17,0,98.596,1176.6,FLYING
7.485,-6.3919e-16,0,5.4935,-4.2109e-18,0,0.004132,0.004132,0,2.1572e-17,0,98.596,1176.6,FLYING
7.4875,-6.392e-16,0,5.4935,-4.2017e-18,0,0.0041271,0.0041271,0,2.0976e-17,0,98.595,1176.6,FLYING
7.49,-6.3921e-16,0,5.4935,-4.1927e-18,0,0.0041222,0.0041222,0,2.0379e-17,0,98.595,1176.6,FLYING
7.4925,-6.3922e-16,0,5.4935,-4.184e-18,0,0.0041174,0.0041174,0,1.9953e-17,0,98.595,1176.6,FLYING
7.495,-6.3923e-16,0,5.4935,-4.1755e-18,0,0.0041125,0.0041125,0,1.9526e-17,0,98.594,1176.6,FLYING
7.4975,-6.3924e-16,0,5.4935,-4.1671e-18,0,0.0041076,0.0041076,0,1.9269e-17,0,98.594,1176.6,FLYING
7.5,-6.3925e-16,0,5.4935,-4.1589e-18,0,0.0041028,0.0041028,0,1.9182e-17,0,98.593,1176.6,FLYING
7.5025,-6.3926e-16,0,5.4935,-4.1506e-18,0,0.0040979,0.0040979,0,1.9095e-17,0,98.593,1176.6,FLYING
7.505,-6.3927e-16,0,5.4935,-4.1425e-18,0,0.0040931,0.0040931,0,1.8839e-17,0,98.592,1176.6,FLYING
7.5075,-6.3928e-16,0,5.4936,-4.1344e-18,0,0.0040882,0.0040882,0,1.8582e-17,0,98.592,1176.6,FLYING
7.51,-6.3929e-16,0,5.4936,-4.1265e-18,0,0.0040834,0.0040834,0,1.8326e-17,0,98.591,1176.6,FLYING
7.5125,-6.393e-16,0,5.4936,-4.1186e-18,0,0.0040785,0.0040785,0,1.79e-17,0,98.591,1176.6,FLYING
7.515,-6.3931e-16,0,5.4936,-4.111e-18,0,0.0040737,0.0040737,0,1.7304e-17,0,98.59,1176.6,FLYING
7.5175,-6.3932e-16,0,5.4936,-4.1036e-18,0,0.0040689,0.0040689,0,1.6539e-17,0,98.59,1176.6,FLYING
7.52,-6.3933e-16,0,5.4936,-4.0965e-18,0,0.0040641,0.0040641,0,1.5944e-17,0,98.59,1176.6,FLYING
7.5225,-6.3934e-16,0,5.4936,-4.0897e-18,0,0.0040593,0.0040593,0,1.5349e-17,0,98.589,1176.6,FLYING
7.525,-6.3935e-16,0,5.4936,-4.0831e-18,0,0.0040545,0.0040545,0,1.4754e-17,0,98.589,1176.6,FLYING
7.5275,-6.3936e-16,0,5.4936,-4.0768e-18,0,0.0040497,0.0040497,0,1.4159e-17,0,98.588,1176.6,FLYING
7.53,-6.3937e-16,0,5.4936,-4.0707e-18,0,0.0040449,0.0040449,0,1.3564e-17,0,98.588,1176.6,FLYING
7.5325,-6.3938e-16,0,5.4937,-4.0649e-18,0,0.0040401,0.0040401,0,1.28e-17,0,98.587,1176.6,FLYING
7.535,-6.3939e-16,0,5.4937,-4.0595e-18,0,0.0040353,0.0040353,0,1.1867e-17,0,98.587,1176.6,FLYING
7.5375,-6.394e-16,0,5.4937,-4.0544e-18,0,0.0040305,0.0040305,0,1.0933e-17,0,98.586,1176.6,FLYING
7.54,-6.3941e-16,0,5.4937,-4.0497e-18,0,0.0040257,0.0040257,0,1e-17,0,98.586,1176.6,FLYING
7.5425,-6.3942e-16,0,5.4937,-4.0454e-18,0,0.004021,0.004021,0,9.0673e-18,0,98.585,1176.6,FLYING
7.545,-6.3943e-16,0,5.4937,-4.0415e-18,0,0.0040162,0.0040162,0,8.3043e-18,0,98.585,1176.6,FLYING
7.5475,-6.3944e-16,0,5.4937,-4.038e-18,0,0.0040115,0.0040115,0,7.3718e-18,0,98.585,1176.6,FLYING
7.55,-6.3945e-16,0,5.4937,-4.0348e-18,0,0.0040067,0.0040067,0,6.4396e-18,0,98.584,1176.6,FLYING
7.5525,-6.3946e-16,0,5.4937,-4.0321e-18,0,0.004002,0.004002,0,5.8469e-18,0,98.584,1176.6,FLYING
7.555,-6.3947e-16,0,5.4937,-4.0296e-18,0,0.0039972,0.0039972,0,5.4239e-18,0,98.583,1176.6,FLYING
7.5575,-6.3948e-16,0,5.4938,-4.0273e-18,0,0.0039925,0.0039925,0,5.3404e-18,0,98.583,1176.6,FLYING
7.56,-6.3949e-16,0,5.4938,-4.025e-18,0,0.0039878,0.0039878,0,5.4264e-18,0,98.582,1176.6,FLYING
7.5625,-6.395e-16,0,5.4938,-4.0226e-18,0,0.0039831,0.0039831,0,6.0214e-18,0,98.582,1176.6,FLYING
7.565,-6.3951e-16,0,5.4938,-4.0201e-18,0,0.0039784,0.0039784,0,7.1251e-18,0,98.581,1176.6,FLYING
7.5675,-6.3952e-16,0,5.4938,-4.017e-18,0,0.0039736,0.0039736,0,8.5677e-18,0,98.581,1176.6,FLYING
7.57,-6.3953e-16,0,5.4938,-4.0134e-18,0,0.0039689,0.0039689,0,1.018e-17,0,98.58,1176.6,FLYING
7.5725,-6.3954e-16,0,5.4938,-4.009e-18,0,0.0039642,0.0039642,0,1.23e-17,0,98.58,1176.6,FLYING
7.575,-6.3955e-16,0,5.4938,-4.0037e-18,0,0.0039596,0.0039596,0,1.4759e-17,0,98.579,1176.6,FLYING
7.5775,-6.3956e-16,0,5.4938,-3.9974e-18,0,0.0039549,0.0039549,0,1.7048e-17,0,98.579,1176.6,FLYING
7.58,-6.3957e-16,0,5.4938,-3.9901e-18,0,0.0039502,0.0039502,0,1.9167e-17,0,98.579,1176.6,FLYING
7.5825,-6.3958e-16,0,5.4939,-3.9819e-18,0,0.0039455,0.0039455,0,2.1115e-17,0,98.578,1176.6,FLYING
7.585,-6.3959e-16,0,5.4939,-3.9729e-18,0,0.0039408,0.0039408,0,2.3063e-17,0,98.578,1176.6,FLYING
7.5875,-6.396e-16,0,5.4939,-3.963e-18,0,0.0039362,0.0039362,0,2.5181e-17,0,98.577,1176.6,FLYING
7.59,-6.3961e-16,0,5.4939,-3.9523e-18,0,0.0039315,0.0039315,0,2.7128e-17,0,98.577,1176.6,FLYING
7.5925,-6.3962e-16,0,5.4939,-3.9407e-18,0,0.0039269,0.0039269,0,2.9074e-17,0,98.576,1176.6,FLYING
7.595,-6.3963e-16,0,5.4939,-3.9282e-18,0,0.0039222,0.0039222,0,3.102e-17,0,98.576,1176.6,FLYING
7.5975,-6.3964e-16,0,5.4939,-3.9149e-18,0,0.0039176,0.0039176,0,3.2796e-17,0,98.575,1176.6,FLYING
7.6,-6.3965e-16,0,5.4939,-3.9009e-18,0,0.0039129,0.0039129,0,3.4572e-17,0,98.575,1176.6,FLYING
7.6025,-6.3966e-16,0,5.4939,-3.8861e-18,0,0.0039083,0.0039083,0,3.6347e-17,0,98.574,1176.6,FLYING
7.605,-6.3967e-16,0,5.4939,-3.8706e-18,0,0.0039037,0.0039037,0,3.8291e-17,0,98.574,1176.6,FLYING
7.6075,-6.3968e-16,0,5.494,-3.8542e-18,0,0.0038991,0.0038991,0,4.0404e-17,0,98.574,1176.6,FLYING
7.61,-6.3969e-16,0,5.494,-3.8369e-18,0,0.0038945,0.0038945,0,4.2687e-17,0,98.573,1176.6,FLYING
7.6125,-6.397e-16,0,5.494,-3.8186e-18,0,0.0038898,0.0038898,0,4.5308e-17,0,98.573,1176.6,FLYING
7.615,-6.3971e-16,0,5.494,-3.7993e-18,0,0.0038852,0.0038852,0,4.8438e-17,0,98.572,1176.6,FLYING
7.6175,-6.3972e-16,0,5.494,-3.7785e-18,0,0.0038806,0.0038806,0,5.1736e-17,0,98.572,1176.6,FLYING
7.62,-6.3973e-16,0,5.494,-3.7564e-18,0,0.0038761,0.0038761,0,5.5373e-17,0,98.571,1176.6,FLYING
7.6225,-6.3974e-16,0,5.494,-3.7327e-18,0,0.0038715,0.0038715,0,5.9008e-17,0,98.571,1176.6,FLYING
7.625,-6.3975e-16,0,5.494,-3.7075e-18,0,0.0038669,0.0038669,0,6.2304e-17,0,98.57,1176.6,FLYING
7.6275,-6.3976e-16,0,5.494,-3.6808e-18,0,0.0038623,0.0038623,0,6.509e-17,0,98.57,1176.6,FLYING
7.63,-6.3977e-16,0,5.494,-3.653e-18,0,0.0038577,0.0038577,0,6.7536e-17,0,98.569,1176.6,FLYING
7.6325,-6.3978e-16,0,5.494,-3.6241e-18,0,0.0038532,0.0038532,0,6.9811e-17,0,98.569,1176.6,FLYING
7.635,-6.3979e-16,0,5.4941,-3.5942e-18,0,0.0038486,0.0038486,0,7.1578e-17,0,98.569,1176.6,FLYING
7.6375,-6.3979e-16,0,5.4941,-3.5636e-18,0,0.0038441,0.0038441,0,7.2835e-17,0,98.568,1176.6,FLYING
7.64,-6.398e-16,0,5.4941,-3.5324e-18,0,0.0038395,0.0038395,0,7.3752e-17,0,98.568,1176.6,FLYING
7.6425,-6.3981e-16,0,5.4941,-3.5009e-18,0,0.003835,0.003835,0,7.4669e-17,0,98.567,1176.6,FLYING
7.645,-6.3982e-16,0,5.4941,-3.4689e-18,0,0.0038304,0.0038304,0,7.5586e-17,0,98.567,1176.6,FLYING
7.6475,-6.3983e-16,0,5.4941,-3.4366e-18,0,0.0038259,0.0038259,0,7.6503e-17,0,98.566,1176.6,FLYING
7.65,-6.3984e-16,0,5.4941,-3.4039e-18,0,0.0038214,0.0038214,0,7.7249e-17,0,98.566,1176.6,FLYING
7.6525,-6.3985e-16,0,5.4941,-3.3708e-18,0,0.0038168,0.0038168,0,7.7826e-17,0,98.565,1176.6,FLYING
7.655,-6.3985e-16,0,5.4941,-3.3375e-18,0,0.0038123,0.0038123,0,7.8234e-17,0,98.565,1176.6,FLYING
7.6575,-6.3986e-16,0,5.4941,-3.304e-18,0,0.0038078,0.0038078,0,7.8471e-17,0,98.564,1176.6,FLYING
7.66,-6.3987e-16,0,5.4942,-3.2705e-18,0,0.0038033,0.0038033,0,7.8878e-17,0,98.564,1176.6,FLYING
7.6625,-6.3988e-16,0,5.4942,-3.2367e-18,0,0.0037988,0.0037988,0,7.8776e-17,0,98.564,1176.6,FLYING
7.665,-6.3989e-16,0,5.4942,-3.203e-18,0,0.0037943,0.0037943,0,7.8335e-17,0,98.563,1176.6,FLYING
7.6675,-6.3989e-16,0,5.4942,-3.1695e-18,0,0.0037898,0.0037898,0,7.7555e-17,0,98.563,1176.6,FLYING
7.67,-6.399e-16,0,5.4942,-3.1363e-18,0,0.0037853,0.0037853,0,7.6775e-17,0,98.562,1176.6,FLYING
7.6725,-6.3991e-16,0,5.4942,-3.1035e-18,0,0.0037809,0.0037809,0,7.5825e-17,0,98.562,1176.6,FLYING
7.675,-6.3992e-16,0,5.4942,-3.071e-18,0,0.0037764,0.0037764,0,7.4876e-17,0,98.561,1176.6,FLYING
7.6775,-6.3993e-16,0,5.4942,-3.039e-18,0,0.0037719,0.0037719,0,7.4096e-17,0,98.561,1176.6,FLYING
7.68,-6.3993e-16,0,5.4942,-3.0073e-18,0,0.0037675,0.0037675,0,7.3317e-17,0,98.56,1176.6,FLYING
7.6825,-6.3994e-16,0,5.4942,-2.9759e-18,0,0.003763,0.003763,0,7.2538e-17,0,98.56,1176.6,FLYING
7.685,-6.3995e-16,0,5.4942,-2.9449e-18,0,0.0037586,0.0037586,0,7.1929e-17,0,98.559,1176.6,FLYING
7.6875,-6.3996e-16,0,5.4943,-2.9141e-18,0,0.0037541,0.0037541,0,7.132e-17,0,98.559,1176.6,FLYING
7.69,-6.3996e-16,0,5.4943,-2.8836e-18,0,0.0037497,0.0037497,0,7.0711e-17,0,98.559,1176.6,FLYING
7.6925,-6.3997e-16,0,5.4943,-2.8534e-18,0,0.0037452,0.0037452,0,7.0102e-17,0,98.558,1176.6,FLYING
7.695,-6.3998e-16,0,5.4943,-2.8234e-18,0,0.0037408,0.0037408,0,6.9493e-17,0,98.558,1176.6,FLYING
7.6975,-6.3998e-16,0,5.4943,-2.7937e-18,0,0.0037364,0.0037364,0,6.8715e-17,0,98.557,1176.6,FLYING
7.7,-6.3999e-16,0,5.4943,-2.7643e-18,0,0.0037319,0.0037319,0,6.7937e-17,0,98.557,1176.6,FLYING
7.7025,-6.4e-16,0,5.4943,-2.7352e-18,0,0.0037275,0.0037275,0,6.716e-17,0,98.556,1176.6,FLYING
7.705,-6.4e-16,0,5.4943,-2.7065e-18,0,0.0037231,0.0037231,0,6.6212e-17,0,98.556,1176.6,FLYING
7.7075,-6.4001e-16,0,5.4943,-2.6781e-18,0,0.0037187,0.0037187,0,6.5096e-17,0,98.555,1176.6,FLYING
7.71,-6.4002e-16,0,5.4943,-2.6503e-18,0,0.0037143,0.0037143,0,6.4149e-17,0,98.555,1176.6,FLYING
7.7125,-6.4002e-16,0,5.4943,-2.6228e-18,0,0.0037099,0.0037099,0,6.3372e-17,0,98.554,1176.6,FLYING
7.715,-6.4003e-16,0,5.4944,-2.5957e-18,0,0.0037055,0.0037055,0,6.2426e-17,0,98.554,1176.6,FLYING
7.7175,-6.4004e-16,0,5.4944,-2.569e-18,0,0.0037011,0.0037011,0,6.148e-17,0,98.553,1176.6,FLYING
7.72,-6.4004e-16,0,5.4944,-2.5427e-18,0,0.0036968,0.0036968,0,6.0365e-17,0,98.553,1176.6,FLYING
7.7225,-6.4005e-16,0,5.4944,-2.5169e-18,0,0.0036924,0.0036924,0,5.908e-17,0,98.553,1176.6,FLYING
7.725,-6.4006e-16,0,5.4944,-2.4916e-18,0,0.003688,0.003688,0,5.7626e-17,0,98.552,1176.6,FLYING
7.7275,-6.4006e-16,0,5.4944,-2.467e-18,0,0.0036837,0.0036837,0,5.6003e-17,0,98.552,1176.6,FLYING
7.73,-6.4007e-16,0,5.4944,-2.443e-18,0,0.0036793,0.0036793,0,5.438e-17,0,98.551,1176.6,FLYING
7.7325,-6.4007e-16,0,5.4944,-2.4197e-18,0,0.0036749,0.0036749,0,5.2588e-17,0,98.551,1176.6,FLYING
7.735,-6.4008e-16,0,5.4944,-2.3972e-18,0,0.0036706,0.0036706,0,5.0627e-17,0,98.55,1176.6,FLYING
7.7375,-6.4009e-16,0,5.4944,-2.3756e-18,0,0.0036663,0.0036663,0,4.8666e-17,0,98.55,1176.6,FLYING
7.74,-6.4009e-16,0,5.4945,-2.3548e-18,0,0.0036619,0.0036619,0,4.6875e-17,0,98.549,1176.6,FLYING
7.7425,-6.401e-16,0,5.4945,-2.3347e-18,0,0.0036576,0.0036576,0,4.4915e-17,0,98.549,1176.6,FLYING
7.745,-6.401e-16,0,5.4945,-2.3155e-18,0,0.0036533,0.0036533,0,4.2956e-17,0,98.548,1176.6,FLYING
7.7475,-6.4011e-16,0,5.4945,-2.2971e-18,0,0.0036489,0.0036489,0,4.0827e-17,0,98.548,1176.6,FLYING
7.75,-6.4011e-16,0,5.4945,-2.2796e-18,0,0.0036446,0.0036446,0,3.853e-17,0,98.548,1176.6,FLYING
7.7525,-6.4012e-16,0,5.4945,-2.2632e-18,0,0.0036403,0.0036403,0,3.6572e-17,0,98.547,1176.6,FLYING
7.755,-6.4013e-16,0,5.4945,-2.2475e-18,0,0.003636,0.003636,0,3.4784e-17,0,98.547,1176.6,FLYING
7.7575,-6.4013e-16,0,5.4945,-2.2326e-18,0,0.0036317,0.0036317,0,3.3167e-17,0,98.546,1176.6,FLYING
7.76,-6.4014e-16,0,5.4945,-2.2184e-18,0,0.0036274,0.0036274,0,3.1719e-17,0,98.546,1176.6,FLYING
7.7625,-6.4014e-16,0,5.4945,-2.2049e-18,0,0.0036231,0.0036231,0,3.0442e-17,0,98.545,1176.6,FLYING
7.765,-6.4015e-16,0,5.4945,-2.1919e-18,0,0.0036188,0.0036188,0,2.9504e-17,0,98.545,1176.6,FLYING
7.7675,-6.4015e-16,0,5.4946,-2.1792e-18,0,0.0036145,0.0036145,0,2.9075e-17,0,98.544,1176.6,FLYING
7.77,-6.4016e-16,0,5.4946,-2.1668e-18,0,0.0036103,0.0036103,0,2.8816e-17,0,98.544,1176.6,FLYING
7.7725,-6.4016e-16,0,5.4946,-2.1545e-18,0,0.003606,0.003606,0,2.8896e-17,0,98.543,1176.6,FLYING
7.775,-6.4017e-16,0,5.4946,-2.1421e-18,0,0.0036017,0.0036017,0,2.9146e-17,0,98.543,1176.6,FLYING
7.7775,-6.4018e-16,0,5.4946,-2.1296e-18,0,0.0035975,0.0035975,0,2.9735e-17,0,98.543,1176.6,FLYING
7.78,-6.4018e-16,0,5.4946,-2.1169e-18,0,0.0035932,0.0035932,0,3.0663e-17,0,98.542,1176.6,FLYING
7.7825,-6.4019e-16,0,5.4946,-2.1038e-18,0,0.003589,0.003589,0,3.193e-17,0,98.542,1176.6,FLYING
7.785,-6.4019e-16,0,5.4946,-2.0901e-18,0,0.0035847,0.0035847,0,3.3536e-17,0,98.541,1176.6,FLYING
7.7875,-6.402e-16,0,5.4946,-2.0758e-18,0,0.0035805,0.0035805,0,3.5311e-17,0,98.541,1176.6,FLYING
7.79,-6.402e-16,0,5.4946,-2.0607e-18,0,0.0035762,0.0035762,0,3.7595e-17,0,98.54,1176.6,FLYING
7.7925,-6.4021e-16,0,5.4946,-2.0446e-18,0,0.003572,0.003572,0,3.9709e-17,0,98.54,1176.6,FLYING
7.795,-6.4021e-16,0,5.4946,-2.0276e-18,0,0.0035678,0.0035678,0,4.1991e-17,0,98.539,1176.6,FLYING
7.7975,-6.4022e-16,0,5.4947,-2.0096e-18,0,0.0035636,0.0035636,0,4.4273e-17,0,98.539,1176.6,FLYING
7.8,-6.4022e-16,0,5.4947,-1.9907e-18,0,0.0035593,0.0035593,0,4.6894e-17,0,98.538,1176.6,FLYING
7.8025,-6.4023e-16,0,5.4947,-1.9706e-18,0,0.0035551,0.0035551,0,4.9854e-17,0,98.538,1176.6,FLYING
7.805,-6.4023e-16,0,5.4947,-1.9493e-18,0,0.0035509,0.0035509,0,5.3152e-17,0,98.538,1176.6,FLYING
7.8075,-6.4024e-16,0,5.4947,-1.9266e-18,0,0.0035467,0.0035467,0,5.6788e-17,0,98.537,1176.6,FLYING
7.81,-6.4024e-16,0,5.4947,-1.9023e-18,0,0.0035425,0.0035425,0,6.0593e-17,0,98.537,1176.6,FLYING
7.8125,-6.4025e-16,0,5.4947,-1.8763e-18,0,0.0035383,0.0035383,0,6.4906e-17,0,98.536,1176.6,FLYING
7.815,-6.4025e-16,0,5.4947,-1.8486e-18,0,0.0035342,0.0035342,0,6.9727e-17,0,98.536,1176.6,FLYING
7.8175,-6.4025e-16,0,5.4947,-1.8187e-18,0,0.00353,0.00353,0,7.4886e-17,0,98.535,1176.6,FLYING
7.82,-6.4026e-16,0,5.4947,-1.7867e-18,0,0.0035258,0.0035258,0,8.0213e-17,0,98.535,1176.6,FLYING
7.8225,-6.4026e-16,0,5.4947,-1.7524e-18,0,0.0035216,0.0035216,0,8.5369e-17,0,98.534,1176.6,FLYING
7.825,-6.4027e-16,0,5.4948,-1.7159e-18,0,0.0035175,0.0035175,0,9.0524e-17,0,98.534,1176.6,FLYING
7.8275,-6.4027e-16,0,5.4948,-1.6771e-18,0,0.0035133,0.0035133,0,9.5678e-17,0,98.533,1176.6,FLYING
7.83,-6.4028e-16,0,5.4948,-1.6362e-18,0,0.0035091,0.0035091,0,1.0066e-16,0,98.533,1176.6,FLYING
7.8325,-6.4028e-16,0,5.4948,-1.5931e-18,0,0.003505,0.003505,0,1.0547e-16,0,98.533,1176.6,FLYING
7.835,-6.4028e-16,0,5.4948,-1.548e-18,0,0.0035008,0.0035008,0,1.1011e-16,0,98.532,1176.6,FLYING
7.8375,-6.4029e-16,0,5.4948,-1.5009e-18,0,0.0034967,0.0034967,0,1.1475e-16,0,98.532,1176.6,FLYING
7.84,-6.4029e-16,0,5.4948,-1.4518e-18,0,0.0034926,0.0034926,0,1.1939e-16,0,98.531,1176.6,FLYING
7.8425,-6.4029e-16,0,5.4948,-1.4007e-18,0,0.0034884,0.0034884,0,1.2386e-16,0,98.531,1176.6,FLYING
7.845,-6.403e-16,0,5.4948,-1.3477e-18,0,0.0034843,0.0034843,0,1.2833e-16,0,98.53,1176.6,FLYING
7.8475,-6.403e-16,0,5.4948,-1.2928e-18,0,0.0034802,0.0034802,0,1.3279e-16,0,98.53,1176.6,FLYING
7.85,-6.403e-16,0,5.4948,-1.236e-18,0,0.0034761,0.0034761,0,1.3709e-16,0,98.529,1176.6,FLYING
7.8525,-6.4031e-16,0,5.4949,-1.1774e-18,0,0.003472,0.003472,0,1.4121e-16,0,98.529,1176.6,FLYING
7.855,-6.4031e-16,0,5.4949,-1.117e-18,0,0.0034678,0.0034678,0,1.4533e-16,0,98.528,1176.6,FLYING
7.8575,-6.4031e-16,0,5.4949,-1.0548e-18,0,0.0034637,0.0034637,0,1.4946e-16,0,98.528,1176.6,FLYING
7.86,-6.4032e-16,0,5.4949,-9.9085e-19,0,0.0034596,0.0034596,0,1.5375e-16,0,98.527,1176.6,FLYING
7.8625,-6.4032e-16,0,5.4949,-9.2508e-19,0,0.0034556,0.0034556,0,1.5804e-16,0,98.527,1176.6,FLYING
7.865,-6.4032e-16,0,5.4949,-8.5746e-19,0,0.0034515,0.0034515,0,1.6216e-16,0,98.527,1176.6,FLYING
7.8675,-6.4032e-16,0,5.4949,-7.8809e-19,0,0.0034474,0.0034474,0,1.661e-16,0,98.526,1176.6,FLYING
7.87,-6.4032e-16,0,5.4949,-7.1703e-19,0,0.0034433,0.0034433,0,1.7005e-16,0,98.526,1176.6,FLYING
7.8725,-6.4033e-16,0,5.4949,-6.4427e-19,0,0.0034392,0.0034392,0,1.74e-16,0,98.525,1176.6,FLYING
7.875,-6.4033e-16,0,5.4949,-5.6983e-19,0,0.0034352,0.0034352,0,1.7811e-16,0,98.525,1176.6,FLYING
7.8775,-6.4033e-16,0,5.4949,-4.9363e-19,0,0.0034311,0.0034311,0,1.8223e-16,0,98.524,1176.6,FLYING
7.88,-6.4033e-16,0,5.4949,-4.1567e-19,0,0.003427,0.003427,0,1.8634e-16,0,98.524,1176.6,FLYING
7.8825,-6.4033e-16,0,5.495,-3.3595e-19,0,0.003423,0.003423,0,1.9045e-16,0,98.523,1176.6,FLYING
7.885,-6.4033e-16,0,5.495,-2.5447e-19,0,0.0034189,0.0034189,0,1.9439e-16,0,98.523,1176.6,FLYING
7.8875,-6.4033e-16,0,5.495,-1.713e-19,0,0.0034149,0.0034149,0,1.9816e-16,0,98.522,1176.6,FLYING
7.89,-6.4033e-16,0,5.495,-8.6521e-20,0,0.0034108,0.0034108,0,2.0193e-16,0,98.522,1176.6,FLYING
7.8925,-6.4033e-16,0,5.495,-1.2807e-22,0,0.0034068,0.0034068,0,2.057e-16,0,98.522,1176.6,FLYING
7.895,-6.4033e-16,0,5.495,8.7877e-20,0,0.0034028,0.0034028,0,2.0947e-16,0,98.521,1176.6,FLYING
7.8975,-6.4033e-16,0,5.495,1.7749e-19,0,0.0033988,0.0033988,0,2.1341e-16,0,98.521,1176.6,FLYING
7.9,-6.4033e-16,0,5.495,2.6879e-19,0,0.0033947,0.0033947,0,2.1717e-16,0,98.52,1176.6,FLYING
7.9025,-6.4033e-16,0,5.495,3.6171e-19,0,0.0033907,0.0033907,0,2.2094e-16,0,98.52,1176.6,FLYING
7.905,-6.4033e-16,0,5.495,4.5623e-19,0,0.0033867,0.0033867,0,2.247e-16,0,98.519,1176.6,FLYING
7.9075,-6.4033e-16,0,5.495,5.5236e-19,0,0.0033827,0.0033827,0,2.283e-16,0,98.519,1176.6,FLYING
7.91,-6.4032e-16,0,5.495,6.5003e-19,0,0.0033787,0.0033787,0,2.3138e-16,0,98.518,1176.6,FLYING
7.9125,-6.4032e-16,0,5.4951,7.4902e-19,0,0.0033747,0.0033747,0,2.3429e-16,0,98.518,1176.6,FLYING
7.915,-6.4032e-16,0,5.4951,8.4926e-19,0,0.0033707,0.0033707,0,2.367e-16,0,98.517,1176.6,FLYING
7.9175,-6.4032e-16,0,5.4951,9.5053e-19,0,0.0033667,0.0033667,0,2.3876e-16,0,98.517,1176.6,FLYING
7.92,-6.4032e-16,0,5.4951,1.0527e-18,0,0.0033627,0.0033627,0,2.4048e-16,0,98.517,1176.6,FLYING
7.9225,-6.4031e-16,0,5.4951,1.1556e-18,0,0.0033588,0.0033588,0,2.417e-16,0,98.516,1176.6,FLYING
7.925,-6.4031e-16,0,5.4951,1.259e-18,0,0.0033548,0.0033548,0,2.4257e-16,0,98.516,1176.6,FLYING
7.9275,-6.4031e-16,0,5.4951,1.3627e-18,0,0.0033508,0.0033508,0,2.4311e-16,0,98.515,1176.6,FLYING
7.93,-6.403e-16,0,5.4951,1.4668e-18,0,0.0033469,0.0033469,0,2.4331e-16,0,98.515,1176.6,FLYING
7.9325,-6.403e-16,0,5.4951,1.5708e-18,0,0.0033429,0.0033429,0,2.4333e-16,0,98.514,1176.6,FLYING
7.935,-6.4029e-16,0,5.4951,1.6749e-18,0,0.0033389,0.0033389,0,2.4302e-16,0,98.514,1176.6,FLYING
7.9375,-6.4029e-16,0,5.4951,1.7789e-18,0,0.003335,0.003335,0,2.4254e-16,0,98.513,1176.6,FLYING
7.94,-6.4029e-16,0,5.4951,1.8827e-18,0,0.003331,0.003331,0,2.4155e-16,0,98.513,1176.6,FLYING
7.9425,-6.4028e-16,0,5.4952,1.986e-18,0,0.0033271,0.0033271,0,2.4005e-16,0,98.512,1176.6,FLYING
7.945,-6.4028e-16,0,5.4952,2.0887e-18,0,0.0033232,0.0033232,0,2.3804e-16,0,98.512,1176.6,FLYING
7.9475,-6.4027e-16,0,5.4952,2.1906e-18,0,0.0033192,0.0033192,0,2.3586e-16,0,98.512,1176.6,FLYING
7.95,-6.4026e-16,0,5.4952,2.2915e-18,0,0.0033153,0.0033153,0,2.3335e-16,0,98.511,1176.6,FLYING
7.9525,-6.4026e-16,0,5.4952,2.3913e-18,0,0.0033114,0.0033114,0,2.3066e-16,0,98.511,1176.6,FLYING
7.955,-6.4025e-16,0,5.4952,2.49e-18,0,0.0033075,0.0033075,0,2.2747e-16,0,98.51,1176.6,FLYING
7.9575,-6.4025e-16,0,5.4952,2.5873e-18,0,0.0033036,0.0033036,0,2.2394e-16,0,98.51,1176.6,FLYING
7.96,-6.4024e-16,0,5.4952,2.6831e-18,0,0.0032997,0.0032997,0,2.2024e-16,0,98.509,1176.6,FLYING
7.9625,-6.4023e-16,0,5.4952,2.7773e-18,0,0.0032958,0.0032958,0,2.1637e-16,0,98.509,1176.6,FLYING
7.965,-6.4022e-16,0,5.4952,2.8699e-18,0,0.0032919,0.0032919,0,2.1216e-16,0,98.508,1176.6,FLYING
7.9675,-6.4022e-16,0,5.4952,2.9607e-18,0,0.003288,0.003288,0,2.0795e-16,0,98.508,1176.6,FLYING
7.97,-6.4021e-16,0,5.4952,3.0496e-18,0,0.0032841,0.0032841,0,2.0375e-16,0,98.507,1176.6,FLYING
7.9725,-6.402e-16,0,5.4953,3.1368e-18,0,0.0032802,0.0032802,0,1.9954e-16,0,98.507,1176.6,FLYING
7.975,-6.4019e-16,0,5.4953,3.2222e-18,0,0.0032763,0.0032763,0,1.9534e-16,0,98.507,1176.6,FLYING
7.9775,-6.4019e-16,0,5.4953,3.3057e-18,0,0.0032724,0.0032724,0,1.9148e-16,0,98.506,1176.6,FLYING
7.98,-6.4018e-16,0,5.4953,3.3877e-18,0,0.0032686,0.0032686,0,1.8795e-16,0,98.506,1176.6,FLYING
7.9825,-6.4017e-16,0,5.4953,3.4681e-18,0,0.0032647,0.0032647,0,1.846e-16,0,98.505,1176.6,FLYING
7.985,-6.4016e-16,0,5.4953,3.547e-18,0,0.0032608,0.0032608,0,1.8159e-16,0,98.505,1176.6,FLYING
7.9875,-6.4015e-16,0,5.4953,3.6247e-18,0,0.003257,0.003257,0,1.7892e-16,0,98.504,1176.6,FLYING
7.99,-6.4014e-16,0,5.4953,3.7013e-18,0,0.0032531,0.0032531,0,1.7642e-16,0,98.504,1176.6,FLYING
7.9925,-6.4013e-16,0,5.4953,3.7768e-18,0,0.0032493,0.0032493,0,1.7425e-16,0,98.503,1176.6,FLYING
7.995,-6.4012e-16,0,5.4953,3.8513e-18,0,0.0032454,0.0032454,0,1.7243e-16,0,98.503,1176.6,FLYING
7.9975,-6.4011e-16,0,5.4953,3.9251e-18,0,0.0032416,0.0032416,0,1.7095e-16,0,98.502,1176.6,FLYING
8,-6.401e-16,0,5.4953,3.9982e-18,0,0.0032378,0.0032378,0,1.6964e-16,0,98.502,1176.6,FLYING
8.0025,-6.4009e-16,0,5.4954,4.0708e-18,0,0.0032339,0.0032339,0,1.6849e-16,0,98.501,1176.6,FLYING
8.005,-6.4008e-16,0,5.4954,4.1429e-18,0,0.0032301,0.0032301,0,1.6769e-16,0,98.501,1176.6,FLYING
8.0075,-6.4007e-16,0,5.4954,4.2146e-18,0,0.0032263,0.0032263,0,1.6706e-16,0,98.501,1176.6,FLYING
8.01,-6.4006e-16,0,5.4954,4.2861e-18,0,0.0032225,0.0032225,0,1.6693e-16,0,98.5,1176.6,FLYING
8.0125,-6.4005e-16,0,5.4954,4.3575e-18,0,0.0032186,0.0032186,0,1.6732e-16,0,98.5,1176.6,FLYING
8.015,-6.4004e-16,0,5.4954,4.4291e-18,0,0.0032148,0.0032148,0,1.6787e-16,0,98.499,1176.6,FLYING
8.0175,-6.4003e-16,0,5.4954,4.5009e-18,0,0.003211,0.003211,0,1.6877e-16,0,98.499,1176.6,FLYING
8.02,-6.4002e-16,0,5.4954,4.5731e-18,0,0.0032072,0.0032072,0,1.7017e-16,0,98.498,1176.6,FLYING
8.0225,-6.4e-16,0,5.4954,4.6459e-18,0,0.0032034,0.0032034,0,1.7174e-16,0,98.498,1176.6,FLYING
8.025,-6.3999e-16,0,5.4954,4.7194e-18,0,0.0031997,0.0031997,0,1.7365e-16,0,98.497,1176.6,FLYING
8.0275,-6.3998e-16,0,5.4954,4.7937e-18,0,0.0031959,0.0031959,0,1.759e-16,0,98.497,1176.6,FLYING
8.03,-6.3997e-16,0,5.4954,4.8689e-18,0,0.0031921,0.0031921,0,1.7849e-16,0,98.496,1176.6,FLYING
8.0325,-6.3996e-16,0,5.4955,4.9453e-18,0,0.0031883,0.0031883,0,1.8142e-16,0,98.496,1176.6,FLYING
8.035,-6.3994e-16,0,5.4955,5.0229e-18,0,0.0031845,0.0031845,0,1.8468e-16,0,98.496,1176.6,FLYING
8.0375,-6.3993e-16,0,5.4955,5.1019e-18,0,0.0031808,0.0031808,0,1.8828e-16,0,98.495,1176.6,FLYING
8.04,-6.3992e-16,0,5.4955,5.1825e-18,0,0.003177,0.003177,0,1.9206e-16,0,98.495,1176.6,FLYING
8.0425,-6.399e-16,0,5.4955,5.2647e-18,0,0.0031733,0.0031733,0,1.96e-16,0,98.494,1176.6,FLYING
8.045,-6.3989e-16,0,5.4955,5.3485e-18,0,0.0031695,0.0031695,0,2.0011e-16,0,98.494,1176.6,FLYING
8.0475,-6.3988e-16,0,5.4955,5.4341e-18,0,0.0031657,0.0031657,0,2.0455e-16,0,98.493,1176.6,FLYING
8.05,-6.3986e-16,0,5.4955,5.5216e-18,0,0.003162,0.003162,0,2.0934e-16,0,98.493,1176.6,FLYING
8.0525,-6.3985e-16,0,5.4955,5.6112e-18,0,0.0031583,0.0031583,0,2.1446e-16,0,98.492,1176.6,FLYING
8.055,-6.3984e-16,0,5.4955,5.703e-18,0,0.0031545,0.0031545,0,2.201e-16,0,98.492,1176.6,FLYING
8.0575,-6.3982e-16,0,5.4955,5.7971e-18,0,0.0031508,0.0031508,0,2.259e-16,0,98.491,1176.6,FLYING
8.06,-6.3981e-16,0,5.4955,5.8938e-18,0,0.0031471,0.0031471,0,2.3203e-16,0,98.491,1176.6,FLYING
8.0625,-6.3979e-16,0,5.4955,5.993e-18,0,0.0031433,0.0031433,0,2.3851e-16,0,98.491,1176.6,FLYING
8.065,-6.3978e-16,0,5.4956,6.0951e-18,0,0.0031396,0.0031396,0,2.4515e-16,0,98.49,1176.6,FLYING
8.0675,-6.3976e-16,0,5.4956,6.2e-18,0,0.0031359,0.0031359,0,2.5196e-16,0,98.49,1176.6,FLYING
8.07,-6.3974e-16,0,5.4956,6.3078e-18,0,0.0031322,0.0031322,0,2.5877e-16,0,98.489,1176.6,FLYING
8.0725,-6.3973e-16,0,5.4956,6.4185e-18,0,0.0031285,0.0031285,0,2.6541e-16,0,98.489,1176.6,FLYING
8.075,-6.3971e-16,0,5.4956,6.532e-18,0,0.0031248,0.0031248,0,2.7222e-16,0,98.488,1176.6,FLYING
8.0775,-6.397e-16,0,5.4956,6.6485e-18,0,0.0031211,0.0031211,0,2.7885e-16,0,98.488,1176.6,FLYING
8.08,-6.3968e-16,0,5.4956,6.7678e-18,0,0.0031174,0.0031174,0,2.8532e-16,0,98.487,1176.6,FLYING
8.0825,-6.3966e-16,0,5.4956,6.8898e-18,0,0.0031137,0.0031137,0,2.9178e-16,0,98.487,1176.6,FLYING
8.085,-6.3964e-16,0,5.4956,7.0147e-18,0,0.00311,0.00311,0,2.9807e-16,0,98.486,1176.6,FLYING
8.0875,-6.3963e-16,0,5.4956,7.1422e-18,0,0.0031064,0.0031064,0,3.0385e-16,0,98.486,1176.6,FLYING
8.09,-6.3961e-16,0,5.4956,7.2722e-18,0,0.0031027,0.0031027,0,3.0929e-16,0,98.486,1176.6,FLYING
8.0925,-6.3959e-16,0,5.4956,7.4045e-18,0,0.003099,0.003099,0,3.1439e-16,0,98.485,1176.6,FLYING
8.095,-6.3957e-16,0,5.4956,7.539e-18,0,0.0030953,0.0030953,0,3.1915e-16,0,98.485,1176.6,FLYING
8.0975,-6.3955e-16,0,5.4957,7.6756e-18,0,0.0030917,0.0030917,0,3.2356e-16,0,98.484,1176.6,FLYING
8.1,-6.3953e-16,0,5.4957,7.814e-18,0,0.003088,0.003088,0,3.2747e-16,0,98.484,1176.6,FLYING
8.1025,-6.3951e-16,0,5.4957,7.9541e-18,0,0.0030844,0.0030844,0,3.3104e-16,0,98.483,1176.6,FLYING
8.105,-6.3949e-16,0,5.4957,8.0957e-18,0,0.0030807,0.0030807,0,3.3444e-16,0,98.483,1176.6,FLYING
8.1075,-6.3947e-16,0,5.4957,8.2388e-18,0,0.0030771,0.0030771,0,3.3732e-16,0,98.482,1176.6,FLYING
8.11,-6.3945e-16,0,5.4957,8.3831e-18,0,0.0030734,0.0030734,0,3.4004e-16,0,98.482,1176.6,FLYING
8.1125,-6.3943e-16,0,5.4957,8.5286e-18,0,0.0030698,0.0030698,0,3.4259e-16,0,98.481,1176.6,FLYING
8.115,-6.3941e-16,0,5.4957,8.6752e-18,0,0.0030662,0.0030662,0,3.4496e-16,0,98.481,1176.6,FLYING
8.1175,-6.3938e-16,0,5.4957,8.8228e-18,0,0.0030625,0.0030625,0,3.47e-16,0,98.481,1176.6,FLYING
8.12,-6.3936e-16,0,5.4957,8.9712e-18,0,0.0030589,0.0030589,0,3.4853e-16,0,98.48,1176.6,FLYING
8.1225,-6.3934e-16,0,5.4957,9.1203e-18,0,0.0030553,0.0030553,0,3.4955e-16,0,98.48,1176.6,FLYING
8.125,-6.3932e-16,0,5.4957,9.2699e-18,0,0.0030517,0.0030517,0,3.5023e-16,0,98.479,1176.6,FLYING
8.1275,-6.3929e-16,0,5.4957,9.4197e-18,0,0.0030481,0.0030481,0,3.5056e-16,0,98.479,1176.6,FLYING
8.13,-6.3927e-16,0,5.4958,9.5697e-18,0,0.0030445,0.0030445,0,3.5039e-16,0,98.478,1176.6,FLYING
8.1325,-6.3924e-16,0,5.4958,9.7196e-18,0,0.0030409,0.0030409,0,3.4989e-16,0,98.478,1176.6,FLYING
8.135,-6.3922e-16,0,5.4958,9.8693e-18,0,0.0030373,0.0030373,0,3.4904e-16,0,98.477,1176.6,FLYING
8.1375,-6.392e-16,0,5.4958,1.0019e-17,0,0.0030337,0.0030337,0,3.4785e-16,0,98.477,1176.6,FLYING
8.14,-6.3917e-16,0,5.4958,1.0167e-17,0,0.0030301,0.0030301,0,3.4649e-16,0,98.476,1176.6,FLYING
8.1425,-6.3914e-16,0,5.4958,1.0316e-17,0,0.0030265,0.0030265,0,3.448e-16,0,98.476,1176.6,FLYING
8.145,-6.3912e-16,0,5.4958,1.0463e-17,0,0.0030229,0.0030229,0,3.4276e-16,0,98.475,1176.6,FLYING
8.1475,-6.3909e-16,0,5.4958,1.061e-17,0,0.0030194,0.0030194,0,3.4039e-16,0,98.475,1176.6,FLYING
8.15,-6.3906e-16,0,5.4958,1.0755e-17,0,0.0030158,0.0030158,0,3.3768e-16,0,98.475,1176.6,FLYING
8.1525,-6.3904e-16,0,5.4958,1.09e-17,0,0.0030122,0.0030122,0,3.3463e-16,0,98.474,1176.6,FLYING
8.155,-6.3901e-16,0,5.4958,1.1043e-17,0,0.0030087,0.0030087,0,3.3107e-16,0,98.474,1176.6,FLYING
8.1575,-6.3898e-16,0,5.4958,1.1185e-17,0,0.0030051,0.0030051,0,3.2751e-16,0,98.473,1176.6,FLYING
8.16,-6.3895e-16,0,5.4958,1.1325e-17,0,0.0030015,0.0030015,0,3.2396e-16,0,98.473,1176.6,FLYING
8.1625,-6.3892e-16,0,5.4959,1.1463e-17,0,0.002998,0.002998,0,3.204e-16,0,98.472,1176.6,FLYING
8.165,-6.389e-16,0,5.4959,1.1601e-17,0,0.0029944,0.0029944,0,3.1701e-16,0,98.472,1176.6,FLYING
8.1675,-6.3887e-16,0,5.4959,1.1736e-17,0,0.0029909,0.0029909,0,3.1363e-16,0,98.471,1176.6,FLYING
8.17,-6.3884e-16,0,5.4959,1.187e-17,0,0.0029874,0.0029874,0,3.1042e-16,0,98.471,1176.6,FLYING
8.1725,-6.3881e-16,0,5.4959,1.2003e-17,0,0.0029838,0.0029838,0,3.0703e-16,0,98.47,1176.6,FLYING
8.175,-6.3878e-16,0,5.4959,1.2135e-17,0,0.0029803,0.0029803,0,3.0365e-16,0,98.47,1176.6,FLYING
8.1775,-6.3875e-16,0,5.4959,1.2264e-17,0,0.0029768,0.0029768,0,3.0027e-16,0,98.47,1176.6,FLYING
8.18,-6.3871e-16,0,5.4959,1.2393e-17,0,0.0029733,0.0029733,0,2.9706e-16,0,98.469,1176.6,FLYING
8.1825,-6.3868e-16,0,5.4959,1.252e-17,0,0.0029697,0.0029697,0,2.9385e-16,0,98.469,1176.6,FLYING
8.185,-6.3865e-16,0,5.4959,1.2646e-17,0,0.0029662,0.0029662,0,2.9064e-16,0,98.468,1176.6,FLYING
8.1875,-6.3862e-16,0,5.4959,1.277e-17,0,0.0029627,0.0029627,0,2.8743e-16,0,98.468,1176.6,FLYING
8.19,-6.3859e-16,0,5.4959,1.2893e-17,0,0.0029592,0.0029592,0,2.8423e-16,0,98.467,1176.6,FLYING
8.1925,-6.3855e-16,0,5.4959,1.3015e-17,0,0.0029557,0.0029557,0,2.8085e-16,0,98.467,1176.6,FLYING
8.195,-6.3852e-16,0,5.4959,1.3135e-17,0,0.0029522,0.0029522,0,2.773e-16,0,98.466,1176.6,FLYING
8.1975,-6.3849e-16,0,5.496,1.3253e-17,0,0.0029487,0.0029487,0,2.7359e-16,0,98.466,1176.6,FLYING
8.2,-6.3846e-16,0,5.496,1.337e-17,0,0.0029452,0.0029452,0,2.6988e-16,0,98.465,1176.6,FLYING
8.2025,-6.3842e-16,0,5.496,1.3486e-17,0,0.0029417,0.0029417,0,2.6617e-16,0,98.465,1176.6,FLYING
8.205,-6.3839e-16,0,5.496,1.36e-17,0,0.0029383,0.0029383,0,2.6262e-16,0,98.465,1176.6,FLYING
8.2075,-6.3835e-16,0,5.496,1.3712e-17,0,0.0029348,0.0029348,0,2.5891e-16,0,98.464,1176.6,FLYING
8.21,-6.3832e-16,0,5.496,1.3823e-17,0,0.0029313,0.0029313,0,2.5521e-16,0,98.464,1176.6,FLYING
8.2125,-6.3828e-16,0,5.496,1.3932e-17,0,0.0029279,0.0029279,0,2.515e-16,0,98.463,1176.6,FLYING
8.215,-6.3825e-16,0,5.496,1.404e-17,0,0.0029244,0.0029244,0,2.4762e-16,0,98.463,1176.6,FLYING
8.2175,-6.3821e-16,0,5.496,1.4146e-17,0,0.0029209,0.0029209,0,2.4374e-16,0,98.462,1176.6,FLYING
8.22,-6.3818e-16,0,5.496,1.425e-17,0,0.0029175,0.0029175,0,2.3987e-16,0,98.462,1176.6,FLYING
8.2225,-6.3814e-16,0,5.496,1.4353e-17,0,0.002914,0.002914,0,2.3599e-16,0,98.461,1176.6,FLYING
8.225,-6.3811e-16,0,5.496,1.4454e-17,0,0.0029106,0.0029106,0,2.3212e-16,0,98.461,1176.6,FLYING
8.2275,-6.3807e-16,0,5.496,1.4553e-17,0,0.0029071,0.0029071,0,2.2825e-16,0,98.46,1176.6,FLYING
8.23,-6.3803e-16,0,5.4961,1.4651e-17,0,0.0029037,0.0029037,0,2.2421e-16,0,98.46,1176.6,FLYING
8.2325,-6.38e-16,0,5.4961,1.4746e-17,0,0.0029003,0.0029003,0,2.2017e-16,0,98.46,1176.6,FLYING
8.235,-6.3796e-16,0,5.4961,1.4841e-17,0,0.0028968,0.0028968,0,2.163e-16,0,98.459,1176.6,FLYING
8.2375,-6.3792e-16,0,5.4961,1.4933e-17,0,0.0028934,0.0028934,0,2.1226e-16,0,98.459,1176.6,FLYING
8.24,-6.3788e-16,0,5.4961,1.5024e-17,0,0.00289,0.00289,0,2.0789e-16,0,98.458,1176.6,FLYING
8.2425,-6.3785e-16,0,5.4961,1.5113e-17,0,0.0028866,0.0028866,0,2.0334e-16,0,98.458,1176.6,FLYING
8.245,-6.3781e-16,0,5.4961,1.52e-17,0,0.0028831,0.0028831,0,1.9897e-16,0,98.457,1176.6,FLYING
8.2475,-6.3777e-16,0,5.4961,1.5285e-17,0,0.0028797,0.0028797,0,1.9476e-16,0,98.457,1176.6,FLYING
8.25,-6.3773e-16,0,5.4961,1.5368e-17,0,0.0028763,0.0028763,0,1.9056e-16,0,98.456,1176.6,FLYING
8.2525,-6.3769e-16,0,5.4961,1.545e-17,0,0.0028729,0.0028729,0,1.8619e-16,0,98.456,1176.6,FLYING
8.255,-6.3765e-16,0,5.4961,1.553e-17,0,0.0028695,0.0028695,0,1.8216e-16,0,98.455,1176.6,FLYING
8.2575,-6.3762e-16,0,5.4961,1.5607e-17,0,0.0028661,0.0028661,0,1.783e-16,0,98.455,1176.6,FLYING
8.26,-6.3758e-16,0,5.4961,1.5684e-17,0,0.0028627,0.0028627,0,1.7478e-16,0,98.455,1176.6,FLYING
8.2625,-6.3754e-16,0,5.4961,1.5759e-17,0,0.0028594,0.0028594,0,1.7126e-16,0,98.454,1176.6,FLYING
8.265,-6.375e-16,0,5.4962,1.5832e-17,0,0.002856,0.002856,0,1.6758e-16,0,98.454,1176.6,FLYING
8.2675,-6.3746e-16,0,5.4962,1.5904e-17,0,0.0028526,0.0028526,0,1.6389e-16,0,98.453,1176.6,FLYING
8.27,-6.3742e-16,0,5.4962,1.5974e-17,0,0.0028492,0.0028492,0,1.6021e-16,0,98.453,1176.6,FLYING
8.2725,-6.3738e-16,0,5.4962,1.6042e-17,0,0.0028458,0.0028458,0,1.5652e-16,0,98.452,1176.6,FLYING
8.275,-6.3734e-16,0,5.4962,1.6109e-17,0,0.0028425,0.0028425,0,1.5284e-16,0,98.452,1176.6,FLYING
8.2775,-6.373e-16,0,5.4962,1.6175e-17,0,0.0028391,0.0028391,0,1.4899e-16,0,98.451,1176.6,FLYING
8.28,-6.3726e-16,0,5.4962,1.6238e-17,0,0.0028358,0.0028358,0,1.4513e-16,0,98.451,1176.6,FLYING
8.2825,-6.3722e-16,0,5.4962,1.63e-17,0,0.0028324,0.0028324,0,1.4128e-16,0,98.45,1176.6,FLYING
8.285,-6.3717e-16,0,5.4962,1.6361e-17,0,0.0028291,0.0028291,0,1.3726e-16,0,98.45,1176.6,FLYING
8.2875,-6.3713e-16,0,5.4962,1.642e-17,0,0.0028257,0.0028257,0,1.3308e-16,0,98.449,1176.6,FLYING
8.29,-6.3709e-16,0,5.4962,1.6476e-17,0,0.0028224,0.0028224,0,1.2872e-16,0,98.449,1176.6,FLYING
8.2925,-6.3705e-16,0,5.4962,1.6532e-17,0,0.002819,0.002819,0,1.2453e-16,0,98.449,1176.6,FLYING
8.295,-6.3701e-16,0,5.4962,1.6585e-17,0,0.0028157,0.0028157,0,1.2035e-16,0,98.448,1176.6,FLYING
8.2975,-6.3697e-16,0,5.4962,1.6636e-17,0,0.0028124,0.0028124,0,1.1617e-16,0,98.448,1176.6,FLYING
8.3,-6.3693e-16,0,5.4963,1.6686e-17,0,0.002809,0.002809,0,1.1198e-16,0,98.447,1176.6,FLYING
8.3025,-6.3688e-16,0,5.4963,1.6734e-17,0,0.0028057,0.0028057,0,1.078e-16,0,98.447,1176.6,FLYING
8.305,-6.3684e-16,0,5.4963,1.678e-17,0,0.0028024,0.0028024,0,1.0362e-16,0,98.446,1176.6,FLYING
8.3075,-6.368e-16,0,5.4963,1.6824e-17,0,0.0027991,0.0027991,0,9.9953e-17,0,98.446,1176.6,FLYING
8.31,-6.3676e-16,0,5.4963,1.6867e-17,0,0.0027958,0.0027958,0,9.6623e-17,0,98.445,1176.6,FLYING
8.3125,-6.3672e-16,0,5.4963,1.6908e-17,0,0.0027925,0.0027925,0,9.3463e-17,0,98.445,1176.6,FLYING
8.315,-6.3667e-16,0,5.4963,1.6948e-17,0,0.0027892,0.0027892,0,9.0813e-17,0,98.444,1176.6,FLYING
8.3175,-6.3663e-16,0,5.4963,1.6987e-17,0,0.0027859,0.0027859,0,8.8333e-17,0,98.444,1176.6,FLYING
8.32,-6.3659e-16,0,5.4963,1.7025e-17,0,0.0027826,0.0027826,0,8.5854e-17,0,98.444,1176.6,FLYING
8.3225,-6.3655e-16,0,5.4963,1.7062e-17,0,0.0027793,0.0027793,0,8.3376e-17,0,98.443,1176.6,FLYING
8.325,-6.365e-16,0,5.4963,1.7098e-17,0,0.002776,0.002776,0,8.0728e-17,0,98.443,1176.6,FLYING
8.3275,-6.3646e-16,0,5.4963,1.7132e-17,0,0.0027727,0.0027727,0,7.7912e-17,0,98.442,1176.6,FLYING
8.33,-6.3642e-16,0,5.4963,1.7165e-17,0,0.0027694,0.0027694,0,7.5096e-17,0,98.442,1176.6,FLYING
8.3325,-6.3637e-16,0,5.4963,1.7198e-17,0,0.0027661,0.0027661,0,7.2281e-17,0,98.441,1176.6,FLYING
8.335,-6.3633e-16,0,5.4963,1.7228e-17,0,0.0027629,0.0027629,0,6.9466e-17,0,98.441,1176.6,FLYING
8.3375,-6.3629e-16,0,5.4964,1.7258e-17,0,0.0027596,0.0027596,0,6.6483e-17,0,98.44,1176.6,FLYING
8.34,-6.3624e-16,0,5.4964,1.7287e-17,0,0.0027563,0.0027563,0,6.3331e-17,0,98.44,1176.6,FLYING
8.3425,-6.362e-16,0,5.4964,1.7314e-17,0,0.0027531,0.0027531,0,6.018e-17,0,98.439,1176.6,FLYING
8.345,-6.3616e-16,0,5.4964,1.7339e-17,0,0.0027498,0.0027498,0,5.7199e-17,0,98.439,1176.6,FLYING
8.3475,-6.3611e-16,0,5.4964,1.7364e-17,0,0.0027466,0.0027466,0,5.4049e-17,0,98.439,1176.6,FLYING
8.35,-6.3607e-16,0,5.4964,1.7387e-17,0,0.0027433,0.0027433,0,5.09e-17,0,98.438,1176.6,FLYING
8.3525,-6.3603e-16,0,5.4964,1.7409e-17,0,0.0027401,0.0027401,0,4.7582e-17,0,98.438,1176.6,FLYING
8.355,-6.3598e-16,0,5.4964,1.7429e-17,0,0.0027368,0.0027368,0,4.4095e-17,0,98.437,1176.6,FLYING
8.3575,-6.3594e-16,0,5.4964,1.7448e-17,0,0.0027336,0.0027336,0,4.0779e-17,0,98.437,1176.6,FLYING
8.36,-6.359e-16,0,5.4964,1.7465e-17,0,0.0027304,0.0027304,0,3.7463e-17,0,98.436,1176.6,FLYING
8.3625,-6.3585e-16,0,5.4964,1.7482e-17,0,0.0027271,0.0027271,0,3.4149e-17,0,98.436,1176.6,FLYING
8.365,-6.3581e-16,0,5.4964,1.7496e-17,0,0.0027239,0.0027239,0,3.0666e-17,0,98.435,1176.6,FLYING
8.3675,-6.3577e-16,0,5.4964,1.7509e-17,0,0.0027207,0.0027207,0,2.7013e-17,0,98.435,1176.6,FLYING
8.37,-6.3572e-16,0,5.4964,1.7521e-17,0,0.0027175,0.0027175,0,2.3362e-17,0,98.434,1176.6,FLYING
8.3725,-6.3568e-16,0,5.4965,1.7531e-17,0,0.0027142,0.0027142,0,1.9542e-17,0,98.434,1176.6,FLYING
8.375,-6.3563e-16,0,5.4965,1.7539e-17,0,0.002711,0.002711,0,1.5554e-17,0,98.434,1176.6,FLYING
8.3775,-6.3559e-16,0,5.4965,1.7546e-17,0,0.0027078,0.0027078,0,1.1566e-17,0,98.433,1176.6,FLYING
8.38,-6.3555e-16,0,5.4965,1.7551e-17,0,0.0027046,0.0027046,0,7.5795e-18,0,98.433,1176.6,FLYING
8.3825,-6.355e-16,0,5.4965,1.7554e-17,0,0.0027014,0.0027014,0,3.594e-18,0,98.432,1176.6,FLYING
8.385,-6.3546e-16,0,5.4965,1.7556e-17,0,0.0026982,0.0026982,0,-3.9065e-19,0,98.432,1176.6,FLYING
8.3875,-6.3541e-16,0,5.4965,1.7555e-17,0,0.002695,0.002695,0,-4.3743e-18,0,98.431,1176.6,FLYING
8.39,-6.3537e-16,0,5.4965,1.7553e-17,0,0.0026919,0.0026919,0,-8.3569e-18,0,98.431,1176.6,FLYING
8.3925,-6.3533e-16,0,5.4965,1.755e-17,0,0.0026887,0.0026887,0,-1.2338e-17,0,98.43,1176.6,FLYING
8.395,-6.3528e-16,0,5.4965,1.7545e-17,0,0.0026855,0.0026855,0,-1.6489e-17,0,98.43,1176.6,FLYING
8.3975,-6.3524e-16,0,5.4965,1.7538e-17,0,0.0026823,0.0026823,0,-2.0808e-17,0,98.429,1176.6,FLYING
8.4,-6.352e-16,0,5.4965,1.7529e-17,0,0.0026791,0.0026791,0,-2.5125e-17,0,98.429,1176.6,FLYING
8.4025,-6.3515e-16,0,5.4965,1.7518e-17,0,0.002676,0.002676,0,-2.9442e-17,0,98.428,1176.6,FLYING
8.405,-6.3511e-16,0,5.4965,1.7505e-17,0,0.0026728,0.0026728,0,-3.3588e-17,0,98.428,1176.6,FLYING
8.4075,-6.3506e-16,0,5.4965,1.7491e-17,0,0.0026696,0.0026696,0,-3.7733e-17,0,98.428,1176.6,FLYING
8.41,-6.3502e-16,0,5.4966,1.7475e-17,0,0.0026665,0.0026665,0,-4.2046e-17,0,98.427,1176.6,FLYING
8.4125,-6.3498e-16,0,5.4966,1.7457e-17,0,0.0026633,0.0026633,0,-4.6189e-17,0,98.427,1176.6,FLYING
8.415,-6.3493e-16,0,5.4966,1.7437e-17,0,0.0026602,0.0026602,0,-5.0331e-17,0,98.426,1176.6,FLYING
8.4175,-6.3489e-16,0,5.4966,1.7416e-17,0,0.002657,0.002657,0,-5.4472e-17,0,98.426,1176.6,FLYING
8.42,-6.3485e-16,0,5.4966,1.7392e-17,0,0.0026539,0.0026539,0,-5.8611e-17,0,98.425,1176.6,FLYING
8.4225,-6.348e-16,0,5.4966,1.7367e-17,0,0.0026507,0.0026507,0,-6.275e-17,0,98.425,1176.6,FLYING
8.425,-6.3476e-16,0,5.4966,1.734e-17,0,0.0026476,0.0026476,0,-6.6888e-17,0,98.424,1176.6,FLYING
8.4275,-6.3472e-16,0,5.4966,1.7312e-17,0,0.0026445,0.0026445,0,-7.1194e-17,0,98.424,1176.6,FLYING
8.43,-6.3467e-16,0,5.4966,1.7281e-17,0,0.0026414,0.0026414,0,-7.5669e-17,0,98.423,1176.6,FLYING
8.4325,-6.3463e-16,0,5.4966,1.7249e-17,0,0.0026382,0.0026382,0,-8.0312e-17,0,98.423,1176.6,FLYING
8.435,-6.3459e-16,0,5.4966,1.7214e-17,0,0.0026351,0.0026351,0,-8.5124e-17,0,98.423,1176.6,FLYING
8.4375,-6.3454e-16,0,5.4966,1.7178e-17,0,0.002632,0.002632,0,-9.0104e-17,0,98.422,1176.6,FLYING
8.44,-6.345e-16,0,5.4966,1.714e-17,0,0.0026289,0.0026289,0,-9.5253e-17,0,98.422,1176.6,FLYING
8.4425,-6.3446e-16,0,5.4966,1.7099e-17,0,0.0026258,0.0026258,0,-1.004e-16,0,98.421,1176.6,FLYING
8.445,-6.3442e-16,0,5.4966,1.7056e-17,0,0.0026227,0.0026227,0,-1.0555e-16,0,98.421,1176.6,FLYING
8.4475,-6.3437e-16,0,5.4967,1.7011e-17,0,0.0026196,0.0026196,0,-1.1086e-16,0,98.42,1176.6,FLYING
8.45,-6.3433e-16,0,5.4967,1.6963e-17,0,0.0026165,0.0026165,0,-1.1617e-16,0,98.42,1176.6,FLYING
8.4525,-6.3429e-16,0,5.4967,1.6914e-17,0,0.0026134,0.0026134,0,-1.2132e-16,0,98.419,1176.6,FLYING
8.455,-6.3425e-16,0,5.4967,1.6862e-17,0,0.0026103,0.0026103,0,-1.2663e-16,0,98.419,1176.6,FLYING
8.4575,-6.342e-16,0,5.4967,1.6807e-17,0,0.0026072,0.0026072,0,-1.321e-16,0,98.418,1176.6,FLYING
8.46,-6.3416e-16,0,5.4967,1.6751e-17,0,0.0026041,0.0026041,0,-1.3758e-16,0,98.418,1176.6,FLYING
8.4625,-6.3412e-16,0,5.4967,1.6692e-17,0,0.002601,0.002601,0,-1.4306e-16,0,98.418,1176.7,FLYING
8.465,-6.3408e-16,0,5.4967,1.6631e-17,0,0.0025979,0.0025979,0,-1.4853e-16,0,98.417,1176.7,FLYING
8.4675,-6.3404e-16,0,5.4967,1.6567e-17,0,0.0025949,0.0025949,0,-1.5401e-16,0,98.417,1176.7,FLYING
8.47,-6.34e-16,0,5.4967,1.6501e-17,0,0.0025918,0.0025918,0,-1.5948e-16,0,98.416,1176.7,FLYING
8.4725,-6.3396e-16,0,5.4967,1.6433e-17,0,0.0025887,0.0025887,0,-1.6495e-16,0,98.416,1176.7,FLYING
8.475,-6.3391e-16,0,5.4967,1.6363e-17,0,0.0025857,0.0025857,0,-1.7059e-16,0,98.415,1176.7,FLYING
8.4775,-6.3387e-16,0,5.4967,1.629e-17,0,0.0025826,0.0025826,0,-1.7622e-16,0,98.415,1176.7,FLYING
8.48,-6.3383e-16,0,5.4967,1.6214e-17,0,0.0025796,0.0025796,0,-1.8169e-16,0,98.414,1176.7,FLYING
8.4825,-6.3379e-16,0,5.4967,1.6136e-17,0,0.0025765,0.0025765,0,-1.8699e-16,0,98.414,1176.7,FLYING
8.485,-6.3375e-16,0,5.4967,1.6056e-17,0,0.0025735,0.0025735,0,-1.9211e-16,0,98.413,1176.7,FLYING
8.4875,-6.3371e-16,0,5.4968,1.5974e-17,0,0.0025704,0.0025704,0,-1.9706e-16,0,98.413,1176.7,FLYING
8.49,-6.3367e-16,0,5.4968,1.589e-17,0,0.0025674,0.0025674,0,-2.0185e-16,0,98.413,1176.7,FLYING
8.4925,-6.3363e-16,0,5.4968,1.5804e-17,0,0.0025643,0.0025643,0,-2.0646e-16,0,98.412,1176.7,FLYING
8.495,-6.3359e-16,0,5.4968,1.5715e-17,0,0.0025613,0.0025613,0,-2.1073e-16,0,98.412,1176.7,FLYING
8.4975,-6.3356e-16,0,5.4968,1.5625e-17,0,0.0025583,0.0025583,0,-2.1483e-16,0,98.411,1176.7,FLYING
8.5,-6.3352e-16,0,5.4968,1.5533e-17,0,0.0025552,0.0025552,0,-2.1842e-16,0,98.411,1176.7,FLYING
8.5025,-6.3348e-16,0,5.4968,1.544e-17,0,0.0025522,0.0025522,0,-2.2167e-16,0,98.41,1176.7,FLYING
8.505,-6.3344e-16,0,5.4968,1.5345e-17,0,0.0025492,0.0025492,0,-2.2458e-16,0,98.41,1176.7,FLYING
8.5075,-6.334e-16,0,5.4968,1.5249e-17,0,0.0025462,0.0025462,0,-2.2732e-16,0,98.409,1176.7,FLYING
8.51,-6.3336e-16,0,5.4968,1.5152e-17,0,0.0025432,0.0025432,0,-2.2972e-16,0,98.409,1176.7,FLYING
8.5125,-6.3333e-16,0,5.4968,1.5053e-17,0,0.0025402,0.0025402,0,-2.3195e-16,0,98.408,1176.7,FLYING
8.515,-6.3329e-16,0,5.4968,1.4954e-17,0,0.0025372,0.0025372,0,-2.3401e-16,0,98.408,1176.7,FLYING
8.5175,-6.3325e-16,0,5.4968,1.4854e-17,0,0.0025342,0.0025342,0,-2.3556e-16,0,98.408,1176.7,FLYING
8.52,-6.3321e-16,0,5.4968,1.4753e-17,0,0.0025312,0.0025312,0,-2.3677e-16,0,98.407,1176.7,FLYING
8.5225,-6.3318e-16,0,5.4968,1.4652e-17,0,0.0025282,0.0025282,0,-2.3781e-16,0,98.407,1176.7,FLYING
8.525,-6.3314e-16,0,5.4969,1.455e-17,0,0.0025252,0.0025252,0,-2.3868e-16,0,98.406,1176.7,FLYING
8.5275,-6.3311e-16,0,5.4969,1.4448e-17,0,0.0025222,0.0025222,0,-2.3922e-16,0,98.406,1176.7,FLYING
8.53,-6.3307e-16,0,5.4969,1.4346e-17,0,0.0025192,0.0025192,0,-2.3958e-16,0,98.405,1176.7,FLYING
8.5325,-6.3303e-16,0,5.4969,1.4243e-17,0,0.0025162,0.0025162,0,-2.396e-16,0,98.405,1176.7,FLYING
8.535,-6.33e-16,0,5.4969,1.4141e-17,0,0.0025132,0.0025132,0,-2.3945e-16,0,98.404,1176.7,FLYING
8.5375,-6.3296e-16,0,5.4969,1.4038e-17,0,0.0025103,0.0025103,0,-2.3897e-16,0,98.404,1176.7,FLYING
8.54,-6.3293e-16,0,5.4969,1.3936e-17,0,0.0025073,0.0025073,0,-2.3814e-16,0,98.403,1176.7,FLYING
8.5425,-6.3289e-16,0,5.4969,1.3834e-17,0,0.0025043,0.0025043,0,-2.3681e-16,0,98.403,1176.7,FLYING
8.545,-6.3286e-16,0,5.4969,1.3733e-17,0,0.0025014,0.0025014,0,-2.353e-16,0,98.402,1176.7,FLYING
8.5475,-6.3283e-16,0,5.4969,1.3632e-17,0,0.0024984,0.0024984,0,-2.3329e-16,0,98.402,1176.7,FLYING
8.55,-6.3279e-16,0,5.4969,1.3532e-17,0,0.0024955,0.0024955,0,-2.3094e-16,0,98.402,1176.7,FLYING
8.5525,-6.3276e-16,0,5.4969,1.3433e-17,0,0.0024925,0.0024925,0,-2.2825e-16,0,98.401,1176.7,FLYING
8.555,-6.3272e-16,0,5.4969,1.3336e-17,0,0.0024896,0.0024896,0,-2.2539e-16,0,98.401,1176.7,FLYING
8.5575,-6.3269e-16,0,5.4969,1.3239e-17,0,0.0024866,0.0024866,0,-2.2236e-16,0,98.4,1176.7,FLYING
8.56,-6.3266e-16,0,5.4969,1.3144e-17,0,0.0024837,0.0024837,0,-2.19e-16,0,98.4,1176.7,FLYING
8.5625,-6.3263e-16,0,5.4969,1.305e-17,0,0.0024807,0.0024807,0,-2.1546e-16,0,98.399,1176.7,FLYING
8.565,-6.3259e-16,0,5.497,1.2958e-17,0,0.0024778,0.0024778,0,-2.1176e-16,0,98.399,1176.7,FLYING
8.5675,-6.3256e-16,0,5.497,1.2868e-17,0,0.0024749,0.0024749,0,-2.0755e-16,0,98.398,1176.7,FLYING
8.57,-6.3253e-16,0,5.497,1.2779e-17,0,0.0024719,0.0024719,0,-2.03e-16,0,98.398,1176.7,FLYING
8.5725,-6.325e-16,0,5.497,1.2692e-17,0,0.002469,0.002469,0,-1.9811e-16,0,98.397,1176.7,FLYING
8.575,-6.3247e-16,0,5.497,1.2607e-17,0,0.0024661,0.0024661,0,-1.9305e-16,0,98.397,1176.7,FLYING
8.5775,-6.3243e-16,0,5.497,1.2525e-17,0,0.0024632,0.0024632,0,-1.8766e-16,0,98.397,1176.7,FLYING
8.58,-6.324e-16,0,5.497,1.2444e-17,0,0.0024603,0.0024603,0,-1.821e-16,0,98.396,1176.7,FLYING
8.5825,-6.3237e-16,0,5.497,1.2366e-17,0,0.0024574,0.0024574,0,-1.7637e-16,0,98.396,1176.7,FLYING
8.585,-6.3234e-16,0,5.497,1.2291e-17,0,0.0024544,0.0024544,0,-1.703e-16,0,98.395,1176.7,FLYING
8.5875,-6.3231e-16,0,5.497,1.2218e-17,0,0.0024515,0.0024515,0,-1.6389e-16,0,98.395,1176.7,FLYING
8.59,-6.3228e-16,0,5.497,1.2148e-17,0,0.0024486,0.0024486,0,-1.5698e-16,0,98.394,1176.7,FLYING
8.5925,-6.3225e-16,0,5.497,1.2081e-17,0,0.0024457,0.0024457,0,-1.4973e-16,0,98.394,1176.7,FLYING
8.595,-6.3222e-16,0,5.497,1.2017e-17,0,0.0024429,0.0024429,0,-1.4214e-16,0,98.393,1176.7,FLYING
8.5975,-6.3219e-16,0,5.497,1.1956e-17,0,0.00244,0.00244,0,-1.3421e-16,0,98.393,1176.7,FLYING
8.6,-6.3216e-16,0,5.497,1.1899e-17,0,0.0024371,0.0024371,0,-1.2612e-16,0,98.392,1176.7,FLYING
8.6025,-6.3213e-16,0,5.497,1.1845e-17,0,0.0024342,0.0024342,0,-1.182e-16,0,98.392,1176.7,FLYING
8.605,-6.321e-16,0,5.497,1.1794e-17,0,0.0024313,0.0024313,0,-1.1028e-16,0,98.392,1176.7,FLYING
8.6075,-6.3207e-16,0,5.4971,1.1747e-17,0,0.0024284,0.0024284,0,-1.0219e-16,0,98.391,1176.7,FLYING
8.61,-6.3204e-16,0,5.4971,1.1703e-17,0,0.0024256,0.0024256,0,-9.4105e-17,0,98.391,1176.7,FLYING
8.6125,-6.3201e-16,0,5.4971,1.1663e-17,0,0.0024227,0.0024227,0,-8.6361e-17,0,98.39,1176.7,FLYING
8.615,-6.3199e-16,0,5.4971,1.1626e-17,0,0.0024198,0.0024198,0,-7.8957e-17,0,98.39,1176.7,FLYING
8.6175,-6.3196e-16,0,5.4971,1.1592e-17,0,0.002417,0.002417,0,-7.1896e-17,0,98.389,1176.7,FLYING
8.62,-6.3193e-16,0,5.4971,1.1561e-17,0,0.0024141,0.0024141,0,-6.5175e-17,0,98.389,1176.7,FLYING
8.6225,-6.319e-16,0,5.4971,1.1534e-17,0,0.0024113,0.0024113,0,-5.8795e-17,0,98.388,1176.7,FLYING
8.625,-6.3187e-16,0,5.4971,1.1508e-17,0,0.0024084,0.0024084,0,-5.2755e-17,0,98.388,1176.7,FLYING
8.6275,-6.3184e-16,0,5.4971,1.1486e-17,0,0.0024056,0.0024056,0,-4.7057e-17,0,98.387,1176.7,FLYING
8.63,-6.3181e-16,0,5.4971,1.1466e-17,0,0.0024027,0.0024027,0,-4.1869e-17,0,98.387,1176.7,FLYING
8.6325,-6.3178e-16,0,5.4971,1.1448e-17,0,0.0023999,0.0023999,0,-3.7021e-17,0,98.387,1176.7,FLYING
8.635,-6.3176e-16,0,5.4971,1.1432e-17,0,0.002397,0.002397,0,-3.2684e-17,0,98.386,1176.7,FLYING
8.6375,-6.3173e-16,0,5.4971,1.1418e-17,0,0.0023942,0.0023942,0,-2.8517e-17,0,98.386,1176.7,FLYING
8.64,-6.317e-16,0,5.4971,1.1406e-17,0,0.0023914,0.0023914,0,-2.4861e-17,0,98.385,1176.7,FLYING
8.6425,-6.3167e-16,0,5.4971,1.1395e-17,0,0.0023885,0.0023885,0,-2.1205e-17,0,98.385,1176.7,FLYING
8.645,-6.3164e-16,0,5.4971,1.1386e-17,0,0.0023857,0.0023857,0,-1.755e-17,0,98.384,1176.7,FLYING
8.6475,-6.3161e-16,0,5.4972,1.1378e-17,0,0.0023829,0.0023829,0,-1.3896e-17,0,98.384,1176.7,FLYING
8.65,-6.3158e-16,0,5.4972,1.1373e-17,0,0.0023801,0.0023801,0,-1.0243e-17,0,98.383,1176.7,FLYING
8.6525,-6.3156e-16,0,5.4972,1.1368e-17,0,0.0023772,0.0023772,0,-6.5905e-18,0,98.383,1176.7,FLYING
8.655,-6.3153e-16,0,5.4972,1.1365e-17,0,0.0023744,0.0023744,0,-2.7696e-18,0,98.382,1176.7,FLYING
8.6575,-6.315e-16,0,5.4972,1.1364e-17,0,0.0023716,0.0023716,0,5.4143e-19,0,98.382,1176.7,FLYING
8.66,-6.3147e-16,0,5.4972,1.1364e-17,0,0.0023688,0.0023688,0,3.5124e-18,0,98.382,1176.7,FLYING
8.6625,-6.3144e-16,0,5.4972,1.1366e-17,0,0.002366,0.002366,0,6.1434e-18,0,98.381,1176.7,FLYING
8.665,-6.3141e-16,0,5.4972,1.1369e-17,0,0.0023632,0.0023632,0,8.4344e-18,0,98.381,1176.7,FLYING
8.6675,-6.3139e-16,0,5.4972,1.1372e-17,0,0.0023604,0.0023604,0,1.0386e-17,0,98.38,1176.7,FLYING
8.67,-6.3136e-16,0,5.4972,1.1377e-17,0,0.0023576,0.0023576,0,1.1828e-17,0,98.38,1176.7,FLYING
8.6725,-6.3133e-16,0,5.4972,1.1382e-17,0,0.0023548,0.0023548,0,1.293e-17,0,98.379,1176.7,FLYING
8.675,-6.313e-16,0,5.4972,1.1387e-17,0,0.0023521,0.0023521,0,1.3523e-17,0,98.379,1176.7,FLYING
8.6775,-6.3127e-16,0,5.4972,1.1393e-17,0,0.0023493,0.0023493,0,1.3607e-17,0,98.378,1176.7,FLYING
8.68,-6.3124e-16,0,5.4972,1.1399e-17,0,0.0023465,0.0023465,0,1.3352e-17,0,98.378,1176.7,FLYING
8.6825,-6.3121e-16,0,5.4972,1.1404e-17,0,0.0023437,0.0023437,0,1.2757e-17,0,98.377,1176.7,FLYING
8.685,-6.3119e-16,0,5.4972,1.141e-17,0,0.0023409,0.0023409,0,1.1654e-17,0,98.377,1176.7,FLYING
8.6875,-6.3116e-16,0,5.4972,1.1415e-17,0,0.0023382,0.0023382,0,1.0212e-17,0,98.376,1176.7,FLYING
8.69,-6.3113e-16,0,5.4973,1.1419e-17,0,0.0023354,0.0023354,0,8.4307e-18,0,98.376,1176.7,FLYING
8.6925,-6.311e-16,0,5.4973,1.1423e-17,0,0.0023326,0.0023326,0,6.3108e-18,0,98.376,1176.7,FLYING
8.695,-6.3107e-16,0,5.4973,1.1426e-17,0,0.0023299,0.0023299,0,4.1915e-18,0,98.375,1176.7,FLYING
8.6975,-6.3104e-16,0,5.4973,1.1427e-17,0,0.0023271,0.0023271,0,2.0727e-18,0,98.375,1176.7,FLYING
8.7,-6.3101e-16,0,5.4973,1.1428e-17,0,0.0023244,0.0023244,0,-2.1526e-19,0,98.374,1176.7,FLYING
8.7025,-6.3099e-16,0,5.4973,1.1428e-17,0,0.0023216,0.0023216,0,-2.333e-18,0,98.374,1176.7,FLYING
8.705,-6.3096e-16,0,5.4973,1.1427e-17,0,0.0023189,0.0023189,0,-4.2805e-18,0,98.373,1176.7,FLYING
8.7075,-6.3093e-16,0,5.4973,1.1425e-17,0,0.0023161,0.0023161,0,-5.7187e-18,0,98.373,1176.7,FLYING
8.71,-6.309e-16,0,5.4973,1.1423e-17,0,0.0023134,0.0023134,0,-6.9869e-18,0,98.372,1176.7,FLYING
8.7125,-6.3087e-16,0,5.4973,1.142e-17,0,0.0023107,0.0023107,0,-7.9155e-18,0,98.372,1176.7,FLYING
8.715,-6.3084e-16,0,5.4973,1.1417e-17,0,0.0023079,0.0023079,0,-8.6743e-18,0,98.371,1176.7,FLYING
8.7175,-6.3081e-16,0,5.4973,1.1413e-17,0,0.0023052,0.0023052,0,-9.4329e-18,0,98.371,1176.7,FLYING
8.72,-6.3079e-16,0,5.4973,1.1409e-17,0,0.0023025,0.0023025,0,-1.0191e-17,0,98.371,1176.7,FLYING
8.7225,-6.3076e-16,0,5.4973,1.1404e-17,0,0.0022997,0.0022997,0,-1.1119e-17,0,98.37,1176.7,FLYING
8.725,-6.3073e-16,0,5.4973,1.14e-17,0,0.002297,0.002297,0,-1.1877e-17,0,98.37,1176.7,FLYING
8.7275,-6.307e-16,0,5.4973,1.1395e-17,0,0.0022943,0.0022943,0,-1.2635e-17,0,98.369,1176.7,FLYING
8.73,-6.3067e-16,0,5.4973,1.1389e-17,0,0.0022916,0.0022916,0,-1.3392e-17,0,98.369,1176.7,FLYING
8.7325,-6.3064e-16,0,5.4973,1.1383e-17,0,0.0022889,0.0022889,0,-1.398e-17,0,98.368,1176.7,FLYING
8.735,-6.3062e-16,0,5.4974,1.1377e-17,0,0.0022862,0.0022862,0,-1.4568e-17,0,98.368,1176.7,FLYING
8.7375,-6.3059e-16,0,5.4974,1.1371e-17,0,0.0022835,0.0022835,0,-1.5325e-17,0,98.367,1176.7,FLYING
8.74,-6.3056e-16,0,5.4974,1.1365e-17,0,0.0022808,0.0022808,0,-1.6082e-17,0,98.367,1176.7,FLYING
8.7425,-6.3053e-16,0,5.4974,1.1358e-17,0,0.0022781,0.0022781,0,-1.6669e-17,0,98.366,1176.7,FLYING
8.745,-6.305e-16,0,5.4974,1.1351e-17,0,0.0022754,0.0022754,0,-1.7256e-17,0,98.366,1176.7,FLYING
8.7475,-6.3047e-16,0,5.4974,1.1343e-17,0,0.0022727,0.0022727,0,-1.8012e-17,0,98.366,1176.7,FLYING
8.75,-6.3045e-16,0,5.4974,1.1336e-17,0,0.00227,0.00227,0,-1.8768e-17,0,98.365,1176.7,FLYING
8.7525,-6.3042e-16,0,5.4974,1.1328e-17,0,0.0022673,0.0022673,0,-1.9524e-17,0,98.365,1176.7,FLYING
8.755,-6.3039e-16,0,5.4974,1.1319e-17,0,0.0022646,0.0022646,0,-2.028e-17,0,98.364,1176.7,FLYING
8.7575,-6.3036e-16,0,5.4974,1.1311e-17,0,0.0022619,0.0022619,0,-2.1036e-17,0,98.364,1176.7,FLYING
8.76,-6.3033e-16,0,5.4974,1.1302e-17,0,0.0022593,0.0022593,0,-2.1791e-17,0,98.363,1176.7,FLYING
8.7625,-6.303e-16,0,5.4974,1.1292e-17,0,0.0022566,0.0022566,0,-2.2377e-17,0,98.363,1176.7,FLYING
8.765,-6.3028e-16,0,5.4974,1.1283e-17,0,0.0022539,0.0022539,0,-2.2963e-17,0,98.362,1176.7,FLYING
8.7675,-6.3025e-16,0,5.4974,1.1273e-17,0,0.0022513,0.0022513,0,-2.3378e-17,0,98.362,1176.7,FLYING
8.77,-6.3022e-16,0,5.4974,1.1263e-17,0,0.0022486,0.0022486,0,-2.3964e-17,0,98.361,1176.7,FLYING
8.7725,-6.3019e-16,0,5.4974,1.1253e-17,0,0.0022459,0.0022459,0,-2.4718e-17,0,98.361,1176.7,FLYING
8.775,-6.3016e-16,0,5.4974,1.1242e-17,0,0.0022433,0.0022433,0,-2.5643e-17,0,98.361,1176.7,FLYING
8.7775,-6.3014e-16,0,5.4975,1.1231e-17,0,0.0022406,0.0022406,0,-2.6567e-17,0,98.36,1176.7,FLYING
8.78,-6.3011e-16,0,5.4975,1.122e-17,0,0.002238,0.002238,0,-2.749e-17,0,98.36,1176.7,FLYING
8.7825,-6.3008e-16,0,5.4975,1.1208e-17,0,0.0022353,0.0022353,0,-2.8583e-17,0,98.359,1176.7,FLYING
8.785,-6.3005e-16,0,5.4975,1.1196e-17,0,0.0022327,0.0022327,0,-2.9846e-17,0,98.359,1176.7,FLYING
8.7875,-6.3002e-16,0,5.4975,1.1183e-17,0,0.00223,0.00223,0,-3.0938e-17,0,98.358,1176.7,FLYING
8.79,-6.3e-16,0,5.4975,1.117e-17,0,0.0022274,0.0022274,0,-3.2031e-17,0,98.358,1176.7,FLYING
8.7925,-6.2997e-16,0,5.4975,1.1156e-17,0,0.0022248,0.0022248,0,-3.3292e-17,0,98.357,1176.7,FLYING
8.795,-6.2994e-16,0,5.4975,1.1142e-17,0,0.0022221,0.0022221,0,-3.4723e-17,0,98.357,1176.7,FLYING
8.7975,-6.2991e-16,0,5.4975,1.1127e-17,0,0.0022195,0.0022195,0,-3.5984e-17,0,98.356,1176.7,FLYING
8.8,-6.2988e-16,0,5.4975,1.1111e-17,0,0.0022169,0.0022169,0,-3.6906e-17,0,98.356,1176.7,FLYING
8.8025,-6.2986e-16,0,5.4975,1.1096e-17,0,0.0022143,0.0022143,0,-3.7657e-17,0,98.356,1176.7,FLYING
8.805,-6.2983e-16,0,5.4975,1.108e-17,0,0.0022116,0.0022116,0,-3.8239e-17,0,98.355,1176.7,FLYING
8.8075,-6.298e-16,0,5.4975,1.1063e-17,0,0.002209,0.002209,0,-3.8481e-17,0,98.355,1176.7,FLYING
8.81,-6.2977e-16,0,5.4975,1.1047e-17,0,0.0022064,0.0022064,0,-3.8554e-17,0,98.354,1176.7,FLYING
8.8125,-6.2975e-16,0,5.4975,1.103e-17,0,0.0022038,0.0022038,0,-3.8287e-17,0,98.354,1176.7,FLYING
8.815,-6.2972e-16,0,5.4975,1.1014e-17,0,0.0022012,0.0022012,0,-3.7851e-17,0,98.353,1176.7,FLYING
8.8175,-6.2969e-16,0,5.4975,1.0998e-17,0,0.0021986,0.0021986,0,-3.7245e-17,0,98.353,1176.7,FLYING
8.82,-6.2966e-16,0,5.4975,1.0982e-17,0,0.002196,0.002196,0,-3.63e-17,0,98.352,1176.7,FLYING
8.8225,-6.2964e-16,0,5.4976,1.0966e-17,0,0.0021934,0.0021934,0,-3.5016e-17,0,98.352,1176.7,FLYING
8.825,-6.2961e-16,0,5.4976,1.0951e-17,0,0.0021908,0.0021908,0,-3.3393e-17,0,98.351,1176.7,FLYING
8.8275,-6.2958e-16,0,5.4976,1.0937e-17,0,0.0021882,0.0021882,0,-3.1432e-17,0,98.351,1176.7,FLYING
8.83,-6.2955e-16,0,5.4976,1.0923e-17,0,0.0021856,0.0021856,0,-2.9131e-17,0,98.35,1176.7,FLYING
8.8325,-6.2953e-16,0,5.4976,1.0911e-17,0,0.002183,0.002183,0,-2.6662e-17,0,98.35,1176.7,FLYING
8.835,-6.295e-16,0,5.4976,1.09e-17,0,0.0021804,0.0021804,0,-2.4193e-17,0,98.35,1176.7,FLYING
8.8375,-6.2947e-16,0,5.4976,1.0889e-17,0,0.0021779,0.0021779,0,-2.1725e-17,0,98.349,1176.7,FLYING
8.84,-6.2944e-16,0,5.4976,1.088e-17,0,0.0021753,0.0021753,0,-1.9427e-17,0,98.349,1176.7,FLYING
8.8425,-6.2942e-16,0,5.4976,1.0872e-17,0,0.0021727,0.0021727,0,-1.7129e-17,0,98.348,1176.7,FLYING
8.845,-6.2939e-16,0,5.4976,1.0864e-17,0,0.0021701,0.0021701,0,-1.4832e-17,0,98.348,1176.7,FLYING
8.8475,-6.2936e-16,0,5.4976,1.0858e-17,0,0.0021676,0.0021676,0,-1.2536e-17,0,98.347,1176.7,FLYING
8.85,-6.2934e-16,0,5.4976,1.0853e-17,0,0.002165,0.002165,0,-1.024e-17,0,98.347,1176.7,FLYING
8.8525,-6.2931e-16,0,5.4976,1.0848e-17,0,0.0021625,0.0021625,0,-7.9451e-18,0,98.346,1176.7,FLYING
8.855,-6.2928e-16,0,5.4976,1.0845e-17,0,0.0021599,0.0021599,0,-5.6505e-18,0,98.346,1176.7,FLYING
8.8575,-6.2925e-16,0,5.4976,1.0842e-17,0,0.0021573,0.0021573,0,-3.5261e-18,0,98.345,1176.7,FLYING
8.86,-6.2923e-16,0,5.4976,1.0841e-17,0,0.0021548,0.0021548,0,-1.4022e-18,0,98.345,1176.7,FLYING
8.8625,-6.292e-16,0,5.4976,1.084e-17,0,0.0021522,0.0021522,0,8.907e-19,0,98.345,1176.7,FLYING
8.865,-6.2917e-16,0,5.4976,1.0841e-17,0,0.0021497,0.0021497,0,3.3527e-18,0,98.344,1176.7,FLYING
8.8675,-6.2915e-16,0,5.4976,1.0842e-17,0,0.0021471,0.0021471,0,5.6445e-18,0,98.344,1176.7,FLYING
8.87,-6.2912e-16,0,5.4977,1.0844e-17,0,0.0021446,0.0021446,0,7.9356e-18,0,98.343,1176.7,FLYING
8.8725,-6.2909e-16,0,5.4977,1.0848e-17,0,0.0021421,0.0021421,0,1.0396e-17,0,98.343,1176.7,FLYING
8.875,-6.2906e-16,0,5.4977,1.0852e-17,0,0.0021395,0.0021395,0,1.2856e-17,0,98.342,1176.7,FLYING
8.8775,-6.2904e-16,0,5.4977,1.0858e-17,0,0.002137,0.002137,0,1.5315e-17,0,98.342,1176.7,FLYING
8.88,-6.2901e-16,0,5.4977,1.0864e-17,0,0.0021345,0.0021345,0,1.7603e-17,0,98.341,1176.7,FLYING
8.8825,-6.2898e-16,0,5.4977,1.0872e-17,0,0.002132,0.002132,0,1.9722e-17,0,98.341,1176.7,FLYING
8.885,-6.2896e-16,0,5.4977,1.088e-17,0,0.0021294,0.0021294,0,2.184e-17,0,98.34,1176.7,FLYING
8.8875,-6.2893e-16,0,5.4977,1.089e-17,0,0.0021269,0.0021269,0,2.3788e-17,0,98.34,1176.7,FLYING
8.89,-6.289e-16,0,5.4977,1.09e-17,0,0.0021244,0.0021244,0,2.5566e-17,0,98.34,1176.7,FLYING
8.8925,-6.2887e-16,0,5.4977,1.0911e-17,0,0.0021219,0.0021219,0,2.7343e-17,0,98.339,1176.7,FLYING
8.895,-6.2885e-16,0,5.4977,1.0922e-17,0,0.0021194,0.0021194,0,2.895e-17,0,98.339,1176.7,FLYING
8.8975,-6.2882e-16,0,5.4977,1.0935e-17,0,0.0021169,0.0021169,0,3.0557e-17,0,98.338,1176.7,FLYING
8.9,-6.2879e-16,0,5.4977,1.0948e-17,0,0.0021144,0.0021144,0,3.2163e-17,0,98.338,1176.7,FLYING
8.9025,-6.2877e-16,0,5.4977,1.0962e-17,0,0.0021119,0.0021119,0,3.3939e-17,0,98.337,1176.7,FLYING
8.905,-6.2874e-16,0,5.4977,1.0976e-17,0,0.0021094,0.0021094,0,3.5714e-17,0,98.337,1176.7,FLYING
8.9075,-6.2871e-16,0,5.4977,1.0992e-17,0,0.0021069,0.0021069,0,3.715e-17,0,98.336,1176.7,FLYING
8.91,-6.2868e-16,0,5.4977,1.1007e-17,0,0.0021044,0.0021044,0,3.8415e-17,0,98.336,1176.7,FLYING
8.9125,-6.2866e-16,0,5.4977,1.1024e-17,0,0.0021019,0.0021019,0,3.9511e-17,0,98.335,1176.7,FLYING
8.915,-6.2863e-16,0,5.4977,1.1041e-17,0,0.0020994,0.0020994,0,4.0097e-17,0,98.335,1176.7,FLYING
8.9175,-6.286e-16,0,5.4978,1.1058e-17,0,0.0020969,0.0020969,0,4.0514e-17,0,98.335,1176.7,FLYING
8.92,-6.2857e-16,0,5.4978,1.1075e-17,0,0.0020944,0.0020944,0,4.0761e-17,0,98.334,1176.7,FLYING
8.9225,-6.2854e-16,0,5.4978,1.1093e-17,0,0.002092,0.002092,0,4.0668e-17,0,98.334,1176.7,FLYING
8.925,-6.2852e-16,0,5.4978,1.111e-17,0,0.0020895,0.0020895,0,4.0406e-17,0,98.333,1176.7,FLYING
8.9275,-6.2849e-16,0,5.4978,1.1127e-17,0,0.002087,0.002087,0,3.9636e-17,0,98.333,1176.7,FLYING
8.93,-6.2846e-16,0,5.4978,1.1144e-17,0,0.0020845,0.0020845,0,3.8695e-17,0,98.332,1176.7,FLYING
8.9325,-6.2843e-16,0,5.4978,1.1161e-17,0,0.0020821,0.0020821,0,3.7586e-17,0,98.332,1176.7,FLYING
8.935,-6.2841e-16,0,5.4978,1.1177e-17,0,0.0020796,0.0020796,0,3.5967e-17,0,98.331,1176.7,FLYING
8.9375,-6.2838e-16,0,5.4978,1.1192e-17,0,0.0020771,0.0020771,0,3.401e-17,0,98.331,1176.7,FLYING
8.94,-6.2835e-16,0,5.4978,1.1207e-17,0,0.0020747,0.0020747,0,3.1714e-17,0,98.33,1176.7,FLYING
8.9425,-6.2832e-16,0,5.4978,1.122e-17,0,0.0020722,0.0020722,0,2.908e-17,0,98.33,1176.7,FLYING
8.945,-6.2829e-16,0,5.4978,1.1233e-17,0,0.0020698,0.0020698,0,2.6107e-17,0,98.33,1176.7,FLYING
8.9475,-6.2826e-16,0,5.4978,1.1244e-17,0,0.0020673,0.0020673,0,2.2964e-17,0,98.329,1176.7,FLYING
8.95,-6.2824e-16,0,5.4978,1.1254e-17,0,0.0020649,0.0020649,0,1.9314e-17,0,98.329,1176.7,FLYING
8.9525,-6.2821e-16,0,5.4978,1.1262e-17,0,0.0020624,0.0020624,0,1.5326e-17,0,98.328,1176.7,FLYING
8.955,-6.2818e-16,0,5.4978,1.1269e-17,0,0.00206,0.00206,0,1.0999e-17,0,98.328,1176.7,FLYING
8.9575,-6.2815e-16,0,5.4978,1.1273e-17,0,0.0020576,0.0020576,0,6.1643e-18,0,98.327,1176.7,FLYING
8.96,-6.2812e-16,0,5.4978,1.1276e-17,0,0.0020551,0.0020551,0,8.2205e-19,0,98.327,1176.7,FLYING
8.9625,-6.281e-16,0,5.4978,1.1276e-17,0,0.0020527,0.0020527,0,-5.0278e-18,0,98.326,1176.7,FLYING
8.965,-6.2807e-16,0,5.4979,1.1274e-17,0,0.0020503,0.0020503,0,-1.1385e-17,0,98.326,1176.7,FLYING
8.9675,-6.2804e-16,0,5.4979,1.1269e-17,0,0.0020479,0.0020479,0,-1.825e-17,0,98.325,1176.7,FLYING
8.97,-6.2801e-16,0,5.4979,1.1262e-17,0,0.0020454,0.0020454,0,-2.5452e-17,0,98.325,1176.7,FLYING
8.9725,-6.2798e-16,0,5.4979,1.1251e-17,0,0.002043,0.002043,0,-3.2991e-17,0,98.324,1176.7,FLYING
8.975,-6.2796e-16,0,5.4979,1.1237e-17,0,0.0020406,0.0020406,0,-4.1038e-17,0,98.324,1176.7,FLYING
8.9775,-6.2793e-16,0,5.4979,1.1219e-17,0,0.0020382,0.0020382,0,-4.9252e-17,0,98.324,1176.7,FLYING
8.98,-6.279e-16,0,5.4979,1.1198e-17,0,0.0020358,0.0020358,0,-5.7634e-17,0,98.323,1176.7,FLYING
8.9825,-6.2787e-16,0,5.4979,1.1173e-17,0,0.0020334,0.0020334,0,-6.6353e-17,0,98.323,1176.7,FLYING
8.985,-6.2784e-16,0,5.4979,1.1145e-17,0,0.002031,0.002031,0,-7.5239e-17,0,98.322,1176.7,FLYING
8.9875,-6.2782e-16,0,5.4979,1.1113e-17,0,0.0020285,0.0020285,0,-8.4462e-17,0,98.322,1176.7,FLYING
8.99,-6.2779e-16,0,5.4979,1.1077e-17,0,0.0020261,0.0020261,0,-9.4023e-17,0,98.321,1176.7,FLYING
8.9925,-6.2776e-16,0,5.4979,1.1036e-17,0,0.0020238,0.0020238,0,-1.0375e-16,0,98.321,1176.7,FLYING
8.995,-6.2773e-16,0,5.4979,1.0992e-17,0,0.0020214,0.0020214,0,-1.1331e-16,0,98.32,1176.7,FLYING
8.9975,-6.2771e-16,0,5.4979,1.0943e-17,0,0.002019,0.002019,0,-1.2286e-16,0,98.32,1176.7,FLYING
9,-6.2768e-16,0,5.4979,1.0891e-17,0,0.0020166,0.0020166,0,-1.3241e-16,0,98.319,1176.7,FLYING
9.0025,-6.2765e-16,0,5.4979,1.0834e-17,0,0.0020142,0.0020142,0,-1.4162e-16,0,98.319,1176.7,FLYING
9.005,-6.2762e-16,0,5.4979,1.0774e-17,0,0.0020118,0.0020118,0,-1.5066e-16,0,98.319,1176.7,FLYING
9.0075,-6.276e-16,0,5.4979,1.0709e-17,0,0.0020094,0.0020094,0,-1.5952e-16,0,98.318,1176.7,FLYING
9.01,-6.2757e-16,0,5.4979,1.0641e-17,0,0.0020071,0.0020071,0,-1.6805e-16,0,98.318,1176.7,FLYING
9.0125,-6.2754e-16,0,5.4979,1.0569e-17,0,0.0020047,0.0020047,0,-1.764e-16,0,98.317,1176.7,FLYING
9.015,-6.2752e-16,0,5.498,1.0494e-17,0,0.0020023,0.0020023,0,-1.8458e-16,0,98.317,1176.7,FLYING
9.0175,-6.2749e-16,0,5.498,1.0415e-17,0,0.0019999,0.0019999,0,-1.9242e-16,0,98.316,1176.7,FLYING
9.02,-6.2747e-16,0,5.498,1.0332e-17,0,0.0019976,0.0019976,0,-1.9991e-16,0,98.316,1176.7,FLYING
9.0225,-6.2744e-16,0,5.498,1.0247e-17,0,0.0019952,0.0019952,0,-2.0707e-16,0,98.315,1176.7,FLYING
9.025,-6.2742e-16,0,5.498,1.0158e-17,0,0.0019928,0.0019928,0,-2.1406e-16,0,98.315,1176.7,FLYING
9.0275,-6.2739e-16,0,5.498,1.0067e-17,0,0.0019905,0.0019905,0,-2.207e-16,0,98.314,1176.7,FLYING
9.03,-6.2737e-16,0,5.498,9.9721e-18,0,0.0019881,0.0019881,0,-2.2717e-16,0,98.314,1176.7,FLYING
9.0325,-6.2734e-16,0,5.498,9.8749e-18,0,0.0019858,0.0019858,0,-2.3331e-16,0,98.314,1176.7,FLYING
9.035,-6.2732e-16,0,5.498,9.7751e-18,0,0.0019834,0.0019834,0,-2.3927e-16,0,98.313,1176.7,FLYING
9.0375,-6.2729e-16,0,5.498,9.6727e-18,0,0.0019811,0.0019811,0,-2.4506e-16,0,98.313,1176.7,FLYING
9.04,-6.2727e-16,0,5.498,9.5679e-18,0,0.0019787,0.0019787,0,-2.5068e-16,0,98.312,1176.7,FLYING
9.0425,-6.2724e-16,0,5.498,9.4606e-18,0,0.0019764,0.0019764,0,-2.5595e-16,0,98.312,1176.7,FLYING
9.045,-6.2722e-16,0,5.498,9.3511e-18,0,0.0019741,0.0019741,0,-2.6106e-16,0,98.311,1176.7,FLYING
9.0475,-6.272e-16,0,5.498,9.2394e-18,0,0.0019717,0.0019717,0,-2.66e-16,0,98.311,1176.7,FLYING
9.05,-6.2717e-16,0,5.498,9.1256e-18,0,0.0019694,0.0019694,0,-2.7076e-16,0,98.31,1176.7,FLYING
9.0525,-6.2715e-16,0,5.498,9.0098e-18,0,0.0019671,0.0019671,0,-2.7536e-16,0,98.31,1176.7,FLYING
9.055,-6.2713e-16,0,5.498,8.892e-18,0,0.0019647,0.0019647,0,-2.7961e-16,0,98.309,1176.7,FLYING
9.0575,-6.2711e-16,0,5.498,8.7723e-18,0,0.0019624,0.0019624,0,-2.8352e-16,0,98.309,1176.7,FLYING
9.06,-6.2709e-16,0,5.498,8.651e-18,0,0.0019601,0.0019601,0,-2.871e-16,0,98.309,1176.7,FLYING
9.0625,-6.2707e-16,0,5.498,8.5282e-18,0,0.0019578,0.0019578,0,-2.9033e-16,0,98.308,1176.7,FLYING
9.065,-6.2704e-16,0,5.4981,8.404e-18,0,0.0019555,0.0019555,0,-2.9339e-16,0,98.308,1176.7,FLYING
9.0675,-6.2702e-16,0,5.4981,8.2784e-18,0,0.0019531,0.0019531,0,-2.9612e-16,0,98.307,1176.7,FLYING
9.07,-6.27e-16,0,5.4981,8.1517e-18,0,0.0019508,0.0019508,0,-2.985e-16,0,98.307,1176.7,FLYING
9.0725,-6.2698e-16,0,5.4981,8.024e-18,0,0.0019485,0.0019485,0,-3.0054e-16,0,98.306,1176.7,FLYING
9.075,-6.2696e-16,0,5.4981,7.8954e-18,0,0.0019462,0.0019462,0,-3.0225e-16,0,98.306,1176.7,FLYING
9.0775,-6.2694e-16,0,5.4981,7.7661e-18,0,0.0019439,0.0019439,0,-3.0361e-16,0,98.305,1176.7,FLYING
9.08,-6.2692e-16,0,5.4981,7.6362e-18,0,0.0019416,0.0019416,0,-3.048e-16,0,98.305,1176.7,FLYING
9.0825,-6.2691e-16,0,5.4981,7.5058e-18,0,0.0019393,0.0019393,0,-3.0583e-16,0,98.304,1176.7,FLYING
9.085,-6.2689e-16,0,5.4981,7.3749e-18,0,0.001937,0.001937,0,-3.0651e-16,0,98.304,1176.7,FLYING
9.0875,-6.2687e-16,0,5.4981,7.2438e-18,0,0.0019347,0.0019347,0,-3.0703e-16,0,98.304,1176.7,FLYING
9.09,-6.2685e-16,0,5.4981,7.1124e-18,0,0.0019324,0.0019324,0,-3.0737e-16,0,98.303,1176.7,FLYING
9.0925,-6.2683e-16,0,5.4981,6.9809e-18,0,0.0019302,0.0019302,0,-3.0738e-16,0,98.303,1176.7,FLYING
9.095,-6.2682e-16,0,5.4981,6.8494e-18,0,0.0019279,0.0019279,0,-3.0687e-16,0,98.302,1176.7,FLYING
9.0975,-6.268e-16,0,5.4981,6.7181e-18,0,0.0019256,0.0019256,0,-3.0603e-16,0,98.302,1176.7,FLYING
9.1,-6.2678e-16,0,5.4981,6.5872e-18,0,0.0019233,0.0019233,0,-3.0485e-16,0,98.301,1176.7,FLYING
9.1025,-6.2677e-16,0,5.4981,6.4568e-18,0,0.001921,0.001921,0,-3.035e-16,0,98.301,1176.7,FLYING
9.105,-6.2675e-16,0,5.4981,6.3269e-18,0,0.0019188,0.0019188,0,-3.0198e-16,0,98.3,1176.7,FLYING
9.1075,-6.2674e-16,0,5.4981,6.1977e-18,0,0.0019165,0.0019165,0,-3.0029e-16,0,98.3,1176.7,FLYING
9.11,-6.2672e-16,0,5.4981,6.0692e-18,0,0.0019142,0.0019142,0,-2.9843e-16,0,98.299,1176.7,FLYING
9.1125,-6.2671e-16,0,5.4981,5.9415e-18,0,0.001912,0.001912,0,-2.964e-16,0,98.299,1176.7,FLYING
9.115,-6.2669e-16,0,5.4981,5.8147e-18,0,0.0019097,0.0019097,0,-2.942e-16,0,98.298,1176.7,FLYING
9.1175,-6.2668e-16,0,5.4982,5.6888e-18,0,0.0019074,0.0019074,0,-2.9184e-16,0,98.298,1176.7,FLYING
9.12,-6.2666e-16,0,5.4982,5.564e-18,0,0.0019052,0.0019052,0,-2.8913e-16,0,98.298,1176.7,FLYING
9.1225,-6.2665e-16,0,5.4982,5.4403e-18,0,0.0019029,0.0019029,0,-2.8609e-16,0,98.297,1176.7,FLYING
9.125,-6.2664e-16,0,5.4982,5.3179e-18,0,0.0019007,0.0019007,0,-2.8288e-16,0,98.297,1176.7,FLYING
9.1275,-6.2662e-16,0,5.4982,5.1968e-18,0,0.0018984,0.0018984,0,-2.7933e-16,0,98.296,1176.7,FLYING
9.13,-6.2661e-16,0,5.4982,5.0773e-18,0,0.0018962,0.0018962,0,-2.7544e-16,0,98.296,1176.7,FLYING
9.1325,-6.266e-16,0,5.4982,4.9595e-18,0,0.0018939,0.0018939,0,-2.7121e-16,0,98.295,1176.7,FLYING
9.135,-6.2659e-16,0,5.4982,4.8434e-18,0,0.0018917,0.0018917,0,-2.6681e-16,0,98.295,1176.7,FLYING
9.1375,-6.2657e-16,0,5.4982,4.7293e-18,0,0.0018895,0.0018895,0,-2.6225e-16,0,98.294,1176.7,FLYING
9.14,-6.2656e-16,0,5.4982,4.6171e-18,0,0.0018872,0.0018872,0,-2.5752e-16,0,98.294,1176.7,FLYING
9.1425,-6.2655e-16,0,5.4982,4.5069e-18,0,0.001885,0.001885,0,-2.5245e-16,0,98.293,1176.7,FLYING
9.145,-6.2654e-16,0,5.4982,4.3989e-18,0,0.0018828,0.0018828,0,-2.4687e-16,0,98.293,1176.7,FLYING
9.1475,-6.2653e-16,0,5.4982,4.2932e-18,0,0.0018805,0.0018805,0,-2.4095e-16,0,98.293,1176.7,FLYING
9.15,-6.2652e-16,0,5.4982,4.1902e-18,0,0.0018783,0.0018783,0,-2.3487e-16,0,98.292,1176.7,FLYING
9.1525,-6.2651e-16,0,5.4982,4.0897e-18,0,0.0018761,0.0018761,0,-2.2861e-16,0,98.292,1176.7,FLYING
9.155,-6.265e-16,0,5.4982,3.9918e-18,0,0.0018739,0.0018739,0,-2.2202e-16,0,98.291,1176.7,FLYING
9.1575,-6.2649e-16,0,5.4982,3.8969e-18,0,0.0018717,0.0018717,0,-2.1526e-16,0,98.291,1176.7,FLYING
9.16,-6.2648e-16,0,5.4982,3.8048e-18,0,0.0018694,0.0018694,0,-2.0817e-16,0,98.29,1176.7,FLYING
9.1625,-6.2647e-16,0,5.4982,3.7157e-18,0,0.0018672,0.0018672,0,-2.0073e-16,0,98.29,1176.7,FLYING
9.165,-6.2646e-16,0,5.4982,3.6298e-18,0,0.001865,0.001865,0,-1.9296e-16,0,98.289,1176.7,FLYING
9.1675,-6.2645e-16,0,5.4982,3.5472e-18,0,0.0018628,0.0018628,0,-1.8486e-16,0,98.289,1176.7,FLYING
9.17,-6.2644e-16,0,5.4983,3.4681e-18,0,0.0018606,0.0018606,0,-1.7641e-16,0,98.288,1176.7,FLYING
9.1725,-6.2644e-16,0,5.4983,3.3927e-18,0,0.0018584,0.0018584,0,-1.6763e-16,0,98.288,1176.7,FLYING
9.175,-6.2643e-16,0,5.4983,3.3209e-18,0,0.0018562,0.0018562,0,-1.5868e-16,0,98.288,1176.7,FLYING
9.1775,-6.2642e-16,0,5.4983,3.2531e-18,0,0.001854,0.001854,0,-1.4939e-16,0,98.287,1176.7,FLYING
9.18,-6.2641e-16,0,5.4983,3.1891e-18,0,0.0018518,0.0018518,0,-1.4028e-16,0,98.287,1176.7,FLYING
9.1825,-6.264e-16,0,5.4983,3.1291e-18,0,0.0018496,0.0018496,0,-1.3133e-16,0,98.286,1176.7,FLYING
9.185,-6.264e-16,0,5.4983,3.0729e-18,0,0.0018474,0.0018474,0,-1.2239e-16,0,98.286,1176.7,FLYING
9.1875,-6.2639e-16,0,5.4983,3.0206e-18,0,0.0018453,0.0018453,0,-1.1345e-16,0,98.285,1176.7,FLYING
9.19,-6.2638e-16,0,5.4983,2.972e-18,0,0.0018431,0.0018431,0,-1.0435e-16,0,98.285,1176.7,FLYING
9.1925,-6.2637e-16,0,5.4983,2.9274e-18,0,0.0018409,0.0018409,0,-9.5412e-17,0,98.284,1176.7,FLYING
9.195,-6.2637e-16,0,5.4983,2.8866e-18,0,0.0018387,0.0018387,0,-8.648e-17,0,98.284,1176.7,FLYING
9.1975,-6.2636e-16,0,5.4983,2.8496e-18,0,0.0018365,0.0018365,0,-7.772e-17,0,98.283,1176.7,FLYING
9.2,-6.2635e-16,0,5.4983,2.8163e-18,0,0.0018344,0.0018344,0,-6.9132e-17,0,98.283,1176.7,FLYING
9.2025,-6.2635e-16,0,5.4983,2.7867e-18,0,0.0018322,0.0018322,0,-6.0376e-17,0,98.283,1176.7,FLYING
9.205,-6.2634e-16,0,5.4983,2.7609e-18,0,0.00183,0.00183,0,-5.1792e-17,0,98.282,1176.7,FLYING
9.2075,-6.2633e-16,0,5.4983,2.7387e-18,0,0.0018279,0.0018279,0,-4.3719e-17,0,98.282,1176.7,FLYING
9.21,-6.2632e-16,0,5.4983,2.72e-18,0,0.0018257,0.0018257,0,-3.5818e-17,0,98.281,1176.7,FLYING
9.2125,-6.2632e-16,0,5.4983,2.7047e-18,0,0.0018235,0.0018235,0,-2.8088e-17,0,98.281,1176.7,FLYING
9.215,-6.2631e-16,0,5.4983,2.6927e-18,0,0.0018214,0.0018214,0,-2.0699e-17,0,98.28,1176.7,FLYING
9.2175,-6.263e-16,0,5.4983,2.6838e-18,0,0.0018192,0.0018192,0,-1.3822e-17,0,98.28,1176.7,FLYING
9.22,-6.263e-16,0,5.4983,2.6779e-18,0,0.0018171,0.0018171,0,-7.4545e-18,0,98.279,1176.7,FLYING
9.2225,-6.2629e-16,0,5.4983,2.6747e-18,0,0.0018149,0.0018149,0,-1.0889e-18,0,98.279,1176.7,FLYING
9.225,-6.2628e-16,0,5.4984,2.6743e-18,0,0.0018128,0.0018128,0,5.2751e-18,0,98.278,1176.7,FLYING
9.2275,-6.2628e-16,0,5.4984,2.6765e-18,0,0.0018106,0.0018106,0,1.1468e-17,0,98.278,1176.7,FLYING
9.23,-6.2627e-16,0,5.4984,2.6814e-18,0,0.0018085,0.0018085,0,1.7489e-17,0,98.278,1176.7,FLYING
9.2325,-6.2626e-16,0,5.4984,2.6889e-18,0,0.0018064,0.0018064,0,2.3679e-17,0,98.277,1176.7,FLYING
9.235,-6.2626e-16,0,5.4984,2.699e-18,0,0.0018042,0.0018042,0,2.9867e-17,0,98.277,1176.7,FLYING
9.2375,-6.2625e-16,0,5.4984,2.7118e-18,0,0.0018021,0.0018021,0,3.5545e-17,0,98.276,1176.7,FLYING
9.24,-6.2624e-16,0,5.4984,2.727e-18,0,0.0017999,0.0017999,0,4.1052e-17,0,98.276,1176.7,FLYING
9.2425,-6.2624e-16,0,5.4984,2.7446e-18,0,0.0017978,0.0017978,0,4.6218e-17,0,98.275,1176.7,FLYING
9.245,-6.2623e-16,0,5.4984,2.7644e-18,0,0.0017957,0.0017957,0,5.1043e-17,0,98.275,1176.7,FLYING
9.2475,-6.2622e-16,0,5.4984,2.7862e-18,0,0.0017936,0.0017936,0,5.5528e-17,0,98.274,1176.7,FLYING
9.25,-6.2622e-16,0,5.4984,2.81e-18,0,0.0017914,0.0017914,0,5.9673e-17,0,98.274,1176.7,FLYING
9.2525,-6.2621e-16,0,5.4984,2.8355e-18,0,0.0017893,0.0017893,0,6.3477e-17,0,98.273,1176.7,FLYING
9.255,-6.262e-16,0,5.4984,2.8626e-18,0,0.0017872,0.0017872,0,6.6772e-17,0,98.273,1176.7,FLYING
9.2575,-6.2619e-16,0,5.4984,2.8912e-18,0,0.0017851,0.0017851,0,6.9896e-17,0,98.272,1176.7,FLYING
9.26,-6.2619e-16,0,5.4984,2.9211e-18,0,0.001783,0.001783,0,7.3019e-17,0,98.272,1176.7,FLYING
9.2625,-6.2618e-16,0,5.4984,2.9524e-18,0,0.0017809,0.0017809,0,7.5972e-17,0,98.272,1176.7,FLYING
9.265,-6.2617e-16,0,5.4984,2.9849e-18,0,0.0017788,0.0017788,0,7.8754e-17,0,98.271,1176.7,FLYING
9.2675,-6.2617e-16,0,5.4984,3.0186e-18,0,0.0017767,0.0017767,0,8.1536e-17,0,98.271,1176.7,FLYING
9.27,-6.2616e-16,0,5.4984,3.0534e-18,0,0.0017746,0.0017746,0,8.4317e-17,0,98.27,1176.7,FLYING
9.2725,-6.2615e-16,0,5.4984,3.0895e-18,0,0.0017725,0.0017725,0,8.7267e-17,0,98.27,1176.7,FLYING
9.275,-6.2614e-16,0,5.4984,3.1269e-18,0,0.0017704,0.0017704,0,9.0047e-17,0,98.269,1176.7,FLYING
9.2775,-6.2613e-16,0,5.4984,3.1654e-18,0,0.0017683,0.0017683,0,9.2826e-17,0,98.269,1176.7,FLYING
9.28,-6.2613e-16,0,5.4985,3.2051e-18,0,0.0017662,0.0017662,0,9.5265e-17,0,98.268,1176.7,FLYING
9.2825,-6.2612e-16,0,5.4985,3.2459e-18,0,0.0017641,0.0017641,0,9.7364e-17,0,98.268,1176.7,FLYING
9.285,-6.2611e-16,0,5.4985,3.2875e-18,0,0.001762,0.001762,0,9.8954e-17,0,98.267,1176.7,FLYING
9.2875,-6.261e-16,0,5.4985,3.3299e-18,0,0.0017599,0.0017599,0,1.0003e-16,0,98.267,1176.7,FLYING
9.29,-6.2609e-16,0,5.4985,3.3727e-18,0,0.0017578,0.0017578,0,1.0094e-16,0,98.267,1176.7,FLYING
9.2925,-6.2608e-16,0,5.4985,3.4159e-18,0,0.0017558,0.0017558,0,1.0152e-16,0,98.266,1176.7,FLYING
9.295,-6.2608e-16,0,5.4985,3.4593e-18,0,0.0017537,0.0017537,0,1.0209e-16,0,98.266,1176.7,FLYING
9.2975,-6.2607e-16,0,5.4985,3.503e-18,0,0.0017516,0.0017516,0,1.0266e-16,0,98.265,1176.7,FLYING
9.3,-6.2606e-16,0,5.4985,3.5469e-18,0,0.0017495,0.0017495,0,1.0323e-16,0,98.265,1176.7,FLYING
9.3025,-6.2605e-16,0,5.4985,3.5911e-18,0,0.0017475,0.0017475,0,1.0397e-16,0,98.264,1176.7,FLYING
9.305,-6.2604e-16,0,5.4985,3.6355e-18,0,0.0017454,0.0017454,0,1.042e-16,0,98.264,1176.7,FLYING
9.3075,-6.2603e-16,0,5.4985,3.6801e-18,0,0.0017433,0.0017433,0,1.0409e-16,0,98.263,1176.7,FLYING
9.31,-6.2602e-16,0,5.4985,3.7247e-18,0,0.0017413,0.0017413,0,1.0347e-16,0,98.263,1176.7,FLYING
9.3125,-6.2601e-16,0,5.4985,3.7689e-18,0,0.0017392,0.0017392,0,1.0269e-16,0,98.262,1176.7,FLYING
9.315,-6.26e-16,0,5.4985,3.8129e-18,0,0.0017371,0.0017371,0,1.0173e-16,0,98.262,1176.7,FLYING
9.3175,-6.2599e-16,0,5.4985,3.8564e-18,0,0.0017351,0.0017351,0,1.0044e-16,0,98.262,1176.7,FLYING
9.32,-6.2598e-16,0,5.4985,3.8994e-18,0,0.001733,0.001733,0,9.8802e-17,0,98.261,1176.7,FLYING
9.3225,-6.2597e-16,0,5.4985,3.9416e-18,0,0.001731,0.001731,0,9.666e-17,0,98.261,1176.7,FLYING
9.325,-6.2596e-16,0,5.4985,3.983e-18,0,0.0017289,0.0017289,0,9.4348e-17,0,98.26,1176.7,FLYING
9.3275,-6.2595e-16,0,5.4985,4.0234e-18,0,0.0017269,0.0017269,0,9.1868e-17,0,98.26,1176.7,FLYING
9.33,-6.2594e-16,0,5.4985,4.0627e-18,0,0.0017249,0.0017249,0,8.9218e-17,0,98.259,1176.7,FLYING
9.3325,-6.2593e-16,0,5.4985,4.1008e-18,0,0.0017228,0.0017228,0,8.6739e-17,0,98.259,1176.7,FLYING
9.335,-6.2592e-16,0,5.4985,4.138e-18,0,0.0017208,0.0017208,0,8.409e-17,0,98.258,1176.7,FLYING
9.3375,-6.2591e-16,0,5.4986,4.1739e-18,0,0.0017187,0.0017187,0,8.1612e-17,0,98.258,1176.7,FLYING
9.34,-6.259e-16,0,5.4986,4.2088e-18,0,0.0017167,0.0017167,0,7.8965e-17,0,98.257,1176.7,FLYING
9.3425,-6.2589e-16,0,5.4986,4.2426e-18,0,0.0017147,0.0017147,0,7.6488e-17,0,98.257,1176.7,FLYING
9.345,-6.2588e-16,0,5.4986,4.2754e-18,0,0.0017126,0.0017126,0,7.4012e-17,0,98.257,1176.7,FLYING
9.3475,-6.2587e-16,0,5.4986,4.307e-18,0,0.0017106,0.0017106,0,7.1367e-17,0,98.256,1176.7,FLYING
9.35,-6.2586e-16,0,5.4986,4.3376e-18,0,0.0017086,0.0017086,0,6.8553e-17,0,98.256,1176.7,FLYING
9.3525,-6.2585e-16,0,5.4986,4.3669e-18,0,0.0017066,0.0017066,0,6.557e-17,0,98.255,1176.7,FLYING
9.355,-6.2584e-16,0,5.4986,4.3949e-18,0,0.0017046,0.0017046,0,6.2418e-17,0,98.255,1176.7,FLYING
9.3575,-6.2583e-16,0,5.4986,4.4217e-18,0,0.0017025,0.0017025,0,5.9267e-17,0,98.254,1176.7,FLYING
9.36,-6.2581e-16,0,5.4986,4.447e-18,0,0.0017005,0.0017005,0,5.6116e-17,0,98.254,1176.7,FLYING
9.3625,-6.258e-16,0,5.4986,4.471e-18,0,0.0016985,0.0016985,0,5.2967e-17,0,98.253,1176.7,FLYING
9.365,-6.2579e-16,0,5.4986,4.4937e-18,0,0.0016965,0.0016965,0,4.9818e-17,0,98.253,1176.7,FLYING
9.3675,-6.2578e-16,0,5.4986,4.515e-18,0,0.0016945,0.0016945,0,4.667e-17,0,98.252,1176.7,FLYING
9.37,-6.2577e-16,0,5.4986,4.535e-18,0,0.0016925,0.0016925,0,4.3353e-17,0,98.252,1176.7,FLYING
9.3725,-6.2576e-16,0,5.4986,4.5535e-18,0,0.0016905,0.0016905,0,3.9868e-17,0,98.251,1176.7,FLYING
9.375,-6.2575e-16,0,5.4986,4.5706e-18,0,0.0016885,0.0016885,0,3.6383e-17,0,98.251,1176.7,FLYING
9.3775,-6.2574e-16,0,5.4986,4.5861e-18,0,0.0016865,0.0016865,0,3.2729e-17,0,98.251,1176.7,FLYING
9.38,-6.2572e-16,0,5.4986,4.6001e-18,0,0.0016845,0.0016845,0,2.8907e-17,0,98.25,1176.7,FLYING
9.3825,-6.2571e-16,0,5.4986,4.6125e-18,0,0.0016825,0.0016825,0,2.5086e-17,0,98.25,1176.7,FLYING
9.385,-6.257e-16,0,5.4986,4.6232e-18,0,0.0016805,0.0016805,0,2.1605e-17,0,98.249,1176.7,FLYING
9.3875,-6.2569e-16,0,5.4986,4.6325e-18,0,0.0016785,0.0016785,0,1.8464e-17,0,98.249,1176.7,FLYING
9.39,-6.2568e-16,0,5.4986,4.6404e-18,0,0.0016765,0.0016765,0,1.5493e-17,0,98.248,1176.7,FLYING
9.3925,-6.2567e-16,0,5.4986,4.647e-18,0,0.0016746,0.0016746,0,1.2863e-17,0,98.248,1176.7,FLYING
9.395,-6.2565e-16,0,5.4987,4.6525e-18,0,0.0016726,0.0016726,0,1.0572e-17,0,98.247,1176.7,FLYING
9.3975,-6.2564e-16,0,5.4987,4.657e-18,0,0.0016706,0.0016706,0,8.6211e-18,0,98.247,1176.7,FLYING
9.4,-6.2563e-16,0,5.4987,4.6607e-18,0,0.0016686,0.0016686,0,7.0101e-18,0,98.246,1176.7,FLYING
9.4025,-6.2562e-16,0,5.4987,4.6637e-18,0,0.0016666,0.0016666,0,5.7387e-18,0,98.246,1176.7,FLYING
9.405,-6.2561e-16,0,5.4987,4.6662e-18,0,0.0016647,0.0016647,0,4.8069e-18,0,98.246,1176.7,FLYING
9.4075,-6.256e-16,0,5.4987,4.6682e-18,0,0.0016627,0.0016627,0,4.3842e-18,0,98.245,1176.7,FLYING
9.41,-6.2558e-16,0,5.4987,4.6701e-18,0,0.0016607,0.0016607,0,3.9616e-18,0,98.245,1176.7,FLYING
9.4125,-6.2557e-16,0,5.4987,4.6718e-18,0,0.0016588,0.0016588,0,3.7088e-18,0,98.244,1176.7,FLYING
9.415,-6.2556e-16,0,5.4987,4.6734e-18,0,0.0016568,0.0016568,0,3.2864e-18,0,98.244,1176.7,FLYING
9.4175,-6.2555e-16,0,5.4987,4.6748e-18,0,0.0016548,0.0016548,0,2.8641e-18,0,98.243,1176.7,FLYING
9.42,-6.2554e-16,0,5.4987,4.676e-18,0,0.0016529,0.0016529,0,2.2723e-18,0,98.243,1176.7,FLYING
9.4225,-6.2553e-16,0,5.4987,4.677e-18,0,0.0016509,0.0016509,0,1.511e-18,0,98.242,1176.7,FLYING
9.425,-6.2551e-16,0,5.4987,4.6777e-18,0,0.001649,0.001649,0,7.4986e-19,0,98.242,1176.7,FLYING
9.4275,-6.255e-16,0,5.4987,4.678e-18,0,0.001647,0.001647,0,-1.807e-19,0,98.241,1176.7,FLYING
9.43,-6.2549e-16,0,5.4987,4.6779e-18,0,0.0016451,0.0016451,0,-1.111e-18,0,98.241,1176.7,FLYING
9.4325,-6.2548e-16,0,5.4987,4.6774e-18,0,0.0016431,0.0016431,0,-2.0411e-18,0,98.241,1176.7,FLYING
9.435,-6.2547e-16,0,5.4987,4.6765e-18,0,0.0016412,0.0016412,0,-2.971e-18,0,98.24,1176.7,FLYING
9.4375,-6.2546e-16,0,5.4987,4.6753e-18,0,0.0016392,0.0016392,0,-3.9006e-18,0,98.24,1176.7,FLYING
9.44,-6.2544e-16,0,5.4987,4.6736e-18,0,0.0016373,0.0016373,0,-4.83e-18,0,98.239,1176.7,FLYING
9.4425,-6.2543e-16,0,5.4987,4.6715e-18,0,0.0016354,0.0016354,0,-5.5895e-18,0,98.239,1176.7,FLYING
9.445,-6.2542e-16,0,5.4987,4.6691e-18,0,0.0016334,0.0016334,0,-6.3489e-18,0,98.238,1176.7,FLYING
9.4475,-6.2541e-16,0,5.4987,4.6664e-18,0,0.0016315,0.0016315,0,-7.108e-18,0,98.238,1176.7,FLYING
9.45,-6.254e-16,0,5.4987,4.6634e-18,0,0.0016296,0.0016296,0,-7.867e-18,0,98.237,1176.7,FLYING
9.4525,-6.2539e-16,0,5.4987,4.66e-18,0,0.0016276,0.0016276,0,-8.6257e-18,0,98.237,1176.7,FLYING
9.455,-6.2537e-16,0,5.4987,4.6563e-18,0,0.0016257,0.0016257,0,-9.2147e-18,0,98.236,1176.7,FLYING
9.4575,-6.2536e-16,0,5.4988,4.6524e-18,0,0.0016238,0.0016238,0,-9.8035e-18,0,98.236,1176.7,FLYING
9.46,-6.2535e-16,0,5.4988,4.6482e-18,0,0.0016219,0.0016219,0,-1.0392e-17,0,98.236,1176.7,FLYING
9.4625,-6.2534e-16,0,5.4988,4.6437e-18,0,0.00162,0.00162,0,-1.115e-17,0,98.235,1176.7,FLYING
9.465,-6.2533e-16,0,5.4988,4.639e-18,0,0.001618,0.001618,0,-1.2078e-17,0,98.235,1176.7,FLYING
9.4675,-6.2532e-16,0,5.4988,4.6338e-18,0,0.0016161,0.0016161,0,-1.3005e-17,0,98.234,1176.7,FLYING
9.47,-6.253e-16,0,5.4988,4.6282e-18,0,0.0016142,0.0016142,0,-1.4102e-17,0,98.234,1176.7,FLYING
9.4725,-6.2529e-16,0,5.4988,4.6222e-18,0,0.0016123,0.0016123,0,-1.5029e-17,0,98.233,1176.7,FLYING
9.475,-6.2528e-16,0,5.4988,4.6158e-18,0,0.0016104,0.0016104,0,-1.5955e-17,0,98.233,1176.7,FLYING
9.4775,-6.2527e-16,0,5.4988,4.609e-18,0,0.0016085,0.0016085,0,-1.7051e-17,0,98.232,1176.7,FLYING
9.48,-6.2526e-16,0,5.4988,4.6017e-18,0,0.0016066,0.0016066,0,-1.8317e-17,0,98.232,1176.7,FLYING
9.4825,-6.2525e-16,0,5.4988,4.5938e-18,0,0.0016047,0.0016047,0,-1.9582e-17,0,98.231,1176.7,FLYING
9.485,-6.2524e-16,0,5.4988,4.5854e-18,0,0.0016028,0.0016028,0,-2.0847e-17,0,98.231,1176.7,FLYING
9.4875,-6.2522e-16,0,5.4988,4.5765e-18,0,0.0016009,0.0016009,0,-2.2111e-17,0,98.231,1176.7,FLYING
9.49,-6.2521e-16,0,5.4988,4.5671e-18,0,0.001599,0.001599,0,-2.3375e-17,0,98.23,1176.7,FLYING
9.4925,-6.252e-16,0,5.4988,4.5571e-18,0,0.0015971,0.0015971,0,-2.4639e-17,0,98.23,1176.7,FLYING
9.495,-6.2519e-16,0,5.4988,4.5465e-18,0,0.0015952,0.0015952,0,-2.5733e-17,0,98.229,1176.7,FLYING
9.4975,-6.2518e-16,0,5.4988,4.5355e-18,0,0.0015933,0.0015933,0,-2.6657e-17,0,98.229,1176.7,FLYING
9.5,-6.2517e-16,0,5.4988,4.5241e-18,0,0.0015914,0.0015914,0,-2.7411e-17,0,98.228,1176.7,FLYING
9.5025,-6.2516e-16,0,5.4988,4.5124e-18,0,0.0015896,0.0015896,0,-2.7995e-17,0,98.228,1176.7,FLYING
9.505,-6.2514e-16,0,5.4988,4.5004e-18,0,0.0015877,0.0015877,0,-2.8409e-17,0,98.227,1176.7,FLYING
9.5075,-6.2513e-16,0,5.4988,4.4882e-18,0,0.0015858,0.0015858,0,-2.8485e-17,0,98.227,1176.7,FLYING
9.51,-6.2512e-16,0,5.4988,4.4761e-18,0,0.0015839,0.0015839,0,-2.839e-17,0,98.226,1176.7,FLYING
9.5125,-6.2511e-16,0,5.4988,4.4639e-18,0,0.0015821,0.0015821,0,-2.7956e-17,0,98.226,1176.7,FLYING
9.515,-6.251e-16,0,5.4988,4.4519e-18,0,0.0015802,0.0015802,0,-2.7183e-17,0,98.225,1176.7,FLYING
9.5175,-6.2509e-16,0,5.4988,4.4403e-18,0,0.0015783,0.0015783,0,-2.6241e-17,0,98.225,1176.7,FLYING
9.52,-6.2508e-16,0,5.4989,4.4291e-18,0,0.0015764,0.0015764,0,-2.496e-17,0,98.225,1176.7,FLYING
9.5225,-6.2507e-16,0,5.4989,4.4184e-18,0,0.0015746,0.0015746,0,-2.317e-17,0,98.224,1176.7,FLYING
9.525,-6.2506e-16,0,5.4989,4.4085e-18,0,0.0015727,0.0015727,0,-2.1211e-17,0,98.224,1176.7,FLYING
9.5275,-6.2504e-16,0,5.4989,4.3994e-18,0,0.0015709,0.0015709,0,-1.8913e-17,0,98.223,1176.7,FLYING
9.53,-6.2503e-16,0,5.4989,4.3913e-18,0,0.001569,0.001569,0,-1.6106e-17,0,98.223,1176.7,FLYING
9.5325,-6.2502e-16,0,5.4989,4.3844e-18,0,0.0015671,0.0015671,0,-1.3131e-17,0,98.222,1176.7,FLYING
9.535,-6.2501e-16,0,5.4989,4.3788e-18,0,0.0015653,0.0015653,0,-9.8177e-18,0,98.222,1176.7,FLYING
9.5375,-6.25e-16,0,5.4989,4.3746e-18,0,0.0015634,0.0015634,0,-6.1656e-18,0,98.221,1176.7,FLYING
9.54,-6.2499e-16,0,5.4989,4.372e-18,0,0.0015616,0.0015616,0,-2.0055e-18,0,98.221,1176.7,FLYING
9.5425,-6.2498e-16,0,5.4989,4.3711e-18,0,0.0015597,0.0015597,0,2.6624e-18,0,98.22,1176.7,FLYING
9.545,-6.2497e-16,0,5.4989,4.3723e-18,0,0.0015579,0.0015579,0,7.4988e-18,0,98.22,1176.7,FLYING
9.5475,-6.2496e-16,0,5.4989,4.3755e-18,0,0.001556,0.001556,0,1.2843e-17,0,98.22,1176.7,FLYING
9.55,-6.2495e-16,0,5.4989,4.381e-18,0,0.0015542,0.0015542,0,1.8525e-17,0,98.219,1176.7,FLYING
9.5525,-6.2494e-16,0,5.4989,4.3889e-18,0,0.0015524,0.0015524,0,2.4545e-17,0,98.219,1176.7,FLYING
9.555,-6.2492e-16,0,5.4989,4.3994e-18,0,0.0015505,0.0015505,0,3.0733e-17,0,98.218,1176.7,FLYING
9.5575,-6.2491e-16,0,5.4989,4.4125e-18,0,0.0015487,0.0015487,0,3.7258e-17,0,98.218,1176.7,FLYING
9.56,-6.249e-16,0,5.4989,4.4285e-18,0,0.0015469,0.0015469,0,4.4121e-17,0,98.217,1176.7,FLYING
9.5625,-6.2489e-16,0,5.4989,4.4474e-18,0,0.001545,0.001545,0,5.1322e-17,0,98.217,1176.7,FLYING
9.565,-6.2488e-16,0,5.4989,4.4693e-18,0,0.0015432,0.0015432,0,5.8521e-17,0,98.216,1176.7,FLYING
9.5675,-6.2487e-16,0,5.4989,4.4944e-18,0,0.0015414,0.0015414,0,6.5888e-17,0,98.216,1176.7,FLYING
9.57,-6.2486e-16,0,5.4989,4.5225e-18,0,0.0015396,0.0015396,0,7.2744e-17,0,98.215,1176.7,FLYING
9.5725,-6.2485e-16,0,5.4989,4.5537e-18,0,0.0015377,0.0015377,0,7.9429e-17,0,98.215,1176.7,FLYING
9.575,-6.2483e-16,0,5.4989,4.5877e-18,0,0.0015359,0.0015359,0,8.5773e-17,0,98.215,1176.7,FLYING
9.5775,-6.2482e-16,0,5.4989,4.6244e-18,0,0.0015341,0.0015341,0,9.1776e-17,0,98.214,1176.7,FLYING
9.58,-6.2481e-16,0,5.4989,4.6636e-18,0,0.0015323,0.0015323,0,9.7438e-17,0,98.214,1176.7,FLYING
9.5825,-6.248e-16,0,5.499,4.7053e-18,0,0.0015305,0.0015305,0,1.0293e-16,0,98.213,1176.7,FLYING
9.585,-6.2479e-16,0,5.499,4.7494e-18,0,0.0015287,0.0015287,0,1.0808e-16,0,98.213,1176.7,FLYING
9.5875,-6.2478e-16,0,5.499,4.7956e-18,0,0.0015269,0.0015269,0,1.1306e-16,0,98.212,1176.7,FLYING
9.59,-6.2476e-16,0,5.499,4.844e-18,0,0.001525,0.001525,0,1.1753e-16,0,98.212,1176.7,FLYING
9.5925,-6.2475e-16,0,5.499,4.8943e-18,0,0.0015232,0.0015232,0,1.2183e-16,0,98.211,1176.7,FLYING
9.595,-6.2474e-16,0,5.499,4.9464e-18,0,0.0015214,0.0015214,0,1.2562e-16,0,98.211,1176.7,FLYING
9.5975,-6.2473e-16,0,5.499,5.0001e-18,0,0.0015196,0.0015196,0,1.2907e-16,0,98.21,1176.7,FLYING
9.6,-6.2471e-16,0,5.499,5.0554e-18,0,0.0015178,0.0015178,0,1.3217e-16,0,98.21,1176.7,FLYING
9.6025,-6.247e-16,0,5.499,5.1119e-18,0,0.001516,0.001516,0,1.3494e-16,0,98.21,1176.7,FLYING
9.605,-6.2469e-16,0,5.499,5.1696e-18,0,0.0015143,0.0015143,0,1.3754e-16,0,98.209,1176.7,FLYING
9.6075,-6.2468e-16,0,5.499,5.2285e-18,0,0.0015125,0.0015125,0,1.398e-16,0,98.209,1176.7,FLYING
9.61,-6.2466e-16,0,5.499,5.2883e-18,0,0.0015107,0.0015107,0,1.4155e-16,0,98.208,1176.7,FLYING
9.6125,-6.2465e-16,0,5.499,5.3489e-18,0,0.0015089,0.0015089,0,1.4296e-16,0,98.208,1176.7,FLYING
9.615,-6.2463e-16,0,5.499,5.41e-18,0,0.0015071,0.0015071,0,1.4403e-16,0,98.207,1176.7,FLYING
9.6175,-6.2462e-16,0,5.499,5.4717e-18,0,0.0015053,0.0015053,0,1.4476e-16,0,98.207,1176.7,FLYING
9.62,-6.2461e-16,0,5.499,5.5336e-18,0,0.0015035,0.0015035,0,1.4515e-16,0,98.206,1176.7,FLYING
9.6225,-6.2459e-16,0,5.499,5.5957e-18,0,0.0015018,0.0015018,0,1.4571e-16,0,98.206,1176.7,FLYING
9.625,-6.2458e-16,0,5.499,5.658e-18,0,0.0015,0.0015,0,1.4627e-16,0,98.205,1176.7,FLYING
9.6275,-6.2456e-16,0,5.499,5.7206e-18,0,0.0014982,0.0014982,0,1.4683e-16,0,98.205,1176.7,FLYING
9.63,-6.2455e-16,0,5.499,5.7834e-18,0,0.0014964,0.0014964,0,1.4789e-16,0,98.205,1176.7,FLYING
9.6325,-6.2454e-16,0,5.499,5.8467e-18,0,0.0014947,0.0014947,0,1.4913e-16,0,98.204,1176.7,FLYING
9.635,-6.2452e-16,0,5.499,5.9105e-18,0,0.0014929,0.0014929,0,1.5071e-16,0,98.204,1176.7,FLYING
9.6375,-6.2451e-16,0,5.499,5.975e-18,0,0.0014911,0.0014911,0,1.5245e-16,0,98.203,1176.7,FLYING
9.64,-6.2449e-16,0,5.499,6.0402e-18,0,0.0014894,0.0014894,0,1.542e-16,0,98.203,1176.7,FLYING
9.6425,-6.2448e-16,0,5.499,6.1062e-18,0,0.0014876,0.0014876,0,1.5595e-16,0,98.202,1176.7,FLYING
9.645,-6.2446e-16,0,5.499,6.1729e-18,0,0.0014858,0.0014858,0,1.5786e-16,0,98.202,1176.7,FLYING
9.6475,-6.2444e-16,0,5.499,6.2405e-18,0,0.0014841,0.0014841,0,1.5977e-16,0,98.201,1176.7,FLYING
9.65,-6.2443e-16,0,5.4991,6.3088e-18,0,0.0014823,0.0014823,0,1.6169e-16,0,98.201,1176.7,FLYING
9.6525,-6.2441e-16,0,5.4991,6.378e-18,0,0.0014806,0.0014806,0,1.636e-16,0,98.2,1176.7,FLYING
9.655,-6.244e-16,0,5.4991,6.448e-18,0,0.0014788,0.0014788,0,1.6534e-16,0,98.2,1176.7,FLYING
9.6575,-6.2438e-16,0,5.4991,6.5188e-18,0,0.0014771,0.0014771,0,1.6726e-16,0,98.199,1176.7,FLYING
9.66,-6.2436e-16,0,5.4991,6.5903e-18,0,0.0014753,0.0014753,0,1.6934e-16,0,98.199,1176.7,FLYING
9.6625,-6.2435e-16,0,5.4991,6.6628e-18,0,0.0014736,0.0014736,0,1.7142e-16,0,98.199,1176.7,FLYING
9.665,-6.2433e-16,0,5.4991,6.7361e-18,0,0.0014718,0.0014718,0,1.735e-16,0,98.198,1176.7,FLYING
9.6675,-6.2431e-16,0,5.4991,6.8104e-18,0,0.0014701,0.0014701,0,1.7558e-16,0,98.198,1176.7,FLYING
9.67,-6.243e-16,0,5.4991,6.8855e-18,0,0.0014684,0.0014684,0,1.7749e-16,0,98.197,1176.7,FLYING
9.6725,-6.2428e-16,0,5.4991,6.9614e-18,0,0.0014666,0.0014666,0,1.7956e-16,0,98.197,1176.7,FLYING
9.675,-6.2426e-16,0,5.4991,7.0383e-18,0,0.0014649,0.0014649,0,1.8181e-16,0,98.196,1176.7,FLYING
9.6775,-6.2424e-16,0,5.4991,7.116e-18,0,0.0014631,0.0014631,0,1.8423e-16,0,98.196,1176.7,FLYING
9.68,-6.2423e-16,0,5.4991,7.1949e-18,0,0.0014614,0.0014614,0,1.8665e-16,0,98.195,1176.7,FLYING
9.6825,-6.2421e-16,0,5.4991,7.2747e-18,0,0.0014597,0.0014597,0,1.8906e-16,0,98.195,1176.7,FLYING
9.685,-6.2419e-16,0,5.4991,7.3556e-18,0,0.001458,0.001458,0,1.9148e-16,0,98.194,1176.7,FLYING
9.6875,-6.2417e-16,0,5.4991,7.4375e-18,0,0.0014562,0.0014562,0,1.9406e-16,0,98.194,1176.7,FLYING
9.69,-6.2415e-16,0,5.4991,7.5206e-18,0,0.0014545,0.0014545,0,1.9647e-16,0,98.194,1176.7,FLYING
9.6925,-6.2413e-16,0,5.4991,7.6046e-18,0,0.0014528,0.0014528,0,1.9889e-16,0,98.193,1176.7,FLYING
9.695,-6.2411e-16,0,5.4991,7.6897e-18,0,0.0014511,0.0014511,0,2.0113e-16,0,98.193,1176.7,FLYING
9.6975,-6.2409e-16,0,5.4991,7.7758e-18,0,0.0014494,0.0014494,0,2.0354e-16,0,98.192,1176.7,FLYING
9.7,-6.2407e-16,0,5.4991,7.8629e-18,0,0.0014476,0.0014476,0,2.0595e-16,0,98.192,1176.7,FLYING
9.7025,-6.2405e-16,0,5.4991,7.951e-18,0,0.0014459,0.0014459,0,2.0819e-16,0,98.191,1176.7,FLYING
9.705,-6.2403e-16,0,5.4991,8.0401e-18,0,0.0014442,0.0014442,0,2.1043e-16,0,98.191,1176.7,FLYING
9.7075,-6.2401e-16,0,5.4991,8.1301e-18,0,0.0014425,0.0014425,0,2.125e-16,0,98.19,1176.7,FLYING
9.71,-6.2399e-16,0,5.4991,8.221e-18,0,0.0014408,0.0014408,0,2.144e-16,0,98.19,1176.7,FLYING
9.7125,-6.2397e-16,0,5.4991,8.3128e-18,0,0.0014391,0.0014391,0,2.1647e-16,0,98.189,1176.7,FLYING
9.715,-6.2395e-16,0,5.4991,8.4054e-18,0,0.0014374,0.0014374,0,2.1854e-16,0,98.189,1176.7,FLYING
9.7175,-6.2393e-16,0,5.4992,8.4989e-18,0,0.0014357,0.0014357,0,2.2044e-16,0,98.189,1176.7,FLYING
9.72,-6.2391e-16,0,5.4992,8.5932e-18,0,0.001434,0.001434,0,2.2217e-16,0,98.188,1176.7,FLYING
9.7225,-6.2389e-16,0,5.4992,8.6883e-18,0,0.0014323,0.0014323,0,2.239e-16,0,98.188,1176.7,FLYING
9.725,-6.2387e-16,0,5.4992,8.7841e-18,0,0.0014306,0.0014306,0,2.2563e-16,0,98.187,1176.7,FLYING
9.7275,-6.2384e-16,0,5.4992,8.8806e-18,0,0.0014289,0.0014289,0,2.2735e-16,0,98.187,1176.7,FLYING
9.73,-6.2382e-16,0,5.4992,8.9779e-18,0,0.0014272,0.0014272,0,2.2908e-16,0,98.186,1176.7,FLYING
9.7325,-6.238e-16,0,5.4992,9.0759e-18,0,0.0014255,0.0014255,0,2.3098e-16,0,98.186,1176.7,FLYING
9.735,-6.2378e-16,0,5.4992,9.1747e-18,0,0.0014238,0.0014238,0,2.3287e-16,0,98.185,1176.7,FLYING
9.7375,-6.2375e-16,0,5.4992,9.2744e-18,0,0.0014222,0.0014222,0,2.346e-16,0,98.185,1176.7,FLYING
9.74,-6.2373e-16,0,5.4992,9.3748e-18,0,0.0014205,0.0014205,0,2.3615e-16,0,98.184,1176.7,FLYING
9.7425,-6.237e-16,0,5.4992,9.4758e-18,0,0.0014188,0.0014188,0,2.3771e-16,0,98.184,1176.7,FLYING
9.745,-6.2368e-16,0,5.4992,9.5775e-18,0,0.0014171,0.0014171,0,2.3943e-16,0,98.184,1176.7,FLYING
9.7475,-6.2366e-16,0,5.4992,9.6799e-18,0,0.0014154,0.0014154,0,2.4099e-16,0,98.183,1176.7,FLYING
9.75,-6.2363e-16,0,5.4992,9.7831e-18,0,0.0014138,0.0014138,0,2.4271e-16,0,98.183,1176.7,FLYING
9.7525,-6.2361e-16,0,5.4992,9.8869e-18,0,0.0014121,0.0014121,0,2.4426e-16,0,98.182,1176.7,FLYING
9.755,-6.2358e-16,0,5.4992,9.9914e-18,0,0.0014104,0.0014104,0,2.4582e-16,0,98.182,1176.7,FLYING
9.7575,-6.2356e-16,0,5.4992,1.0097e-17,0,0.0014088,0.0014088,0,2.4754e-16,0,98.181,1176.7,FLYING
9.76,-6.2353e-16,0,5.4992,1.0203e-17,0,0.0014071,0.0014071,0,2.4926e-16,0,98.181,1176.7,FLYING
9.7625,-6.2351e-16,0,5.4992,1.0309e-17,0,0.0014054,0.0014054,0,2.5098e-16,0,98.18,1176.7,FLYING
9.765,-6.2348e-16,0,5.4992,1.0417e-17,0,0.0014038,0.0014038,0,2.5253e-16,0,98.18,1176.7,FLYING
9.7675,-6.2345e-16,0,5.4992,1.0525e-17,0,0.0014021,0.0014021,0,2.5408e-16,0,98.179,1176.7,FLYING
9.77,-6.2343e-16,0,5.4992,1.0633e-17,0,0.0014004,0.0014004,0,2.558e-16,0,98.179,1176.7,FLYING
9.7725,-6.234e-16,0,5.4992,1.0743e-17,0,0.0013988,0.0013988,0,2.5752e-16,0,98.179,1176.7,FLYING
9.775,-6.2337e-16,0,5.4992,1.0853e-17,0,0.0013971,0.0013971,0,2.5907e-16,0,98.178,1176.7,FLYING
9.7775,-6.2335e-16,0,5.4992,1.0964e-17,0,0.0013955,0.0013955,0,2.6045e-16,0,98.178,1176.7,FLYING
9.78,-6.2332e-16,0,5.4992,1.1075e-17,0,0.0013938,0.0013938,0,2.6183e-16,0,98.177,1176.7,FLYING
9.7825,-6.2329e-16,0,5.4992,1.1187e-17,0,0.0013922,0.0013922,0,2.6321e-16,0,98.177,1176.7,FLYING
9.785,-6.2326e-16,0,5.4992,1.13e-17,0,0.0013905,0.0013905,0,2.6459e-16,0,98.176,1176.7,FLYING
9.7875,-6.2323e-16,0,5.4992,1.1413e-17,0,0.0013889,0.0013889,0,2.6597e-16,0,98.176,1176.7,FLYING
9.79,-6.232e-16,0,5.4993,1.1527e-17,0,0.0013872,0.0013872,0,2.6735e-16,0,98.175,1176.7,FLYING
9.7925,-6.2318e-16,0,5.4993,1.1641e-17,0,0.0013856,0.0013856,0,2.6872e-16,0,98.175,1176.7,FLYING
9.795,-6.2315e-16,0,5.4993,1.1756e-17,0,0.001384,0.001384,0,2.701e-16,0,98.174,1176.7,FLYING
9.7975,-6.2312e-16,0,5.4993,1.1872e-17,0,0.0013823,0.0013823,0,2.7148e-16,0,98.174,1176.7,FLYING
9.8,-6.2309e-16,0,5.4993,1.1988e-17,0,0.0013807,0.0013807,0,2.7302e-16,0,98.173,1176.7,FLYING
9.8025,-6.2306e-16,0,5.4993,1.2105e-17,0,0.0013791,0.0013791,0,2.744e-16,0,98.173,1176.7,FLYING
9.805,-6.2303e-16,0,5.4993,1.2222e-17,0,0.0013774,0.0013774,0,2.7578e-16,0,98.173,1176.7,FLYING
9.8075,-6.2299e-16,0,5.4993,1.234e-17,0,0.0013758,0.0013758,0,2.7698e-16,0,98.172,1176.7,FLYING
9.81,-6.2296e-16,0,5.4993,1.2459e-17,0,0.0013742,0.0013742,0,2.7836e-16,0,98.172,1176.7,FLYING
9.8125,-6.2293e-16,0,5.4993,1.2578e-17,0,0.0013725,0.0013725,0,2.7973e-16,0,98.171,1176.7,FLYING
9.815,-6.229e-16,0,5.4993,1.2697e-17,0,0.0013709,0.0013709,0,2.8111e-16,0,98.171,1176.7,FLYING
9.8175,-6.2287e-16,0,5.4993,1.2818e-17,0,0.0013693,0.0013693,0,2.8265e-16,0,98.17,1176.7,FLYING
9.82,-6.2284e-16,0,5.4993,1.2939e-17,0,0.0013677,0.0013677,0,2.8419e-16,0,98.17,1176.7,FLYING
9.8225,-6.228e-16,0,5.4993,1.306e-17,0,0.0013661,0.0013661,0,2.8557e-16,0,98.169,1176.7,FLYING
9.825,-6.2277e-16,0,5.4993,1.3182e-17,0,0.0013644,0.0013644,0,2.8694e-16,0,98.169,1176.7,FLYING
9.8275,-6.2274e-16,0,5.4993,1.3305e-17,0,0.0013628,0.0013628,0,2.8814e-16,0,98.168,1176.7,FLYING
9.83,-6.227e-16,0,5.4993,1.3429e-17,0,0.0013612,0.0013612,0,2.8918e-16,0,98.168,1176.7,FLYING
9.8325,-6.2267e-16,0,5.4993,1.3552e-17,0,0.0013596,0.0013596,0,2.8987e-16,0,98.168,1176.7,FLYING
9.835,-6.2264e-16,0,5.4993,1.3676e-17,0,0.001358,0.001358,0,2.9006e-16,0,98.167,1176.7,FLYING
9.8375,-6.226e-16,0,5.4993,1.38e-17,0,0.0013564,0.0013564,0,2.8973e-16,0,98.167,1176.7,FLYING
9.84,-6.2257e-16,0,5.4993,1.3924e-17,0,0.0013548,0.0013548,0,2.8924e-16,0,98.166,1176.7,FLYING
9.8425,-6.2253e-16,0,5.4993,1.4048e-17,0,0.0013532,0.0013532,0,2.884e-16,0,98.166,1176.7,FLYING
9.845,-6.225e-16,0,5.4993,1.4172e-17,0,0.0013516,0.0013516,0,2.8723e-16,0,98.165,1176.7,FLYING
9.8475,-6.2246e-16,0,5.4993,1.4294e-17,0,0.00135,0.00135,0,2.8572e-16,0,98.165,1176.7,FLYING
9.85,-6.2242e-16,0,5.4993,1.4417e-17,0,0.0013484,0.0013484,0,2.837e-16,0,98.164,1176.7,FLYING
9.8525,-6.2239e-16,0,5.4993,1.4538e-17,0,0.0013468,0.0013468,0,2.8151e-16,0,98.164,1176.7,FLYING
9.855,-6.2235e-16,0,5.4993,1.4659e-17,0,0.0013452,0.0013452,0,2.7899e-16,0,98.163,1176.7,FLYING
9.8575,-6.2231e-16,0,5.4993,1.4778e-17,0,0.0013436,0.0013436,0,2.7646e-16,0,98.163,1176.7,FLYING
9.86,-6.2228e-16,0,5.4993,1.4896e-17,0,0.001342,0.001342,0,2.7393e-16,0,98.163,1176.7,FLYING
9.8625,-6.2224e-16,0,5.4994,1.5013e-17,0,0.0013404,0.0013404,0,2.7141e-16,0,98.162,1176.7,FLYING
9.865,-6.222e-16,0,5.4994,1.513e-17,0,0.0013388,0.0013388,0,2.6888e-16,0,98.162,1176.7,FLYING
9.8675,-6.2216e-16,0,5.4994,1.5245e-17,0,0.0013373,0.0013373,0,2.6653e-16,0,98.161,1176.7,FLYING
9.87,-6.2212e-16,0,5.4994,1.5359e-17,0,0.0013357,0.0013357,0,2.6434e-16,0,98.161,1176.7,FLYING
9.8725,-6.2209e-16,0,5.4994,1.5472e-17,0,0.0013341,0.0013341,0,2.6165e-16,0,98.16,1176.7,FLYING
9.875,-6.2205e-16,0,5.4994,1.5584e-17,0,0.0013325,0.0013325,0,2.5879e-16,0,98.16,1176.7,FLYING
9.8775,-6.2201e-16,0,5.4994,1.5694e-17,0,0.0013309,0.0013309,0,2.5593e-16,0,98.159,1176.7,FLYING
9.88,-6.2197e-16,0,5.4994,1.5804e-17,0,0.0013294,0.0013294,0,2.5307e-16,0,98.159,1176.7,FLYING
9.8825,-6.2193e-16,0,5.4994,1.5912e-17,0,0.0013278,0.0013278,0,2.5021e-16,0,98.158,1176.7,FLYING
9.885,-6.2189e-16,0,5.4994,1.6019e-17,0,0.0013262,0.0013262,0,2.4752e-16,0,98.158,1176.7,FLYING
9.8875,-6.2185e-16,0,5.4994,1.6125e-17,0,0.0013247,0.0013247,0,2.45e-16,0,98.158,1176.7,FLYING
9.89,-6.2181e-16,0,5.4994,1.623e-17,0,0.0013231,0.0013231,0,2.4265e-16,0,98.157,1176.7,FLYING
9.8925,-6.2177e-16,0,5.4994,1.6334e-17,0,0.0013215,0.0013215,0,2.3996e-16,0,98.157,1176.7,FLYING
9.895,-6.2173e-16,0,5.4994,1.6436e-17,0,0.00132,0.00132,0,2.3694e-16,0,98.156,1176.7,FLYING
9.8975,-6.2168e-16,0,5.4994,1.6538e-17,0,0.0013184,0.0013184,0,2.3357e-16,0,98.156,1176.7,FLYING
9.9,-6.2164e-16,0,5.4994,1.6638e-17,0,0.0013168,0.0013168,0,2.2987e-16,0,98.155,1176.7,FLYING
9.9025,-6.216e-16,0,5.4994,1.6736e-17,0,0.0013153,0.0013153,0,2.2583e-16,0,98.155,1176.7,FLYING
9.905,-6.2156e-16,0,5.4994,1.6833e-17,0,0.0013137,0.0013137,0,2.2145e-16,0,98.154,1176.7,FLYING
9.9075,-6.2152e-16,0,5.4994,1.6927e-17,0,0.0013122,0.0013122,0,2.1656e-16,0,98.154,1176.7,FLYING
9.91,-6.2147e-16,0,5.4994,1.702e-17,0,0.0013106,0.0013106,0,2.1168e-16,0,98.153,1176.7,FLYING
9.9125,-6.2143e-16,0,5.4994,1.7111e-17,0,0.0013091,0.0013091,0,2.0662e-16,0,98.153,1176.7,FLYING
9.915,-6.2139e-16,0,5.4994,1.7199e-17,0,0.0013075,0.0013075,0,2.0157e-16,0,98.152,1176.7,FLYING
9.9175,-6.2134e-16,0,5.4994,1.7285e-17,0,0.001306,0.001306,0,1.9652e-16,0,98.152,1176.7,FLYING
9.92,-6.213e-16,0,5.4994,1.7369e-17,0,0.0013044,0.0013044,0,1.9164e-16,0,98.152,1176.7,FLYING
9.9225,-6.2126e-16,0,5.4994,1.7451e-17,0,0.0013029,0.0013029,0,1.8676e-16,0,98.151,1176.7,FLYING
9.925,-6.2121e-16,0,5.4994,1.7531e-17,0,0.0013013,0.0013013,0,1.8205e-16,0,98.151,1176.7,FLYING
9.9275,-6.2117e-16,0,5.4994,1.7609e-17,0,0.0012998,0.0012998,0,1.7751e-16,0,98.15,1176.7,FLYING
9.93,-6.2113e-16,0,5.4994,1.7685e-17,0,0.0012983,0.0012983,0,1.7348e-16,0,98.15,1176.7,FLYING
9.9325,-6.2108e-16,0,5.4994,1.7759e-17,0,0.0012967,0.0012967,0,1.6996e-16,0,98.149,1176.7,FLYING
9.935,-6.2104e-16,0,5.4994,1.7832e-17,0,0.0012952,0.0012952,0,1.6678e-16,0,98.149,1176.7,FLYING
9.9375,-6.2099e-16,0,5.4994,1.7903e-17,0,0.0012937,0.0012937,0,1.6378e-16,0,98.148,1176.7,FLYING
9.94,-6.2095e-16,0,5.4995,1.7974e-17,0,0.0012921,0.0012921,0,1.6094e-16,0,98.148,1176.7,FLYING
9.9425,-6.209e-16,0,5.4995,1.8042e-17,0,0.0012906,0.0012906,0,1.5844e-16,0,98.147,1176.7,FLYING
9.945,-6.2086e-16,0,5.4995,1.811e-17,0,0.0012891,0.0012891,0,1.5612e-16,0,98.147,1176.7,FLYING
9.9475,-6.2081e-16,0,5.4995,1.8177e-17,0,0.0012875,0.0012875,0,1.5413e-16,0,98.147,1176.7,FLYING
9.95,-6.2077e-16,0,5.4995,1.8243e-17,0,0.001286,0.001286,0,1.5248e-16,0,98.146,1176.7,FLYING
9.9525,-6.2072e-16,0,5.4995,1.8308e-17,0,0.0012845,0.0012845,0,1.5117e-16,0,98.146,1176.7,FLYING
9.955,-6.2067e-16,0,5.4995,1.8373e-17,0,0.001283,0.001283,0,1.5037e-16,0,98.145,1176.7,FLYING
9.9575,-6.2063e-16,0,5.4995,1.8437e-17,0,0.0012815,0.0012815,0,1.4992e-16,0,98.145,1176.7,FLYING
9.96,-6.2058e-16,0,5.4995,1.8501e-17,0,0.0012799,0.0012799,0,1.4963e-16,0,98.144,1176.7,FLYING
9.9625,-6.2054e-16,0,5.4995,1.8565e-17,0,0.0012784,0.0012784,0,1.4951e-16,0,98.144,1176.7,FLYING
9.965,-6.2049e-16,0,5.4995,1.8629e-17,0,0.0012769,0.0012769,0,1.4939e-16,0,98.143,1176.7,FLYING
9.9675,-6.2044e-16,0,5.4995,1.8693e-17,0,0.0012754,0.0012754,0,1.491e-16,0,98.143,1176.7,FLYING
9.97,-6.2039e-16,0,5.4995,1.8757e-17,0,0.0012739,0.0012739,0,1.4864e-16,0,98.142,1176.7,FLYING
9.9725,-6.2035e-16,0,5.4995,1.8821e-17,0,0.0012724,0.0012724,0,1.4801e-16,0,98.142,1176.7,FLYING
9.975,-6.203e-16,0,5.4995,1.8884e-17,0,0.0012709,0.0012709,0,1.4755e-16,0,98.142,1176.7,FLYING
9.9775,-6.2025e-16,0,5.4995,1.8947e-17,0,0.0012694,0.0012694,0,1.4726e-16,0,98.141,1176.7,FLYING
9.98,-6.2021e-16,0,5.4995,1.901e-17,0,0.0012679,0.0012679,0,1.4698e-16,0,98.141,1176.7,FLYING
9.9825,-6.2016e-16,0,5.4995,1.9073e-17,0,0.0012664,0.0012664,0,1.4652e-16,0,98.14,1176.7,FLYING
9.985,-6.2011e-16,0,5.4995,1.9136e-17,0,0.0012649,0.0012649,0,1.4606e-16,0,98.14,1176.7,FLYING
9.9875,-6.2006e-16,0,5.4995,1.9198e-17,0,0.0012634,0.0012634,0,1.456e-16,0,98.139,1176.7,FLYING
9.99,-6.2001e-16,0,5.4995,1.9261e-17,0,0.0012619,0.0012619,0,1.4497e-16,0,98.139,1176.7,FLYING
9.9925,-6.1997e-16,0,5.4995,1.9323e-17,0,0.0012604,0.0012604,0,1.4418e-16,0,98.138,1176.7,FLYING
9.995,-6.1992e-16,0,5.4995,1.9384e-17,0,0.0012589,0.0012589,0,1.4321e-16,0,98.138,1176.7,FLYING
9.9975,-6.1987e-16,0,5.4995,1.9446e-17,0,0.0012574,0.0012574,0,1.4241e-16,0,98.137,1176.7,FLYING
10,-6.1982e-16,0,5.4995,1.9506e-17,0,0.0012559,0.0012559,0,1.4145e-16,0,98.137,1176.7,FLYING
10.003,-6.1977e-16,0,5.4995,1.9567e-17,0,0.0012544,0.0012544,0,1.4048e-16,0,98.137,1176.7,FLYING
10.005,-6.1972e-16,0,5.4995,1.9627e-17,0,0.001253,0.001253,0,1.3952e-16,0,98.136,1176.7,FLYING
10.008,-6.1967e-16,0,5.4995,1.9687e-17,0,0.0012515,0.0012515,0,1.3855e-16,0,98.136,1176.7,FLYING
10.01,-6.1962e-16,0,5.4995,1.9746e-17,0,0.00125,0.00125,0,1.3759e-16,0,98.135,1176.7,FLYING
10.013,-6.1957e-16,0,5.4995,1.9805e-17,0,0.0012485,0.0012485,0,1.3662e-16,0,98.135,1176.7,FLYING
10.015,-6.1952e-16,0,5.4995,1.9863e-17,0,0.001247,0.001247,0,1.3566e-16,0,98.134,1176.7,FLYING
10.018,-6.1947e-16,0,5.4996,1.9921e-17,0,0.0012456,0.0012456,0,1.3469e-16,0,98.134,1176.7,FLYING
10.02,-6.1942e-16,0,5.4996,1.9979e-17,0,0.0012441,0.0012441,0,1.3339e-16,0,98.133,1176.7,FLYING
10.023,-6.1937e-16,0,5.4996,2.0036e-17,0,0.0012426,0.0012426,0,1.3226e-16,0,98.133,1176.7,FLYING
10.025,-6.1932e-16,0,5.4996,2.0093e-17,0,0.0012412,0.0012412,0,1.3129e-16,0,98.132,1176.7,FLYING
10.028,-6.1927e-16,0,5.4996,2.0149e-17,0,0.0012397,0.0012397,0,1.3016e-16,0,98.132,1176.7,FLYING
10.03,-6.1922e-16,0,5.4996,2.0205e-17,0,0.0012382,0.0012382,0,1.2886e-16,0,98.132,1176.7,FLYING
10.033,-6.1917e-16,0,5.4996,2.026e-17,0,0.0012368,0.0012368,0,1.2789e-16,0,98.131,1176.7,FLYING
10.035,-6.1912e-16,0,5.4996,2.0314e-17,0,0.0012353,0.0012353,0,1.2676e-16,0,98.131,1176.7,FLYING
10.038,-6.1907e-16,0,5.4996,2.0369e-17,0,0.0012338,0.0012338,0,1.2546e-16,0,98.13,1176.7,FLYING
10.04,-6.1902e-16,0,5.4996,2.0422e-17,0,0.0012324,0.0012324,0,1.2399e-16,0,98.13,1176.7,FLYING
10.043,-6.1897e-16,0,5.4996,2.0475e-17,0,0.0012309,0.0012309,0,1.2252e-16,0,98.129,1176.7,FLYING
10.045,-6.1892e-16,0,5.4996,2.0528e-17,0,0.0012295,0.0012295,0,1.2105e-16,0,98.129,1176.7,FLYING
10.048,-6.1887e-16,0,5.4996,2.058e-17,0,0.001228,0.001228,0,1.1941e-16,0,98.128,1176.7,FLYING
10.05,-6.1881e-16,0,5.4996,2.0631e-17,0,0.0012265,0.0012265,0,1.1777e-16,0,98.128,1176.7,FLYING
10.053,-6.1876e-16,0,5.4996,2.0681e-17,0,0.0012251,0.0012251,0,1.1596e-16,0,98.127,1176.7,FLYING
10.055,-6.1871e-16,0,5.4996,2.0731e-17,0,0.0012236,0.0012236,0,1.1416e-16,0,98.127,1176.7,FLYING
10.058,-6.1866e-16,0,5.4996,2.078e-17,0,0.0012222,0.0012222,0,1.1235e-16,0,98.126,1176.7,FLYING
10.06,-6.1861e-16,0,5.4996,2.0828e-17,0,0.0012208,0.0012208,0,1.1037e-16,0,98.126,1176.7,FLYING
10.063,-6.1855e-16,0,5.4996,2.0875e-17,0,0.0012193,0.0012193,0,1.084e-16,0,98.126,1176.7,FLYING
10.065,-6.185e-16,0,5.4996,2.0921e-17,0,0.0012179,0.0012179,0,1.0642e-16,0,98.125,1176.7,FLYING
10.068,-6.1845e-16,0,5.4996,2.0967e-17,0,0.0012164,0.0012164,0,1.0428e-16,0,98.125,1176.7,FLYING
10.07,-6.184e-16,0,5.4996,2.1011e-17,0,0.001215,0.001215,0,1.0197e-16,0,98.124,1176.7,FLYING
10.073,-6.1834e-16,0,5.4996,2.1055e-17,0,0.0012135,0.0012135,0,9.9822e-17,0,98.124,1176.7,FLYING
10.075,-6.1829e-16,0,5.4996,2.1098e-17,0,0.0012121,0.0012121,0,9.7679e-17,0,98.123,1176.7,FLYING
10.078,-6.1824e-16,0,5.4996,2.114e-17,0,0.0012107,0.0012107,0,9.5707e-17,0,98.123,1176.7,FLYING
10.08,-6.1819e-16,0,5.4996,2.118e-17,0,0.0012092,0.0012092,0,9.3735e-17,0,98.122,1176.7,FLYING
10.083,-6.1813e-16,0,5.4996,2.1221e-17,0,0.0012078,0.0012078,0,9.1593e-17,0,98.122,1176.7,FLYING
10.085,-6.1808e-16,0,5.4996,2.126e-17,0,0.0012064,0.0012064,0,8.9453e-17,0,98.121,1176.7,FLYING
10.088,-6.1803e-16,0,5.4996,2.1298e-17,0,0.001205,0.001205,0,8.7482e-17,0,98.121,1176.7,FLYING
10.09,-6.1797e-16,0,5.4996,2.1335e-17,0,0.0012035,0.0012035,0,8.5343e-17,0,98.121,1176.7,FLYING
10.093,-6.1792e-16,0,5.4996,2.1372e-17,0,0.0012021,0.0012021,0,8.3203e-17,0,98.12,1176.7,FLYING
10.095,-6.1787e-16,0,5.4996,2.1408e-17,0,0.0012007,0.0012007,0,8.0895e-17,0,98.12,1176.7,FLYING
10.098,-6.1781e-16,0,5.4996,2.1442e-17,0,0.0011993,0.0011993,0,7.8418e-17,0,98.119,1176.7,FLYING
10.1,-6.1776e-16,0,5.4997,2.1476e-17,0,0.0011978,0.0011978,0,7.5941e-17,0,98.119,1176.7,FLYING
10.103,-6.1771e-16,0,5.4997,2.1508e-17,0,0.0011964,0.0011964,0,7.3296e-17,0,98.118,1176.7,FLYING
10.105,-6.1765e-16,0,5.4997,2.154e-17,0,0.001195,0.001195,0,7.082e-17,0,98.118,1176.7,FLYING
10.108,-6.176e-16,0,5.4997,2.157e-17,0,0.0011936,0.0011936,0,6.8176e-17,0,98.117,1176.7,FLYING
10.11,-6.1754e-16,0,5.4997,2.1599e-17,0,0.0011922,0.0011922,0,6.5363e-17,0,98.117,1176.7,FLYING
10.113,-6.1749e-16,0,5.4997,2.1627e-17,0,0.0011908,0.0011908,0,6.255e-17,0,98.116,1176.7,FLYING
10.115,-6.1744e-16,0,5.4997,2.1654e-17,0,0.0011894,0.0011894,0,5.9738e-17,0,98.116,1176.7,FLYING
10.118,-6.1738e-16,0,5.4997,2.1679e-17,0,0.001188,0.001188,0,5.6927e-17,0,98.116,1176.7,FLYING
10.12,-6.1733e-16,0,5.4997,2.1704e-17,0,0.0011866,0.0011866,0,5.3947e-17,0,98.115,1176.7,FLYING
10.123,-6.1727e-16,0,5.4997,2.1727e-17,0,0.0011852,0.0011852,0,5.0798e-17,0,98.115,1176.7,FLYING
10.125,-6.1722e-16,0,5.4997,2.1749e-17,0,0.0011837,0.0011837,0,4.7649e-17,0,98.114,1176.7,FLYING
10.128,-6.1716e-16,0,5.4997,2.1769e-17,0,0.0011823,0.0011823,0,4.4502e-17,0,98.114,1176.7,FLYING
10.13,-6.1711e-16,0,5.4997,2.1788e-17,0,0.0011809,0.0011809,0,4.1525e-17,0,98.113,1176.7,FLYING
10.133,-6.1705e-16,0,5.4997,2.1806e-17,0,0.0011796,0.0011796,0,3.8379e-17,0,98.113,1176.7,FLYING
10.135,-6.17e-16,0,5.4997,2.1822e-17,0,0.0011782,0.0011782,0,3.5234e-17,0,98.112,1176.7,FLYING
10.138,-6.1695e-16,0,5.4997,2.1837e-17,0,0.0011768,0.0011768,0,3.2089e-17,0,98.112,1176.7,FLYING
10.14,-6.1689e-16,0,5.4997,2.1851e-17,0,0.0011754,0.0011754,0,2.8946e-17,0,98.111,1176.7,FLYING
10.143,-6.1684e-16,0,5.4997,2.1863e-17,0,0.001174,0.001174,0,2.5803e-17,0,98.111,1176.7,FLYING
10.145,-6.1678e-16,0,5.4997,2.1874e-17,0,0.0011726,0.0011726,0,2.2831e-17,0,98.111,1176.7,FLYING
10.148,-6.1673e-16,0,5.4997,2.1884e-17,0,0.0011712,0.0011712,0,2.0029e-17,0,98.11,1176.7,FLYING
10.15,-6.1667e-16,0,5.4997,2.1893e-17,0,0.0011698,0.0011698,0,1.7397e-17,0,98.11,1176.7,FLYING
10.153,-6.1662e-16,0,5.4997,2.19e-17,0,0.0011684,0.0011684,0,1.5105e-17,0,98.109,1176.7,FLYING
10.155,-6.1656e-16,0,5.4997,2.1907e-17,0,0.0011671,0.0011671,0,1.2984e-17,0,98.109,1176.7,FLYING
10.158,-6.1651e-16,0,5.4997,2.1912e-17,0,0.0011657,0.0011657,0,1.1202e-17,0,98.108,1176.7,FLYING
10.16,-6.1645e-16,0,5.4997,2.1917e-17,0,0.0011643,0.0011643,0,9.7599e-18,0,98.108,1176.7,FLYING
10.163,-6.164e-16,0,5.4997,2.1921e-17,0,0.0011629,0.0011629,0,8.4879e-18,0,98.107,1176.7,FLYING
10.165,-6.1634e-16,0,5.4997,2.1925e-17,0,0.0011615,0.0011615,0,7.3857e-18,0,98.107,1176.7,FLYING
10.168,-6.1629e-16,0,5.4997,2.1928e-17,0,0.0011602,0.0011602,0,6.4535e-18,0,98.106,1176.7,FLYING
10.17,-6.1623e-16,0,5.4997,2.1931e-17,0,0.0011588,0.0011588,0,5.8608e-18,0,98.106,1176.7,FLYING
10.173,-6.1618e-16,0,5.4997,2.1933e-17,0,0.0011574,0.0011574,0,5.6075e-18,0,98.106,1176.7,FLYING
10.175,-6.1612e-16,0,5.4997,2.1936e-17,0,0.0011561,0.0011561,0,5.6935e-18,0,98.105,1176.7,FLYING
10.178,-6.1607e-16,0,5.4997,2.1938e-17,0,0.0011547,0.0011547,0,5.9491e-18,0,98.105,1176.7,FLYING
10.18,-6.1601e-16,0,5.4997,2.1941e-17,0,0.0011533,0.0011533,0,6.5439e-18,0,98.104,1176.7,FLYING
10.183,-6.1596e-16,0,5.4997,2.1943e-17,0,0.001152,0.001152,0,7.4778e-18,0,98.104,1176.7,FLYING
10.185,-6.159e-16,0,5.4998,2.1947e-17,0,0.0011506,0.0011506,0,8.7508e-18,0,98.103,1176.7,FLYING
10.188,-6.1585e-16,0,5.4998,2.195e-17,0,0.0011492,0.0011492,0,1.0193e-17,0,98.103,1176.7,FLYING
10.19,-6.158e-16,0,5.4998,2.1955e-17,0,0.0011479,0.0011479,0,1.1974e-17,0,98.102,1176.7,FLYING
10.193,-6.1574e-16,0,5.4998,2.196e-17,0,0.0011465,0.0011465,0,1.3925e-17,0,98.102,1176.7,FLYING
10.195,-6.1569e-16,0,5.4998,2.1966e-17,0,0.0011452,0.0011452,0,1.6383e-17,0,98.101,1176.7,FLYING
10.198,-6.1563e-16,0,5.4998,2.1973e-17,0,0.0011438,0.0011438,0,1.9181e-17,0,98.101,1176.7,FLYING
10.2,-6.1558e-16,0,5.4998,2.1981e-17,0,0.0011424,0.0011424,0,2.2147e-17,0,98.1,1176.7,FLYING
10.203,-6.1552e-16,0,5.4998,2.199e-17,0,0.0011411,0.0011411,0,2.5282e-17,0,98.1,1176.7,FLYING
10.205,-6.1547e-16,0,5.4998,2.2001e-17,0,0.0011397,0.0011397,0,2.8586e-17,0,98.1,1176.7,FLYING
10.208,-6.1541e-16,0,5.4998,2.2014e-17,0,0.0011384,0.0011384,0,3.2229e-17,0,98.099,1176.7,FLYING
10.21,-6.1536e-16,0,5.4998,2.2027e-17,0,0.001137,0.001137,0,3.604e-17,0,98.099,1176.7,FLYING
10.213,-6.153e-16,0,5.4998,2.2043e-17,0,0.0011357,0.0011357,0,4.0359e-17,0,98.098,1176.7,FLYING
10.215,-6.1525e-16,0,5.4998,2.206e-17,0,0.0011344,0.0011344,0,4.4847e-17,0,98.098,1176.7,FLYING
10.218,-6.1519e-16,0,5.4998,2.2079e-17,0,0.001133,0.001133,0,4.9673e-17,0,98.097,1176.7,FLYING
10.22,-6.1513e-16,0,5.4998,2.21e-17,0,0.0011317,0.0011317,0,5.4836e-17,0,98.097,1176.7,FLYING
10.223,-6.1508e-16,0,5.4998,2.2124e-17,0,0.0011303,0.0011303,0,6.0169e-17,0,98.096,1176.7,FLYING
10.225,-6.1502e-16,0,5.4998,2.215e-17,0,0.001129,0.001129,0,6.55e-17,0,98.096,1176.7,FLYING
10.228,-6.1497e-16,0,5.4998,2.2178e-17,0,0.0011277,0.0011277,0,7.0829e-17,0,98.095,1176.7,FLYING
10.23,-6.1491e-16,0,5.4998,2.2208e-17,0,0.0011263,0.0011263,0,7.6157e-17,0,98.095,1176.7,FLYING
10.233,-6.1486e-16,0,5.4998,2.2241e-17,0,0.001125,0.001125,0,8.1315e-17,0,98.095,1176.7,FLYING
10.235,-6.148e-16,0,5.4998,2.2275e-17,0,0.0011237,0.0011237,0,8.6471e-17,0,98.094,1176.7,FLYING
10.238,-6.1475e-16,0,5.4998,2.2312e-17,0,0.0011223,0.0011223,0,9.1625e-17,0,98.094,1176.7,FLYING
10.24,-6.1469e-16,0,5.4998,2.2352e-17,0,0.001121,0.001121,0,9.6779e-17,0,98.093,1176.7,FLYING
10.243,-6.1463e-16,0,5.4998,2.2393e-17,0,0.0011197,0.0011197,0,1.0159e-16,0,98.093,1176.7,FLYING
10.245,-6.1458e-16,0,5.4998,2.2436e-17,0,0.0011184,0.0011184,0,1.0589e-16,0,98.092,1176.7,FLYING
10.248,-6.1452e-16,0,5.4998,2.2482e-17,0,0.001117,0.001117,0,1.0986e-16,0,98.092,1176.7,FLYING
10.25,-6.1447e-16,0,5.4998,2.2529e-17,0,0.0011157,0.0011157,0,1.1348e-16,0,98.091,1176.7,FLYING
10.253,-6.1441e-16,0,5.4998,2.2577e-17,0,0.0011144,0.0011144,0,1.1676e-16,0,98.091,1176.7,FLYING
10.255,-6.1435e-16,0,5.4998,2.2627e-17,0,0.0011131,0.0011131,0,1.1987e-16,0,98.09,1176.7,FLYING
10.258,-6.143e-16,0,5.4998,2.2679e-17,0,0.0011118,0.0011118,0,1.2264e-16,0,98.09,1176.7,FLYING
10.26,-6.1424e-16,0,5.4998,2.2731e-17,0,0.0011104,0.0011104,0,1.2508e-16,0,98.09,1176.7,FLYING
10.263,-6.1418e-16,0,5.4998,2.2785e-17,0,0.0011091,0.0011091,0,1.27e-16,0,98.089,1176.7,FLYING
10.265,-6.1412e-16,0,5.4998,2.2839e-17,0,0.0011078,0.0011078,0,1.2875e-16,0,98.089,1176.7,FLYING
10.268,-6.1407e-16,0,5.4998,2.2894e-17,0,0.0011065,0.0011065,0,1.2999e-16,0,98.088,1176.7,FLYING
10.27,-6.1401e-16,0,5.4998,2.295e-17,0,0.0011052,0.0011052,0,1.309e-16,0,98.088,1176.7,FLYING
10.273,-6.1395e-16,0,5.4999,2.3006e-17,0,0.0011039,0.0011039,0,1.3129e-16,0,98.087,1176.7,FLYING
10.275,-6.139e-16,0,5.4999,2.3062e-17,0,0.0011026,0.0011026,0,1.3117e-16,0,98.087,1176.7,FLYING
10.278,-6.1384e-16,0,5.4999,2.3118e-17,0,0.0011013,0.0011013,0,1.3072e-16,0,98.086,1176.7,FLYING
10.28,-6.1378e-16,0,5.4999,2.3174e-17,0,0.0011,0.0011,0,1.2976e-16,0,98.086,1176.7,FLYING
10.283,-6.1372e-16,0,5.4999,2.3229e-17,0,0.0010987,0.0010987,0,1.2845e-16,0,98.085,1176.7,FLYING
10.285,-6.1366e-16,0,5.4999,2.3284e-17,0,0.0010974,0.0010974,0,1.2681e-16,0,98.085,1176.7,FLYING
10.288,-6.136e-16,0,5.4999,2.3339e-17,0,0.0010961,0.0010961,0,1.25e-16,0,98.085,1176.7,FLYING
10.29,-6.1355e-16,0,5.4999,2.3392e-17,0,0.0010948,0.0010948,0,1.2285e-16,0,98.084,1176.7,FLYING
10.293,-6.1349e-16,0,5.4999,2.3445e-17,0,0.0010935,0.0010935,0,1.2054e-16,0,98.084,1176.7,FLYING
10.295,-6.1343e-16,0,5.4999,2.3496e-17,0,0.0010922,0.0010922,0,1.1822e-16,0,98.083,1176.7,FLYING
10.298,-6.1337e-16,0,5.4999,2.3547e-17,0,0.0010909,0.0010909,0,1.159e-16,0,98.083,1176.7,FLYING
10.3,-6.1331e-16,0,5.4999,2.3596e-17,0,0.0010896,0.0010896,0,1.1342e-16,0,98.082,1176.7,FLYING
10.303,-6.1325e-16,0,5.4999,2.3645e-17,0,0.0010883,0.0010883,0,1.111e-16,0,98.082,1176.7,FLYING
10.305,-6.1319e-16,0,5.4999,2.3692e-17,0,0.001087,0.001087,0,1.0895e-16,0,98.081,1176.7,FLYING
10.308,-6.1313e-16,0,5.4999,2.3739e-17,0,0.0010857,0.0010857,0,1.0698e-16,0,98.081,1176.7,FLYING
10.31,-6.1307e-16,0,5.4999,2.3785e-17,0,0.0010845,0.0010845,0,1.0534e-16,0,98.08,1176.7,FLYING
10.313,-6.1301e-16,0,5.4999,2.383e-17,0,0.0010832,0.0010832,0,1.0354e-16,0,98.08,1176.7,FLYING
10.315,-6.1295e-16,0,5.4999,2.3874e-17,0,0.0010819,0.0010819,0,1.0156e-16,0,98.08,1176.7,FLYING
10.318,-6.1289e-16,0,5.4999,2.3918e-17,0,0.0010806,0.0010806,0,9.9421e-17,0,98.079,1176.7,FLYING
10.32,-6.1283e-16,0,5.4999,2.396e-17,0,0.0010793,0.0010793,0,9.7109e-17,0,98.079,1176.7,FLYING
10.323,-6.1277e-16,0,5.4999,2.4002e-17,0,0.0010781,0.0010781,0,9.4798e-17,0,98.078,1176.7,FLYING
10.325,-6.1271e-16,0,5.4999,2.4042e-17,0,0.0010768,0.0010768,0,9.2317e-17,0,98.078,1176.7,FLYING
10.328,-6.1265e-16,0,5.4999,2.4082e-17,0,0.0010755,0.0010755,0,8.9837e-17,0,98.077,1176.7,FLYING
10.33,-6.1259e-16,0,5.4999,2.412e-17,0,0.0010742,0.0010742,0,8.7357e-17,0,98.077,1176.7,FLYING
10.333,-6.1253e-16,0,5.4999,2.4158e-17,0,0.001073,0.001073,0,8.5218e-17,0,98.076,1176.7,FLYING
10.335,-6.1247e-16,0,5.4999,2.4194e-17,0,0.0010717,0.0010717,0,8.3418e-17,0,98.076,1176.7,FLYING
10.338,-6.1241e-16,0,5.4999,2.423e-17,0,0.0010704,0.0010704,0,8.1788e-17,0,98.075,1176.7,FLYING
10.34,-6.1235e-16,0,5.4999,2.4265e-17,0,0.0010692,0.0010692,0,8.0668e-17,0,98.075,1176.7,FLYING
10.343,-6.1229e-16,0,5.4999,2.4299e-17,0,0.0010679,0.0010679,0,7.9887e-17,0,98.074,1176.7,FLYING
10.345,-6.1223e-16,0,5.4999,2.4333e-17,0,0.0010666,0.0010666,0,7.9445e-17,0,98.074,1176.7,FLYING
10.348,-6.1217e-16,0,5.4999,2.4367e-17,0,0.0010654,0.0010654,0,7.9343e-17,0,98.074,1176.7,FLYING
10.35,-6.1211e-16,0,5.4999,2.4401e-17,0,0.0010641,0.0010641,0,7.9411e-17,0,98.073,1176.7,FLYING
10.353,-6.1205e-16,0,5.4999,2.4435e-17,0,0.0010629,0.0010629,0,7.9648e-17,0,98.073,1176.7,FLYING
10.355,-6.1199e-16,0,5.4999,2.4469e-17,0,0.0010616,0.0010616,0,8.0224e-17,0,98.072,1176.7,FLYING
10.358,-6.1193e-16,0,5.4999,2.4504e-17,0,0.0010603,0.0010603,0,8.114e-17,0,98.072,1176.7,FLYING
10.36,-6.1186e-16,0,5.4999,2.4538e-17,0,0.0010591,0.0010591,0,8.2055e-17,0,98.071,1176.7,FLYING
10.363,-6.118e-16,0,5.4999,2.4574e-17,0,0.0010578,0.0010578,0,8.314e-17,0,98.071,1176.7,FLYING
10.365,-6.1174e-16,0,5.5,2.4609e-17,0,0.0010566,0.0010566,0,8.4054e-17,0,98.07,1176.7,FLYING
10.368,-6.1168e-16,0,5.5,2.4645e-17,0,0.0010553,0.0010553,0,8.4969e-17,0,98.07,1176.7,FLYING
10.37,-6.1162e-16,0,5.5,2.4681e-17,0,0.0010541,0.0010541,0,8.5883e-17,0,98.069,1176.7,FLYING
10.373,-6.1156e-16,0,5.5,2.4718e-17,0,0.0010528,0.0010528,0,8.6628e-17,0,98.069,1176.7,FLYING
10.375,-6.1149e-16,0,5.5,2.4755e-17,0,0.0010516,0.0010516,0,8.7372e-17,0,98.069,1176.7,FLYING
10.378,-6.1143e-16,0,5.5,2.4793e-17,0,0.0010503,0.0010503,0,8.8286e-17,0,98.068,1176.7,FLYING
10.38,-6.1137e-16,0,5.5,2.483e-17,0,0.0010491,0.0010491,0,8.9369e-17,0,98.068,1176.7,FLYING
10.383,-6.1131e-16,0,5.5,2.4869e-17,0,0.0010479,0.0010479,0,9.0452e-17,0,98.067,1176.7,FLYING
10.385,-6.1125e-16,0,5.5,2.4907e-17,0,0.0010466,0.0010466,0,9.1704e-17,0,98.067,1176.7,FLYING
10.388,-6.1118e-16,0,5.5,2.4947e-17,0,0.0010454,0.0010454,0,9.2617e-17,0,98.066,1176.7,FLYING
10.39,-6.1112e-16,0,5.5,2.4986e-17,0,0.0010441,0.0010441,0,9.3359e-17,0,98.066,1176.7,FLYING
10.393,-6.1106e-16,0,5.5,2.5026e-17,0,0.0010429,0.0010429,0,9.3593e-17,0,98.065,1176.7,FLYING
10.395,-6.11e-16,0,5.5,2.5066e-17,0,0.0010417,0.0010417,0,9.3487e-17,0,98.065,1176.7,FLYING
10.398,-6.1093e-16,0,5.5,2.5106e-17,0,0.0010404,0.0010404,0,9.3043e-17,0,98.064,1176.7,FLYING
10.4,-6.1087e-16,0,5.5,2.5146e-17,0,0.0010392,0.0010392,0,9.2089e-17,0,98.064,1176.7,FLYING
10.403,-6.1081e-16,0,5.5,2.5185e-17,0,0.001038,0.001038,0,9.0966e-17,0,98.064,1176.7,FLYING
10.405,-6.1074e-16,0,5.5,2.5224e-17,0,0.0010368,0.0010368,0,9.0013e-17,0,98.063,1176.7,FLYING
10.408,-6.1068e-16,0,5.5,2.5263e-17,0,0.0010355,0.0010355,0,8.889e-17,0,98.063,1176.7,FLYING
10.41,-6.1062e-16,0,5.5,2.5301e-17,0,0.0010343,0.0010343,0,8.7768e-17,0,98.062,1176.7,FLYING
10.413,-6.1055e-16,0,5.5,2.5338e-17,0,0.0010331,0.0010331,0,8.6646e-17,0,98.062,1176.7,FLYING
10.415,-6.1049e-16,0,5.5,2.5376e-17,0,0.0010319,0.0010319,0,8.5355e-17,0,98.061,1176.7,FLYING
10.418,-6.1043e-16,0,5.5,2.5412e-17,0,0.0010306,0.0010306,0,8.3894e-17,0,98.061,1176.7,FLYING
10.42,-6.1036e-16,0,5.5,2.5448e-17,0,0.0010294,0.0010294,0,8.2434e-17,0,98.06,1176.7,FLYING
10.423,-6.103e-16,0,5.5,2.5483e-17,0,0.0010282,0.0010282,0,8.0805e-17,0,98.06,1176.7,FLYING
10.425,-6.1024e-16,0,5.5,2.5518e-17,0,0.001027,0.001027,0,7.9006e-17,0,98.059,1176.7,FLYING
10.428,-6.1017e-16,0,5.5,2.5552e-17,0,0.0010258,0.0010258,0,7.7038e-17,0,98.059,1176.7,FLYING
10.43,-6.1011e-16,0,5.5,2.5585e-17,0,0.0010246,0.0010246,0,7.4901e-17,0,98.059,1176.7,FLYING
10.433,-6.1004e-16,0,5.5,2.5617e-17,0,0.0010233,0.0010233,0,7.2595e-17,0,98.058,1176.7,FLYING
10.435,-6.0998e-16,0,5.5,2.5648e-17,0,0.0010221,0.0010221,0,7.012e-17,0,98.058,1176.7,FLYING
10.438,-6.0992e-16,0,5.5,2.5678e-17,0,0.0010209,0.0010209,0,6.7645e-17,0,98.057,1176.7,FLYING
10.44,-6.0985e-16,0,5.5,2.5707e-17,0,0.0010197,0.0010197,0,6.5171e-17,0,98.057,1176.7,FLYING
10.443,-6.0979e-16,0,5.5,2.5735e-17,0,0.0010185,0.0010185,0,6.2698e-17,0,98.056,1176.7,FLYING
10.445,-6.0972e-16,0,5.5,2.5761e-17,0,0.0010173,0.0010173,0,6.0225e-17,0,98.056,1176.7,FLYING
10.448,-6.0966e-16,0,5.5,2.5787e-17,0,0.0010161,0.0010161,0,5.7583e-17,0,98.055,1176.7,FLYING
10.45,-6.0959e-16,0,5.5,2.5812e-17,0,0.0010149,0.0010149,0,5.4773e-17,0,98.055,1176.7,FLYING
10.453,-6.0953e-16,0,5.5,2.5835e-17,0,0.0010137,0.0010137,0,5.1793e-17,0,98.054,1176.7,FLYING
10.455,-6.0946e-16,0,5.5,2.5857e-17,0,0.0010125,0.0010125,0,4.8814e-17,0,98.054,1176.7,FLYING
10.458,-6.094e-16,0,5.5,2.5878e-17,0,0.0010113,0.0010113,0,4.5836e-17,0,98.053,1176.7,FLYING
10.46,-6.0933e-16,0,5.5,2.5898e-17,0,0.0010101,0.0010101,0,4.2859e-17,0,98.053,1176.7,FLYING
10.463,-6.0927e-16,0,5.5001,2.5916e-17,0,0.0010089,0.0010089,0,4.0221e-17,0,98.053,1176.7,FLYING
10.465,-6.0921e-16,0,5.5001,2.5933e-17,0,0.0010077,0.0010077,0,3.7924e-17,0,98.052,1176.7,FLYING
10.468,-6.0914e-16,0,5.5001,2.595e-17,0,0.0010065,0.0010065,0,3.5966e-17,0,98.052,1176.7,FLYING
10.47,-6.0908e-16,0,5.5001,2.5965e-17,0,0.0010053,0.0010053,0,3.4179e-17,0,98.051,1176.7,FLYING
10.473,-6.0901e-16,0,5.5001,2.598e-17,0,0.0010041,0.0010041,0,3.2392e-17,0,98.051,1176.7,FLYING
10.475,-6.0895e-16,0,5.5001,2.5993e-17,0,0.001003,0.001003,0,3.0435e-17,0,98.05,1176.7,FLYING
10.478,-6.0888e-16,0,5.5001,2.6007e-17,0,0.0010018,0.0010018,0,2.848e-17,0,98.05,1176.7,FLYING
10.48,-6.0882e-16,0,5.5001,2.6019e-17,0,0.0010006,0.0010006,0,2.6355e-17,0,98.049,1176.7,FLYING
10.483,-6.0875e-16,0,5.5001,2.603e-17,0,0.0009994,0.0009994,0,2.423e-17,0,98.049,1176.7,FLYING
10.485,-6.0869e-16,0,5.5001,2.604e-17,0,0.00099822,0.00099822,0,2.2107e-17,0,98.048,1176.7,FLYING
10.488,-6.0862e-16,0,5.5001,2.605e-17,0,0.00099704,0.00099704,0,2.0322e-17,0,98.048,1176.7,FLYING
10.49,-6.0856e-16,0,5.5001,2.6058e-17,0,0.00099586,0.00099586,0,1.8709e-17,0,98.048,1176.7,FLYING
10.493,-6.0849e-16,0,5.5001,2.6067e-17,0,0.00099468,0.00099468,0,1.7434e-17,0,98.047,1176.7,FLYING
10.495,-6.0842e-16,0,5.5001,2.6074e-17,0,0.0009935,0.0009935,0,1.6499e-17,0,98.047,1176.7,FLYING
10.498,-6.0836e-16,0,5.5001,2.6081e-17,0,0.00099232,0.00099232,0,1.5735e-17,0,98.046,1176.7,FLYING
10.5,-6.0829e-16,0,5.5001,2.6088e-17,0,0.00099115,0.00099115,0,1.497e-17,0,98.046,1176.7,FLYING
10.503,-6.0823e-16,0,5.5001,2.6094e-17,0,0.00098998,0.00098998,0,1.4205e-17,0,98.045,1176.7,FLYING
10.505,-6.0816e-16,0,5.5001,2.61e-17,0,0.00098881,0.00098881,0,1.3441e-17,0,98.045,1176.7,FLYING
10.508,-6.081e-16,0,5.5001,2.6106e-17,0,0.00098764,0.00098764,0,1.2507e-17,0,98.044,1176.7,FLYING
10.51,-6.0803e-16,0,5.5001,2.6111e-17,0,0.00098647,0.00098647,0,1.1574e-17,0,98.044,1176.7,FLYING
10.513,-6.0797e-16,0,5.5001,2.6116e-17,0,0.0009853,0.0009853,0,1.0641e-17,0,98.043,1176.7,FLYING
10.515,-6.079e-16,0,5.5001,2.6121e-17,0,0.00098414,0.00098414,0,9.7077e-18,0,98.043,1176.7,FLYING
10.518,-6.0784e-16,0,5.5001,2.6125e-17,0,0.00098297,0.00098297,0,8.7749e-18,0,98.043,1176.7,FLYING
10.52,-6.0777e-16,0,5.5001,2.6129e-17,0,0.00098181,0.00098181,0,7.6727e-18,0,98.042,1176.7,FLYING
10.523,-6.0771e-16,0,5.5001,2.6132e-17,0,0.00098065,0.00098065,0,6.7404e-18,0,98.042,1176.7,FLYING
10.525,-6.0764e-16,0,5.5001,2.6135e-17,0,0.00097949,0.00097949,0,5.8084e-18,0,98.041,1176.7,FLYING
10.528,-6.0758e-16,0,5.5001,2.6137e-17,0,0.00097833,0.00097833,0,4.7069e-18,0,98.041,1176.7,FLYING
10.53,-6.0751e-16,0,5.5001,2.6139e-17,0,0.00097717,0.00097717,0,3.6057e-18,0,98.04,1176.7,FLYING
10.533,-6.0745e-16,0,5.5001,2.6141e-17,0,0.00097601,0.00097601,0,2.8441e-18,0,98.04,1176.7,FLYING
10.535,-6.0738e-16,0,5.5001,2.6142e-17,0,0.00097486,0.00097486,0,2.2523e-18,0,98.039,1176.7,FLYING
10.538,-6.0731e-16,0,5.5001,2.6143e-17,0,0.00097371,0.00097371,0,1.9999e-18,0,98.039,1176.7,FLYING
10.54,-6.0725e-16,0,5.5001,2.6144e-17,0,0.00097255,0.00097255,0,2.0868e-18,0,98.038,1176.7,FLYING
10.543,-6.0718e-16,0,5.5001,2.6145e-17,0,0.0009714,0.0009714,0,2.5129e-18,0,98.038,1176.7,FLYING
10.545,-6.0712e-16,0,5.5001,2.6146e-17,0,0.00097025,0.00097025,0,3.2782e-18,0,98.038,1176.7,FLYING
10.548,-6.0705e-16,0,5.5001,2.6147e-17,0,0.00096911,0.00096911,0,4.3826e-18,0,98.037,1176.7,FLYING
10.55,-6.0699e-16,0,5.5001,2.6149e-17,0,0.00096796,0.00096796,0,5.8259e-18,0,98.037,1176.7,FLYING
10.553,-6.0692e-16,0,5.5001,2.6152e-17,0,0.00096681,0.00096681,0,7.4386e-18,0,98.036,1176.7,FLYING
10.555,-6.0686e-16,0,5.5001,2.6155e-17,0,0.00096567,0.00096567,0,9.2204e-18,0,98.036,1176.7,FLYING
10.558,-6.0679e-16,0,5.5001,2.6159e-17,0,0.00096453,0.00096453,0,1.1171e-17,0,98.035,1176.7,FLYING
10.56,-6.0673e-16,0,5.5001,2.6164e-17,0,0.00096339,0.00096339,0,1.3631e-17,0,98.035,1176.7,FLYING
10.563,-6.0666e-16,0,5.5001,2.6169e-17,0,0.00096225,0.00096225,0,1.6599e-17,0,98.034,1176.7,FLYING
10.565,-6.066e-16,0,5.5002,2.6177e-17,0,0.00096111,0.00096111,0,1.9566e-17,0,98.034,1176.7,FLYING
10.568,-6.0653e-16,0,5.5002,2.6185e-17,0,0.00095997,0.00095997,0,2.2532e-17,0,98.033,1176.7,FLYING
10.57,-6.0646e-16,0,5.5002,2.6195e-17,0,0.00095884,0.00095884,0,2.5497e-17,0,98.033,1176.7,FLYING
10.573,-6.064e-16,0,5.5002,2.6205e-17,0,0.0009577,0.0009577,0,2.8292e-17,0,98.033,1176.7,FLYING
10.575,-6.0633e-16,0,5.5002,2.6218e-17,0,0.00095657,0.00095657,0,3.1087e-17,0,98.032,1176.7,FLYING
10.578,-6.0627e-16,0,5.5002,2.6231e-17,0,0.00095544,0.00095544,0,3.3711e-17,0,98.032,1176.7,FLYING
10.58,-6.062e-16,0,5.5002,2.6245e-17,0,0.00095431,0.00095431,0,3.6334e-17,0,98.031,1176.7,FLYING
10.583,-6.0614e-16,0,5.5002,2.6261e-17,0,0.00095318,0.00095318,0,3.8957e-17,0,98.031,1176.7,FLYING
10.585,-6.0607e-16,0,5.5002,2.6278e-17,0,0.00095205,0.00095205,0,4.141e-17,0,98.03,1176.7,FLYING
10.588,-6.0601e-16,0,5.5002,2.6295e-17,0,0.00095092,0.00095092,0,4.3692e-17,0,98.03,1176.7,FLYING
10.59,-6.0594e-16,0,5.5002,2.6314e-17,0,0.0009498,0.0009498,0,4.5973e-17,0,98.029,1176.7,FLYING
10.593,-6.0587e-16,0,5.5002,2.6334e-17,0,0.00094867,0.00094867,0,4.8085e-17,0,98.029,1176.7,FLYING
10.595,-6.0581e-16,0,5.5002,2.6354e-17,0,0.00094755,0.00094755,0,5.0365e-17,0,98.028,1176.7,FLYING
10.598,-6.0574e-16,0,5.5002,2.6376e-17,0,0.00094643,0.00094643,0,5.2476e-17,0,98.028,1176.7,FLYING
10.6,-6.0568e-16,0,5.5002,2.6398e-17,0,0.00094531,0.00094531,0,5.4586e-17,0,98.027,1176.7,FLYING
10.603,-6.0561e-16,0,5.5002,2.6422e-17,0,0.00094419,0.00094419,0,5.6525e-17,0,98.027,1176.7,FLYING
10.605,-6.0554e-16,0,5.5002,2.6446e-17,0,0.00094307,0.00094307,0,5.8465e-17,0,98.027,1176.7,FLYING
10.608,-6.0548e-16,0,5.5002,2.6471e-17,0,0.00094196,0.00094196,0,6.0403e-17,0,98.026,1176.7,FLYING
10.61,-6.0541e-16,0,5.5002,2.6497e-17,0,0.00094084,0.00094084,0,6.2342e-17,0,98.026,1176.7,FLYING
10.613,-6.0534e-16,0,5.5002,2.6523e-17,0,0.00093973,0.00093973,0,6.4279e-17,0,98.025,1176.7,FLYING
10.615,-6.0528e-16,0,5.5002,2.6551e-17,0,0.00093862,0.00093862,0,6.6047e-17,0,98.025,1176.7,FLYING
10.618,-6.0521e-16,0,5.5002,2.6579e-17,0,0.00093751,0.00093751,0,6.7644e-17,0,98.024,1176.7,FLYING
10.62,-6.0515e-16,0,5.5002,2.6608e-17,0,0.0009364,0.0009364,0,6.8902e-17,0,98.024,1176.7,FLYING
10.623,-6.0508e-16,0,5.5002,2.6637e-17,0,0.00093529,0.00093529,0,6.9651e-17,0,98.023,1176.7,FLYING
10.625,-6.0501e-16,0,5.5002,2.6667e-17,0,0.00093419,0.00093419,0,7.006e-17,0,98.023,1176.7,FLYING
10.628,-6.0495e-16,0,5.5002,2.6697e-17,0,0.00093308,0.00093308,0,7.013e-17,0,98.022,1176.7,FLYING
10.63,-6.0488e-16,0,5.5002,2.6727e-17,0,0.00093198,0.00093198,0,6.9861e-17,0,98.022,1176.7,FLYING
10.633,-6.0481e-16,0,5.5002,2.6757e-17,0,0.00093087,0.00093087,0,6.9083e-17,0,98.022,1176.7,FLYING
10.635,-6.0474e-16,0,5.5002,2.6787e-17,0,0.00092977,0.00092977,0,6.8135e-17,0,98.021,1176.7,FLYING
10.638,-6.0468e-16,0,5.5002,2.6816e-17,0,0.00092867,0.00092867,0,6.7018e-17,0,98.021,1176.7,FLYING
10.64,-6.0461e-16,0,5.5002,2.6845e-17,0,0.00092757,0.00092757,0,6.5901e-17,0,98.02,1176.7,FLYING
10.643,-6.0454e-16,0,5.5002,2.6873e-17,0,0.00092648,0.00092648,0,6.4615e-17,0,98.02,1176.7,FLYING
10.645,-6.0448e-16,0,5.5002,2.69e-17,0,0.00092538,0.00092538,0,6.3329e-17,0,98.019,1176.7,FLYING
10.648,-6.0441e-16,0,5.5002,2.6927e-17,0,0.00092429,0.00092429,0,6.2044e-17,0,98.019,1176.7,FLYING
10.65,-6.0434e-16,0,5.5002,2.6954e-17,0,0.00092319,0.00092319,0,6.0589e-17,0,98.018,1176.7,FLYING
10.653,-6.0427e-16,0,5.5002,2.698e-17,0,0.0009221,0.0009221,0,5.9304e-17,0,98.018,1176.7,FLYING
10.655,-6.0421e-16,0,5.5002,2.7005e-17,0,0.00092101,0.00092101,0,5.785e-17,0,98.017,1176.7,FLYING
10.658,-6.0414e-16,0,5.5002,2.703e-17,0,0.00091992,0.00091992,0,5.6397e-17,0,98.017,1176.7,FLYING
10.66,-6.0407e-16,0,5.5002,2.7054e-17,0,0.00091883,0.00091883,0,5.4774e-17,0,98.017,1176.7,FLYING
10.663,-6.04e-16,0,5.5002,2.7078e-17,0,0.00091774,0.00091774,0,5.3151e-17,0,98.016,1176.7,FLYING
10.665,-6.0394e-16,0,5.5002,2.71e-17,0,0.00091666,0.00091666,0,5.1529e-17,0,98.016,1176.7,FLYING
10.668,-6.0387e-16,0,5.5002,2.7122e-17,0,0.00091557,0.00091557,0,4.9907e-17,0,98.015,1176.7,FLYING
10.67,-6.038e-16,0,5.5003,2.7144e-17,0,0.00091449,0.00091449,0,4.8455e-17,0,98.015,1176.7,FLYING
10.673,-6.0373e-16,0,5.5003,2.7164e-17,0,0.00091341,0.00091341,0,4.7343e-17,0,98.014,1176.7,FLYING
10.675,-6.0366e-16,0,5.5003,2.7185e-17,0,0.00091233,0.00091233,0,4.674e-17,0,98.014,1176.7,FLYING
10.678,-6.036e-16,0,5.5003,2.7205e-17,0,0.00091125,0.00091125,0,4.6307e-17,0,98.013,1176.7,FLYING
10.68,-6.0353e-16,0,5.5003,2.7225e-17,0,0.00091017,0.00091017,0,4.6213e-17,0,98.013,1176.7,FLYING
10.683,-6.0346e-16,0,5.5003,2.7244e-17,0,0.00090909,0.00090909,0,4.6289e-17,0,98.012,1176.7,FLYING
10.685,-6.0339e-16,0,5.5003,2.7264e-17,0,0.00090802,0.00090802,0,4.6704e-17,0,98.012,1176.7,FLYING
10.688,-6.0332e-16,0,5.5003,2.7284e-17,0,0.00090694,0.00090694,0,4.7459e-17,0,98.012,1176.7,FLYING
10.69,-6.0326e-16,0,5.5003,2.7304e-17,0,0.00090587,0.00090587,0,4.8552e-17,0,98.011,1176.7,FLYING
10.693,-6.0319e-16,0,5.5003,2.7325e-17,0,0.0009048,0.0009048,0,4.9984e-17,0,98.011,1176.7,FLYING
10.695,-6.0312e-16,0,5.5003,2.7347e-17,0,0.00090373,0.00090373,0,5.1586e-17,0,98.01,1176.7,FLYING
10.698,-6.0305e-16,0,5.5003,2.7369e-17,0,0.00090266,0.00090266,0,5.3696e-17,0,98.01,1176.7,FLYING
10.7,-6.0298e-16,0,5.5003,2.7392e-17,0,0.00090159,0.00090159,0,5.5975e-17,0,98.009,1176.7,FLYING
10.703,-6.0291e-16,0,5.5003,2.7416e-17,0,0.00090052,0.00090052,0,5.8593e-17,0,98.009,1176.7,FLYING
10.705,-6.0284e-16,0,5.5003,2.7441e-17,0,0.00089946,0.00089946,0,6.138e-17,0,98.008,1176.7,FLYING
10.708,-6.0278e-16,0,5.5003,2.7467e-17,0,0.00089839,0.00089839,0,6.4335e-17,0,98.008,1176.7,FLYING
10.71,-6.0271e-16,0,5.5003,2.7494e-17,0,0.00089733,0.00089733,0,6.7799e-17,0,98.007,1176.7,FLYING
10.713,-6.0264e-16,0,5.5003,2.7523e-17,0,0.00089627,0.00089627,0,7.1602e-17,0,98.007,1176.7,FLYING
10.715,-6.0257e-16,0,5.5003,2.7554e-17,0,0.00089521,0.00089521,0,7.5742e-17,0,98.007,1176.7,FLYING
10.718,-6.025e-16,0,5.5003,2.7587e-17,0,0.00089415,0.00089415,0,8.0051e-17,0,98.006,1176.7,FLYING
10.72,-6.0243e-16,0,5.5003,2.7621e-17,0,0.00089309,0.00089309,0,8.4529e-17,0,98.006,1176.7,FLYING
10.723,-6.0236e-16,0,5.5003,2.7657e-17,0,0.00089204,0.00089204,0,8.9345e-17,0,98.005,1176.7,FLYING
10.725,-6.0229e-16,0,5.5003,2.7695e-17,0,0.00089098,0.00089098,0,9.416e-17,0,98.005,1176.7,FLYING
10.728,-6.0222e-16,0,5.5003,2.7735e-17,0,0.00088993,0.00088993,0,9.8973e-17,0,98.004,1176.7,FLYING
10.73,-6.0215e-16,0,5.5003,2.7778e-17,0,0.00088887,0.00088887,0,1.0379e-16,0,98.004,1176.7,FLYING
10.733,-6.0208e-16,0,5.5003,2.7822e-17,0,0.00088782,0.00088782,0,1.0843e-16,0,98.003,1176.7,FLYING
10.735,-6.0202e-16,0,5.5003,2.7869e-17,0,0.00088677,0.00088677,0,1.129e-16,0,98.003,1176.7,FLYING
10.738,-6.0195e-16,0,5.5003,2.7917e-17,0,0.00088572,0.00088572,0,1.1737e-16,0,98.002,1176.7,FLYING
10.74,-6.0188e-16,0,5.5003,2.7967e-17,0,0.00088467,0.00088467,0,1.2167e-16,0,98.002,1176.7,FLYING
10.743,-6.0181e-16,0,5.5003,2.8019e-17,0,0.00088363,0.00088363,0,1.2562e-16,0,98.001,1176.7,FLYING
10.745,-6.0174e-16,0,5.5003,2.8073e-17,0,0.00088258,0.00088258,0,1.2924e-16,0,98.001,1176.7,FLYING
10.748,-6.0166e-16,0,5.5003,2.8128e-17,0,0.00088154,0.00088154,0,1.3269e-16,0,98.001,1176.7,FLYING
10.75,-6.0159e-16,0,5.5003,2.8185e-17,0,0.00088049,0.00088049,0,1.358e-16,0,98,1176.7,FLYING
10.753,-6.0152e-16,0,5.5003,2.8243e-17,0,0.00087945,0.00087945,0,1.384e-16,0,98,1176.7,FLYING
10.755,-6.0145e-16,0,5.5003,2.8302e-17,0,0.00087841,0.00087841,0,1.4065e-16,0,97.999,1176.7,FLYING
10.758,-6.0138e-16,0,5.5003,2.8363e-17,0,0.00087737,0.00087737,0,1.4274e-16,0,97.999,1176.7,FLYING
10.76,-6.0131e-16,0,5.5003,2.8424e-17,0,0.00087633,0.00087633,0,1.4466e-16,0,97.998,1176.7,FLYING
10.763,-6.0124e-16,0,5.5003,2.8485e-17,0,0.0008753,0.0008753,0,1.4624e-16,0,97.998,1176.7,FLYING
10.765,-6.0117e-16,0,5.5003,2.8548e-17,0,0.00087426,0.00087426,0,1.4731e-16,0,97.997,1176.7,FLYING
10.768,-6.011e-16,0,5.5003,2.8611e-17,0,0.00087323,0.00087323,0,1.4804e-16,0,97.997,1176.7,FLYING
10.77,-6.0103e-16,0,5.5003,2.8674e-17,0,0.00087219,0.00087219,0,1.4859e-16,0,97.996,1176.7,FLYING
10.772,-6.0095e-16,0,5.5003,2.8738e-17,0,0.00087116,0.00087116,0,1.4881e-16,0,97.996,1176.7,FLYING
10.775,-6.0088e-16,0,5.5003,2.8802e-17,0,0.00087013,0.00087013,0,1.4869e-16,0,97.996,1176.7,FLYING
10.777,-6.0081e-16,0,5.5003,2.8865e-17,0,0.0008691,0.0008691,0,1.4841e-16,0,97.995,1176.7,FLYING
10.78,-6.0074e-16,0,5.5003,2.8929e-17,0,0.00086807,0.00086807,0,1.4795e-16,0,97.995,1176.7,FLYING
10.782,-6.0066e-16,0,5.5004,2.8992e-17,0,0.00086705,0.00086705,0,1.4715e-16,0,97.994,1176.7,FLYING
10.785,-6.0059e-16,0,5.5004,2.9055e-17,0,0.00086602,0.00086602,0,1.4618e-16,0,97.994,1176.7,FLYING
10.787,-6.0052e-16,0,5.5004,2.9118e-17,0,0.000865,0.000865,0,1.4471e-16,0,97.993,1176.7,FLYING
10.79,-6.0045e-16,0,5.5004,2.918e-17,0,0.00086397,0.00086397,0,1.4272e-16,0,97.993,1176.7,FLYING
10.792,-6.0037e-16,0,5.5004,2.9241e-17,0,0.00086295,0.00086295,0,1.4023e-16,0,97.992,1176.7,FLYING
10.795,-6.003e-16,0,5.5004,2.9301e-17,0,0.00086193,0.00086193,0,1.3723e-16,0,97.992,1176.7,FLYING
10.797,-6.0023e-16,0,5.5004,2.9359e-17,0,0.00086091,0.00086091,0,1.3372e-16,0,97.991,1176.7,FLYING
10.8,-6.0015e-16,0,5.5004,2.9417e-17,0,0.00085989,0.00085989,0,1.297e-16,0,97.991,1176.7,FLYING
10.802,-6.0008e-16,0,5.5004,2.9472e-17,0,0.00085887,0.00085887,0,1.2552e-16,0,97.991,1176.7,FLYING
10.805,-6.0001e-16,0,5.5004,2.9526e-17,0,0.00085786,0.00085786,0,1.2099e-16,0,97.99,1176.7,FLYING
10.807,-5.9993e-16,0,5.5004,2.9577e-17,0,0.00085684,0.00085684,0,1.1613e-16,0,97.99,1176.7,FLYING
10.81,-5.9986e-16,0,5.5004,2.9627e-17,0,0.00085583,0.00085583,0,1.111e-16,0,97.989,1176.7,FLYING
10.812,-5.9978e-16,0,5.5004,2.9675e-17,0,0.00085482,0.00085482,0,1.0573e-16,0,97.989,1176.7,FLYING
10.815,-5.9971e-16,0,5.5004,2.972e-17,0,0.00085381,0.00085381,0,1.0053e-16,0,97.988,1176.7,FLYING
10.817,-5.9963e-16,0,5.5004,2.9763e-17,0,0.0008528,0.0008528,0,9.5338e-17,0,97.988,1176.7,FLYING
10.82,-5.9956e-16,0,5.5004,2.9804e-17,0,0.00085179,0.00085179,0,9.0312e-17,0,97.987,1176.7,FLYING
10.822,-5.9949e-16,0,5.5004,2.9842e-17,0,0.00085078,0.00085078,0,8.5288e-17,0,97.987,1176.7,FLYING
10.825,-5.9941e-16,0,5.5004,2.9879e-17,0,0.00084977,0.00084977,0,8.0605e-17,0,97.986,1176.7,FLYING
10.827,-5.9934e-16,0,5.5004,2.9913e-17,0,0.00084877,0.00084877,0,7.6092e-17,0,97.986,1176.7,FLYING
10.83,-5.9926e-16,0,5.5004,2.9946e-17,0,0.00084776,0.00084776,0,7.192e-17,0,97.986,1176.7,FLYING
10.832,-5.9919e-16,0,5.5004,2.9977e-17,0,0.00084676,0.00084676,0,6.8257e-17,0,97.985,1176.7,FLYING
10.835,-5.9911e-16,0,5.5004,3.0006e-17,0,0.00084576,0.00084576,0,6.4765e-17,0,97.985,1176.7,FLYING
10.837,-5.9904e-16,0,5.5004,3.0034e-17,0,0.00084476,0.00084476,0,6.1444e-17,0,97.984,1176.7,FLYING
10.84,-5.9896e-16,0,5.5004,3.006e-17,0,0.00084376,0.00084376,0,5.8463e-17,0,97.984,1176.8,FLYING
10.842,-5.9889e-16,0,5.5004,3.0085e-17,0,0.00084276,0.00084276,0,5.5652e-17,0,97.983,1176.8,FLYING
10.845,-5.9881e-16,0,5.5004,3.0109e-17,0,0.00084176,0.00084176,0,5.3181e-17,0,97.983,1176.8,FLYING
10.847,-5.9873e-16,0,5.5004,3.0132e-17,0,0.00084077,0.00084077,0,5.088e-17,0,97.982,1176.8,FLYING
10.85,-5.9866e-16,0,5.5004,3.0153e-17,0,0.00083977,0.00083977,0,4.8919e-17,0,97.982,1176.8,FLYING
10.852,-5.9858e-16,0,5.5004,3.0174e-17,0,0.00083878,0.00083878,0,4.7129e-17,0,97.981,1176.8,FLYING
10.855,-5.9851e-16,0,5.5004,3.0194e-17,0,0.00083779,0.00083779,0,4.5508e-17,0,97.981,1176.8,FLYING
10.857,-5.9843e-16,0,5.5004,3.0214e-17,0,0.00083679,0.00083679,0,4.3888e-17,0,97.98,1176.8,FLYING
10.86,-5.9836e-16,0,5.5004,3.0233e-17,0,0.0008358,0.0008358,0,4.2098e-17,0,97.98,1176.8,FLYING
10.862,-5.9828e-16,0,5.5004,3.0251e-17,0,0.00083482,0.00083482,0,4.0139e-17,0,97.98,1176.8,FLYING
10.865,-5.9821e-16,0,5.5004,3.0268e-17,0,0.00083383,0.00083383,0,3.8012e-17,0,97.979,1176.8,FLYING
10.867,-5.9813e-16,0,5.5004,3.0284e-17,0,0.00083284,0.00083284,0,3.6224e-17,0,97.979,1176.8,FLYING
10.87,-5.9805e-16,0,5.5004,3.03e-17,0,0.00083186,0.00083186,0,3.4606e-17,0,97.978,1176.8,FLYING
10.872,-5.9798e-16,0,5.5004,3.0314e-17,0,0.00083087,0.00083087,0,3.3327e-17,0,97.978,1176.8,FLYING
10.875,-5.979e-16,0,5.5004,3.0329e-17,0,0.00082989,0.00082989,0,3.2389e-17,0,97.977,1176.8,FLYING
10.877,-5.9783e-16,0,5.5004,3.0342e-17,0,0.00082891,0.00082891,0,3.145e-17,0,97.977,1176.8,FLYING
10.88,-5.9775e-16,0,5.5004,3.0356e-17,0,0.00082793,0.00082793,0,3.0342e-17,0,97.976,1176.8,FLYING
10.882,-5.9768e-16,0,5.5004,3.0369e-17,0,0.00082695,0.00082695,0,2.9235e-17,0,97.976,1176.8,FLYING
10.885,-5.976e-16,0,5.5004,3.0381e-17,0,0.00082597,0.00082597,0,2.7958e-17,0,97.975,1176.8,FLYING
10.887,-5.9752e-16,0,5.5004,3.0393e-17,0,0.00082499,0.00082499,0,2.6851e-17,0,97.975,1176.8,FLYING
10.89,-5.9745e-16,0,5.5004,3.0405e-17,0,0.00082402,0.00082402,0,2.5744e-17,0,97.975,1176.8,FLYING
10.892,-5.9737e-16,0,5.5004,3.0416e-17,0,0.00082304,0.00082304,0,2.4807e-17,0,97.974,1176.8,FLYING
10.895,-5.973e-16,0,5.5004,3.0427e-17,0,0.00082207,0.00082207,0,2.404e-17,0,97.974,1176.8,FLYING
10.897,-5.9722e-16,0,5.5004,3.0437e-17,0,0.00082109,0.00082109,0,2.3274e-17,0,97.973,1176.8,FLYING
10.9,-5.9714e-16,0,5.5004,3.0447e-17,0,0.00082012,0.00082012,0,2.2677e-17,0,97.973,1176.8,FLYING
10.902,-5.9707e-16,0,5.5005,3.0456e-17,0,0.00081915,0.00081915,0,2.208e-17,0,97.972,1176.8,FLYING
10.905,-5.9699e-16,0,5.5005,3.0466e-17,0,0.00081818,0.00081818,0,2.1314e-17,0,97.972,1176.8,FLYING
10.907,-5.9691e-16,0,5.5005,3.0475e-17,0,0.00081721,0.00081721,0,2.0378e-17,0,97.971,1176.8,FLYING
10.91,-5.9684e-16,0,5.5005,3.0484e-17,0,0.00081625,0.00081625,0,1.9443e-17,0,97.971,1176.8,FLYING
10.912,-5.9676e-16,0,5.5005,3.0492e-17,0,0.00081528,0.00081528,0,1.8677e-17,0,97.97,1176.8,FLYING
10.915,-5.9669e-16,0,5.5005,3.05e-17,0,0.00081432,0.00081432,0,1.7912e-17,0,97.97,1176.8,FLYING
10.917,-5.9661e-16,0,5.5005,3.0508e-17,0,0.00081335,0.00081335,0,1.7146e-17,0,97.97,1176.8,FLYING
10.92,-5.9653e-16,0,5.5005,3.0515e-17,0,0.00081239,0.00081239,0,1.6212e-17,0,97.969,1176.8,FLYING
10.922,-5.9646e-16,0,5.5005,3.0522e-17,0,0.00081143,0.00081143,0,1.5277e-17,0,97.969,1176.8,FLYING
10.925,-5.9638e-16,0,5.5005,3.0529e-17,0,0.00081047,0.00081047,0,1.4343e-17,0,97.968,1176.8,FLYING
10.927,-5.963e-16,0,5.5005,3.0535e-17,0,0.00080951,0.00080951,0,1.3239e-17,0,97.968,1176.8,FLYING
10.93,-5.9623e-16,0,5.5005,3.054e-17,0,0.00080855,0.00080855,0,1.1967e-17,0,97.967,1176.8,FLYING
10.932,-5.9615e-16,0,5.5005,3.0545e-17,0,0.0008076,0.0008076,0,1.0694e-17,0,97.967,1176.8,FLYING
10.935,-5.9608e-16,0,5.5005,3.055e-17,0,0.00080664,0.00080664,0,9.5913e-18,0,97.966,1176.8,FLYING
10.937,-5.96e-16,0,5.5005,3.0554e-17,0,0.00080569,0.00080569,0,8.3192e-18,0,97.966,1176.8,FLYING
10.94,-5.9592e-16,0,5.5005,3.0558e-17,0,0.00080473,0.00080473,0,7.0475e-18,0,97.965,1176.8,FLYING
10.942,-5.9585e-16,0,5.5005,3.0561e-17,0,0.00080378,0.00080378,0,5.6065e-18,0,97.965,1176.8,FLYING
10.945,-5.9577e-16,0,5.5005,3.0563e-17,0,0.00080283,0.00080283,0,3.9962e-18,0,97.965,1176.8,FLYING
10.947,-5.9569e-16,0,5.5005,3.0565e-17,0,0.00080188,0.00080188,0,2.3863e-18,0,97.964,1176.8,FLYING
10.95,-5.9562e-16,0,5.5005,3.0566e-17,0,0.00080093,0.00080093,0,9.465e-19,0,97.964,1176.8,FLYING
10.952,-5.9554e-16,0,5.5005,3.0566e-17,0,0.00079999,0.00079999,0,-4.93e-19,0,97.963,1176.8,FLYING
10.955,-5.9546e-16,0,5.5005,3.0566e-17,0,0.00079904,0.00079904,0,-2.1018e-18,0,97.963,1176.8,FLYING
10.957,-5.9539e-16,0,5.5005,3.0565e-17,0,0.00079809,0.00079809,0,-3.5405e-18,0,97.962,1176.8,FLYING
10.96,-5.9531e-16,0,5.5005,3.0564e-17,0,0.00079715,0.00079715,0,-4.9789e-18,0,97.962,1176.8,FLYING
10.962,-5.9523e-16,0,5.5005,3.0561e-17,0,0.00079621,0.00079621,0,-6.2472e-18,0,97.961,1176.8,FLYING
10.965,-5.9516e-16,0,5.5005,3.0559e-17,0,0.00079526,0.00079526,0,-7.1761e-18,0,97.961,1176.8,FLYING
10.967,-5.9508e-16,0,5.5005,3.0556e-17,0,0.00079432,0.00079432,0,-7.935e-18,0,97.96,1176.8,FLYING
10.97,-5.9501e-16,0,5.5005,3.0552e-17,0,0.00079338,0.00079338,0,-8.5241e-18,0,97.96,1176.8,FLYING
10.972,-5.9493e-16,0,5.5005,3.0549e-17,0,0.00079244,0.00079244,0,-8.7738e-18,0,97.96,1176.8,FLYING
10.975,-5.9485e-16,0,5.5005,3.0545e-17,0,0.00079151,0.00079151,0,-8.8539e-18,0,97.959,1176.8,FLYING
10.977,-5.9478e-16,0,5.5005,3.0541e-17,0,0.00079057,0.00079057,0,-8.7642e-18,0,97.959,1176.8,FLYING
10.98,-5.947e-16,0,5.5005,3.0537e-17,0,0.00078964,0.00078964,0,-8.3354e-18,0,97.958,1176.8,FLYING
10.982,-5.9462e-16,0,5.5005,3.0534e-17,0,0.0007887,0.0007887,0,-7.737e-18,0,97.958,1176.8,FLYING
10.985,-5.9455e-16,0,5.5005,3.0531e-17,0,0.00078777,0.00078777,0,-7.3084e-18,0,97.957,1176.8,FLYING
10.987,-5.9447e-16,0,5.5005,3.0527e-17,0,0.00078684,0.00078684,0,-6.8799e-18,0,97.957,1176.8,FLYING
10.99,-5.944e-16,0,5.5005,3.0524e-17,0,0.0007859,0.0007859,0,-6.4515e-18,0,97.956,1176.8,FLYING
10.992,-5.9432e-16,0,5.5005,3.0522e-17,0,0.00078497,0.00078497,0,-6.0232e-18,0,97.956,1176.8,FLYING
10.995,-5.9424e-16,0,5.5005,3.0519e-17,0,0.00078405,0.00078405,0,-5.4254e-18,0,97.955,1176.8,FLYING
10.997,-5.9417e-16,0,5.5005,3.0517e-17,0,0.00078312,0.00078312,0,-4.9974e-18,0,97.955,1176.8,FLYING
11,-5.9409e-16,0,5.5005,3.0515e-17,0,0.00078219,0.00078219,0,-4.7391e-18,0,97.954,1176.8,FLYING
11.002,-5.9401e-16,0,5.5005,3.0513e-17,0,0.00078127,0.00078127,0,-4.4809e-18,0,97.954,1176.8,FLYING
11.005,-5.9394e-16,0,5.5005,3.0511e-17,0,0.00078034,0.00078034,0,-4.2227e-18,0,97.954,1176.8,FLYING
11.007,-5.9386e-16,0,5.5005,3.0509e-17,0,0.00077942,0.00077942,0,-4.1343e-18,0,97.953,1176.8,FLYING
11.01,-5.9378e-16,0,5.5005,3.0507e-17,0,0.0007785,0.0007785,0,-4.0458e-18,0,97.953,1176.8,FLYING
11.012,-5.9371e-16,0,5.5005,3.0505e-17,0,0.00077758,0.00077758,0,-3.9574e-18,0,97.952,1176.8,FLYING
11.015,-5.9363e-16,0,5.5005,3.0504e-17,0,0.00077666,0.00077666,0,-3.869e-18,0,97.952,1176.8,FLYING
11.017,-5.9356e-16,0,5.5005,3.0502e-17,0,0.00077574,0.00077574,0,-3.7806e-18,0,97.951,1176.8,FLYING
11.02,-5.9348e-16,0,5.5005,3.05e-17,0,0.00077482,0.00077482,0,-3.6923e-18,0,97.951,1176.8,FLYING
11.022,-5.934e-16,0,5.5005,3.0499e-17,0,0.0007739,0.0007739,0,-3.6039e-18,0,97.95,1176.8,FLYING
11.025,-5.9333e-16,0,5.5005,3.0497e-17,0,0.00077299,0.00077299,0,-3.5156e-18,0,97.95,1176.8,FLYING
11.027,-5.9325e-16,0,5.5006,3.0496e-17,0,0.00077207,0.00077207,0,-3.0881e-18,0,97.949,1176.8,FLYING
11.03,-5.9317e-16,0,5.5006,3.0494e-17,0,0.00077116,0.00077116,0,-2.491e-18,0,97.949,1176.8,FLYING
11.032,-5.931e-16,0,5.5006,3.0493e-17,0,0.00077025,0.00077025,0,-1.7245e-18,0,97.949,1176.8,FLYING
11.035,-5.9302e-16,0,5.5006,3.0493e-17,0,0.00076934,0.00076934,0,-6.1883e-19,0,97.948,1176.8,FLYING
11.037,-5.9295e-16,0,5.5006,3.0492e-17,0,0.00076842,0.00076842,0,8.2577e-19,0,97.948,1176.8,FLYING
11.04,-5.9287e-16,0,5.5006,3.0493e-17,0,0.00076752,0.00076752,0,2.4396e-18,0,97.947,1176.8,FLYING
11.042,-5.9279e-16,0,5.5006,3.0494e-17,0,0.00076661,0.00076661,0,4.3924e-18,0,97.947,1176.8,FLYING
11.045,-5.9272e-16,0,5.5006,3.0496e-17,0,0.0007657,0.0007657,0,6.5142e-18,0,97.946,1176.8,FLYING
11.047,-5.9264e-16,0,5.5006,3.0498e-17,0,0.00076479,0.00076479,0,8.9748e-18,0,97.946,1176.8,FLYING
11.05,-5.9256e-16,0,5.5006,3.0502e-17,0,0.00076389,0.00076389,0,1.1774e-17,0,97.945,1176.8,FLYING
11.052,-5.9249e-16,0,5.5006,3.0507e-17,0,0.00076299,0.00076299,0,1.4912e-17,0,97.945,1176.8,FLYING
11.055,-5.9241e-16,0,5.5006,3.0514e-17,0,0.00076208,0.00076208,0,1.8388e-17,0,97.944,1176.8,FLYING
11.057,-5.9234e-16,0,5.5006,3.0522e-17,0,0.00076118,0.00076118,0,2.2372e-17,0,97.944,1176.8,FLYING
11.06,-5.9226e-16,0,5.5006,3.0531e-17,0,0.00076028,0.00076028,0,2.6525e-17,0,97.944,1176.8,FLYING
11.062,-5.9218e-16,0,5.5006,3.0543e-17,0,0.00075938,0.00075938,0,3.0847e-17,0,97.943,1176.8,FLYING
11.065,-5.9211e-16,0,5.5006,3.0556e-17,0,0.00075848,0.00075848,0,3.5507e-17,0,97.943,1176.8,FLYING
11.067,-5.9203e-16,0,5.5006,3.0571e-17,0,0.00075759,0.00075759,0,4.0674e-17,0,97.942,1176.8,FLYING
11.07,-5.9195e-16,0,5.5006,3.0588e-17,0,0.00075669,0.00075669,0,4.6179e-17,0,97.942,1176.8,FLYING
11.072,-5.9188e-16,0,5.5006,3.0608e-17,0,0.00075579,0.00075579,0,5.2023e-17,0,97.941,1176.8,FLYING
11.075,-5.918e-16,0,5.5006,3.063e-17,0,0.0007549,0.0007549,0,5.8204e-17,0,97.941,1176.8,FLYING
11.077,-5.9172e-16,0,5.5006,3.0655e-17,0,0.00075401,0.00075401,0,6.4723e-17,0,97.94,1176.8,FLYING
11.08,-5.9165e-16,0,5.5006,3.0683e-17,0,0.00075311,0.00075311,0,7.1409e-17,0,97.94,1176.8,FLYING
11.082,-5.9157e-16,0,5.5006,3.0713e-17,0,0.00075222,0.00075222,0,7.8094e-17,0,97.939,1176.8,FLYING
11.085,-5.9149e-16,0,5.5006,3.0747e-17,0,0.00075133,0.00075133,0,8.4778e-17,0,97.939,1176.8,FLYING
11.087,-5.9142e-16,0,5.5006,3.0783e-17,0,0.00075044,0.00075044,0,9.129e-17,0,97.939,1176.8,FLYING
11.09,-5.9134e-16,0,5.5006,3.0822e-17,0,0.00074956,0.00074956,0,9.797e-17,0,97.938,1176.8,FLYING
11.092,-5.9126e-16,0,5.5006,3.0864e-17,0,0.00074867,0.00074867,0,1.0465e-16,0,97.938,1176.8,FLYING
11.095,-5.9119e-16,0,5.5006,3.0909e-17,0,0.00074778,0.00074778,0,1.1133e-16,0,97.937,1176.8,FLYING
11.097,-5.9111e-16,0,5.5006,3.0957e-17,0,0.0007469,0.0007469,0,1.18e-16,0,97.937,1176.8,FLYING
11.1,-5.9103e-16,0,5.5006,3.1007e-17,0,0.00074602,0.00074602,0,1.2467e-16,0,97.936,1176.8,FLYING
11.102,-5.9095e-16,0,5.5006,3.106e-17,0,0.00074513,0.00074513,0,1.3152e-16,0,97.936,1176.8,FLYING
11.105,-5.9088e-16,0,5.5006,3.1117e-17,0,0.00074425,0.00074425,0,1.3819e-16,0,97.935,1176.8,FLYING
11.107,-5.908e-16,0,5.5006,3.1176e-17,0,0.00074337,0.00074337,0,1.4468e-16,0,97.935,1176.8,FLYING
11.11,-5.9072e-16,0,5.5006,3.1238e-17,0,0.00074249,0.00074249,0,1.5101e-16,0,97.934,1176.8,FLYING
11.112,-5.9064e-16,0,5.5006,3.1302e-17,0,0.00074161,0.00074161,0,1.57e-16,0,97.934,1176.8,FLYING
11.115,-5.9056e-16,0,5.5006,3.1369e-17,0,0.00074074,0.00074074,0,1.6264e-16,0,97.934,1176.8,FLYING
11.117,-5.9048e-16,0,5.5006,3.1439e-17,0,0.00073986,0.00073986,0,1.6778e-16,0,97.933,1176.8,FLYING
11.12,-5.9041e-16,0,5.5006,3.1511e-17,0,0.00073898,0.00073898,0,1.7258e-16,0,97.933,1176.8,FLYING
11.122,-5.9033e-16,0,5.5006,3.1585e-17,0,0.00073811,0.00073811,0,1.7703e-16,0,97.932,1176.8,FLYING
11.125,-5.9025e-16,0,5.5006,3.166e-17,0,0.00073724,0.00073724,0,1.8097e-16,0,97.932,1176.8,FLYING
11.127,-5.9017e-16,0,5.5006,3.1738e-17,0,0.00073636,0.00073636,0,1.8458e-16,0,97.931,1176.8,FLYING
11.13,-5.9009e-16,0,5.5006,3.1817e-17,0,0.00073549,0.00073549,0,1.8801e-16,0,97.931,1176.8,FLYING
11.132,-5.9001e-16,0,5.5006,3.1897e-17,0,0.00073462,0.00073462,0,1.9094e-16,0,97.93,1176.8,FLYING
11.135,-5.8993e-16,0,5.5006,3.1979e-17,0,0.00073375,0.00073375,0,1.9369e-16,0,97.93,1176.8,FLYING
11.137,-5.8985e-16,0,5.5006,3.2062e-17,0,0.00073289,0.00073289,0,1.961e-16,0,97.929,1176.8,FLYING
11.14,-5.8977e-16,0,5.5006,3.2146e-17,0,0.00073202,0.00073202,0,1.9801e-16,0,97.929,1176.8,FLYING
11.142,-5.8969e-16,0,5.5006,3.2231e-17,0,0.00073115,0.00073115,0,1.994e-16,0,97.928,1176.8,FLYING
11.145,-5.8961e-16,0,5.5006,3.2316e-17,0,0.00073029,0.00073029,0,2.0046e-16,0,97.928,1176.8,FLYING
11.147,-5.8953e-16,0,5.5006,3.2402e-17,0,0.00072942,0.00072942,0,2.0134e-16,0,97.928,1176.8,FLYING
11.15,-5.8944e-16,0,5.5006,3.2488e-17,0,0.00072856,0.00072856,0,2.0189e-16,0,97.927,1176.8,FLYING
11.152,-5.8936e-16,0,5.5006,3.2574e-17,0,0.0007277,0.0007277,0,2.0193e-16,0,97.927,1176.8,FLYING
11.155,-5.8928e-16,0,5.5006,3.2661e-17,0,0.00072684,0.00072684,0,2.0146e-16,0,97.926,1176.8,FLYING
11.157,-5.892e-16,0,5.5006,3.2747e-17,0,0.00072598,0.00072598,0,2.0047e-16,0,97.926,1176.8,FLYING
11.16,-5.8912e-16,0,5.5006,3.2833e-17,0,0.00072512,0.00072512,0,1.9915e-16,0,97.925,1176.8,FLYING
11.162,-5.8903e-16,0,5.5007,3.2918e-17,0,0.00072426,0.00072426,0,1.9733e-16,0,97.925,1176.8,FLYING
11.165,-5.8895e-16,0,5.5007,3.3002e-17,0,0.0007234,0.0007234,0,1.9516e-16,0,97.924,1176.8,FLYING
11.167,-5.8887e-16,0,5.5007,3.3086e-17,0,0.00072255,0.00072255,0,1.9265e-16,0,97.924,1176.8,FLYING
11.17,-5.8879e-16,0,5.5007,3.3168e-17,0,0.00072169,0.00072169,0,1.8981e-16,0,97.923,1176.8,FLYING
11.172,-5.887e-16,0,5.5007,3.3249e-17,0,0.00072084,0.00072084,0,1.8663e-16,0,97.923,1176.8,FLYING
11.175,-5.8862e-16,0,5.5007,3.3329e-17,0,0.00071999,0.00071999,0,1.8294e-16,0,97.923,1176.8,FLYING
11.177,-5.8854e-16,0,5.5007,3.3407e-17,0,0.00071913,0.00071913,0,1.7891e-16,0,97.922,1176.8,FLYING
11.18,-5.8845e-16,0,5.5007,3.3484e-17,0,0.00071828,0.00071828,0,1.7437e-16,0,97.922,1176.8,FLYING
11.182,-5.8837e-16,0,5.5007,3.3559e-17,0,0.00071743,0.00071743,0,1.7e-16,0,97.921,1176.8,FLYING
11.185,-5.8829e-16,0,5.5007,3.3631e-17,0,0.00071658,0.00071658,0,1.6547e-16,0,97.921,1176.8,FLYING
11.187,-5.882e-16,0,5.5007,3.3702e-17,0,0.00071574,0.00071574,0,1.6127e-16,0,97.92,1176.8,FLYING
11.19,-5.8812e-16,0,5.5007,3.3771e-17,0,0.00071489,0.00071489,0,1.5742e-16,0,97.92,1176.8,FLYING
11.192,-5.8803e-16,0,5.5007,3.3839e-17,0,0.00071404,0.00071404,0,1.5373e-16,0,97.919,1176.8,FLYING
11.195,-5.8795e-16,0,5.5007,3.3904e-17,0,0.0007132,0.0007132,0,1.5022e-16,0,97.919,1176.8,FLYING
11.197,-5.8786e-16,0,5.5007,3.3969e-17,0,0.00071236,0.00071236,0,1.4688e-16,0,97.918,1176.8,FLYING
11.2,-5.8778e-16,0,5.5007,3.4031e-17,0,0.00071151,0.00071151,0,1.4371e-16,0,97.918,1176.8,FLYING
11.202,-5.8769e-16,0,5.5007,3.4093e-17,0,0.00071067,0.00071067,0,1.407e-16,0,97.918,1176.8,FLYING
11.205,-5.8761e-16,0,5.5007,3.4153e-17,0,0.00070983,0.00070983,0,1.3804e-16,0,97.917,1176.8,FLYING
11.207,-5.8752e-16,0,5.5007,3.4212e-17,0,0.00070899,0.00070899,0,1.3572e-16,0,97.917,1176.8,FLYING
11.21,-5.8744e-16,0,5.5007,3.427e-17,0,0.00070815,0.00070815,0,1.3357e-16,0,97.916,1176.8,FLYING
11.212,-5.8735e-16,0,5.5007,3.4327e-17,0,0.00070731,0.00070731,0,1.3159e-16,0,97.916,1176.8,FLYING
11.215,-5.8726e-16,0,5.5007,3.4384e-17,0,0.00070648,0.00070648,0,1.2994e-16,0,97.915,1176.8,FLYING
11.217,-5.8718e-16,0,5.5007,3.4439e-17,0,0.00070564,0.00070564,0,1.2864e-16,0,97.915,1176.8,FLYING
11.22,-5.8709e-16,0,5.5007,3.4494e-17,0,0.00070481,0.00070481,0,1.2751e-16,0,97.914,1176.8,FLYING
11.222,-5.87e-16,0,5.5007,3.4549e-17,0,0.00070397,0.00070397,0,1.2672e-16,0,97.914,1176.8,FLYING
11.225,-5.8692e-16,0,5.5007,3.4603e-17,0,0.00070314,0.00070314,0,1.2593e-16,0,97.913,1176.8,FLYING
11.227,-5.8683e-16,0,5.5007,3.4657e-17,0,0.00070231,0.00070231,0,1.2513e-16,0,97.913,1176.8,FLYING
11.23,-5.8674e-16,0,5.5007,3.4711e-17,0,0.00070148,0.00070148,0,1.2417e-16,0,97.913,1176.8,FLYING
11.232,-5.8666e-16,0,5.5007,3.4764e-17,0,0.00070065,0.00070065,0,1.2321e-16,0,97.912,1176.8,FLYING
11.235,-5.8657e-16,0,5.5007,3.4816e-17,0,0.00069982,0.00069982,0,1.2225e-16,0,97.912,1176.8,FLYING
11.237,-5.8648e-16,0,5.5007,3.4869e-17,0,0.00069899,0.00069899,0,1.2146e-16,0,97.911,1176.8,FLYING
11.24,-5.864e-16,0,5.5007,3.4921e-17,0,0.00069816,0.00069816,0,1.2067e-16,0,97.911,1176.8,FLYING
11.242,-5.8631e-16,0,5.5007,3.4972e-17,0,0.00069734,0.00069734,0,1.2005e-16,0,97.91,1176.8,FLYING
11.245,-5.8622e-16,0,5.5007,3.5024e-17,0,0.00069651,0.00069651,0,1.1925e-16,0,97.91,1176.8,FLYING
11.247,-5.8613e-16,0,5.5007,3.5075e-17,0,0.00069569,0.00069569,0,1.1829e-16,0,97.909,1176.8,FLYING
11.25,-5.8605e-16,0,5.5007,3.5125e-17,0,0.00069486,0.00069486,0,1.1716e-16,0,97.909,1176.8,FLYING
11.252,-5.8596e-16,0,5.5007,3.5175e-17,0,0.00069404,0.00069404,0,1.1621e-16,0,97.908,1176.8,FLYING
11.255,-5.8587e-16,0,5.5007,3.5225e-17,0,0.00069322,0.00069322,0,1.1508e-16,0,97.908,1176.8,FLYING
11.257,-5.8578e-16,0,5.5007,3.5274e-17,0,0.0006924,0.0006924,0,1.1412e-16,0,97.908,1176.8,FLYING
11.26,-5.8569e-16,0,5.5007,3.5323e-17,0,0.00069158,0.00069158,0,1.1299e-16,0,97.907,1176.8,FLYING
11.262,-5.8561e-16,0,5.5007,3.5372e-17,0,0.00069076,0.00069076,0,1.1169e-16,0,97.907,1176.8,FLYING
11.265,-5.8552e-16,0,5.5007,3.5419e-17,0,0.00068995,0.00068995,0,1.1022e-16,0,97.906,1176.8,FLYING
11.267,-5.8543e-16,0,5.5007,3.5467e-17,0,0.00068913,0.00068913,0,1.0876e-16,0,97.906,1176.8,FLYING
11.27,-5.8534e-16,0,5.5007,3.5513e-17,0,0.00068831,0.00068831,0,1.0729e-16,0,97.905,1176.8,FLYING
11.272,-5.8525e-16,0,5.5007,3.5559e-17,0,0.0006875,0.0006875,0,1.0582e-16,0,97.905,1176.8,FLYING
11.275,-5.8516e-16,0,5.5007,3.5604e-17,0,0.00068669,0.00068669,0,1.0453e-16,0,97.904,1176.8,FLYING
11.277,-5.8507e-16,0,5.5007,3.5649e-17,0,0.00068587,0.00068587,0,1.0306e-16,0,97.904,1176.8,FLYING
11.28,-5.8498e-16,0,5.5007,3.5693e-17,0,0.00068506,0.00068506,0,1.0143e-16,0,97.903,1176.8,FLYING
11.282,-5.8489e-16,0,5.5007,3.5736e-17,0,0.00068425,0.00068425,0,9.9794e-17,0,97.903,1176.8,FLYING
11.285,-5.848e-16,0,5.5007,3.5779e-17,0,0.00068344,0.00068344,0,9.833e-17,0,97.902,1176.8,FLYING
11.287,-5.8471e-16,0,5.5007,3.5821e-17,0,0.00068263,0.00068263,0,9.6866e-17,0,97.902,1176.8,FLYING
11.29,-5.8462e-16,0,5.5007,3.5863e-17,0,0.00068183,0.00068183,0,9.5402e-17,0,97.902,1176.8,FLYING
11.292,-5.8454e-16,0,5.5007,3.5904e-17,0,0.00068102,0.00068102,0,9.377e-17,0,97.901,1176.8,FLYING
11.295,-5.8445e-16,0,5.5007,3.5944e-17,0,0.00068021,0.00068021,0,9.2137e-17,0,97.901,1176.8,FLYING
11.297,-5.8436e-16,0,5.5007,3.5983e-17,0,0.00067941,0.00067941,0,9.0505e-17,0,97.9,1176.8,FLYING
11.3,-5.8427e-16,0,5.5007,3.6022e-17,0,0.00067861,0.00067861,0,8.8704e-17,0,97.9,1176.8,FLYING
11.302,-5.8418e-16,0,5.5007,3.606e-17,0,0.0006778,0.0006778,0,8.6903e-17,0,97.899,1176.8,FLYING
11.305,-5.8408e-16,0,5.5008,3.6097e-17,0,0.000677,0.000677,0,8.4934e-17,0,97.899,1176.8,FLYING
11.307,-5.8399e-16,0,5.5008,3.6133e-17,0,0.0006762,0.0006762,0,8.2964e-17,0,97.898,1176.8,FLYING
11.31,-5.839e-16,0,5.5008,3.6169e-17,0,0.0006754,0.0006754,0,8.0826e-17,0,97.898,1176.8,FLYING
11.312,-5.8381e-16,0,5.5008,3.6203e-17,0,0.0006746,0.0006746,0,7.8688e-17,0,97.897,1176.8,FLYING
11.315,-5.8372e-16,0,5.5008,3.6237e-17,0,0.0006738,0.0006738,0,7.672e-17,0,97.897,1176.8,FLYING
11.317,-5.8363e-16,0,5.5008,3.627e-17,0,0.00067301,0.00067301,0,7.4753e-17,0,97.897,1176.8,FLYING
11.32,-5.8354e-16,0,5.5008,3.6302e-17,0,0.00067221,0.00067221,0,7.2616e-17,0,97.896,1176.8,FLYING
11.322,-5.8345e-16,0,5.5008,3.6333e-17,0,0.00067141,0.00067141,0,7.048e-17,0,97.896,1176.8,FLYING
11.325,-5.8336e-16,0,5.5008,3.6363e-17,0,0.00067062,0.00067062,0,6.8175e-17,0,97.895,1176.8,FLYING
11.327,-5.8327e-16,0,5.5008,3.6392e-17,0,0.00066983,0.00066983,0,6.604e-17,0,97.895,1176.8,FLYING
11.33,-5.8318e-16,0,5.5008,3.642e-17,0,0.00066903,0.00066903,0,6.3736e-17,0,97.894,1176.8,FLYING
11.332,-5.8309e-16,0,5.5008,3.6448e-17,0,0.00066824,0.00066824,0,6.1433e-17,0,97.894,1176.8,FLYING
11.335,-5.83e-16,0,5.5008,3.6474e-17,0,0.00066745,0.00066745,0,5.913e-17,0,97.893,1176.8,FLYING
11.337,-5.829e-16,0,5.5008,3.6499e-17,0,0.00066666,0.00066666,0,5.6828e-17,0,97.893,1176.8,FLYING
11.34,-5.8281e-16,0,5.5008,3.6524e-17,0,0.00066587,0.00066587,0,5.4357e-17,0,97.892,1176.8,FLYING
11.342,-5.8272e-16,0,5.5008,3.6547e-17,0,0.00066509,0.00066509,0,5.1717e-17,0,97.892,1176.8,FLYING
11.345,-5.8263e-16,0,5.5008,3.6569e-17,0,0.0006643,0.0006643,0,4.9077e-17,0,97.892,1176.8,FLYING
11.347,-5.8254e-16,0,5.5008,3.659e-17,0,0.00066351,0.00066351,0,4.6608e-17,0,97.891,1176.8,FLYING
11.35,-5.8245e-16,0,5.5008,3.661e-17,0,0.00066273,0.00066273,0,4.3969e-17,0,97.891,1176.8,FLYING
11.352,-5.8236e-16,0,5.5008,3.6629e-17,0,0.00066194,0.00066194,0,4.1332e-17,0,97.89,1176.8,FLYING
11.355,-5.8226e-16,0,5.5008,3.6646e-17,0,0.00066116,0.00066116,0,3.8525e-17,0,97.89,1176.8,FLYING
11.357,-5.8217e-16,0,5.5008,3.6663e-17,0,0.00066038,0.00066038,0,3.5719e-17,0,97.889,1176.8,FLYING
11.36,-5.8208e-16,0,5.5008,3.6678e-17,0,0.0006596,0.0006596,0,3.3084e-17,0,97.889,1176.8,FLYING
11.362,-5.8199e-16,0,5.5008,3.6692e-17,0,0.00065882,0.00065882,0,3.0279e-17,0,97.888,1176.8,FLYING
11.365,-5.819e-16,0,5.5008,3.6705e-17,0,0.00065804,0.00065804,0,2.7475e-17,0,97.888,1176.8,FLYING
11.367,-5.8181e-16,0,5.5008,3.6717e-17,0,0.00065726,0.00065726,0,2.4502e-17,0,97.887,1176.8,FLYING
11.37,-5.8171e-16,0,5.5008,3.6728e-17,0,0.00065648,0.00065648,0,2.17e-17,0,97.887,1176.8,FLYING
11.372,-5.8162e-16,0,5.5008,3.6737e-17,0,0.0006557,0.0006557,0,1.9238e-17,0,97.887,1176.8,FLYING
11.375,-5.8153e-16,0,5.5008,3.6745e-17,0,0.00065493,0.00065493,0,1.7115e-17,0,97.886,1176.8,FLYING
11.377,-5.8144e-16,0,5.5008,3.6752e-17,0,0.00065415,0.00065415,0,1.5332e-17,0,97.886,1176.8,FLYING
11.38,-5.8135e-16,0,5.5008,3.6759e-17,0,0.00065338,0.00065338,0,1.355e-17,0,97.885,1176.8,FLYING
11.382,-5.8125e-16,0,5.5008,3.6765e-17,0,0.00065261,0.00065261,0,1.1768e-17,0,97.885,1176.8,FLYING
11.385,-5.8116e-16,0,5.5008,3.677e-17,0,0.00065183,0.00065183,0,9.8169e-18,0,97.884,1176.8,FLYING
11.387,-5.8107e-16,0,5.5008,3.6774e-17,0,0.00065106,0.00065106,0,8.0359e-18,0,97.884,1176.8,FLYING
11.39,-5.8098e-16,0,5.5008,3.6777e-17,0,0.00065029,0.00065029,0,6.0857e-18,0,97.883,1176.8,FLYING
11.392,-5.8089e-16,0,5.5008,3.678e-17,0,0.00064952,0.00064952,0,3.7968e-18,0,97.883,1176.8,FLYING
11.395,-5.8079e-16,0,5.5008,3.6782e-17,0,0.00064875,0.00064875,0,1.5084e-18,0,97.882,1176.8,FLYING
11.397,-5.807e-16,0,5.5008,3.6782e-17,0,0.00064799,0.00064799,0,-7.7933e-19,0,97.882,1176.8,FLYING
11.4,-5.8061e-16,0,5.5008,3.6782e-17,0,0.00064722,0.00064722,0,-3.0665e-18,0,97.881,1176.8,FLYING
11.402,-5.8052e-16,0,5.5008,3.6781e-17,0,0.00064645,0.00064645,0,-5.5228e-18,0,97.881,1176.8,FLYING
11.405,-5.8043e-16,0,5.5008,3.6778e-17,0,0.00064569,0.00064569,0,-7.9785e-18,0,97.881,1176.8,FLYING
11.407,-5.8033e-16,0,5.5008,3.6775e-17,0,0.00064493,0.00064493,0,-1.0434e-17,0,97.88,1176.8,FLYING
11.41,-5.8024e-16,0,5.5008,3.677e-17,0,0.00064416,0.00064416,0,-1.2888e-17,0,97.88,1176.8,FLYING
11.412,-5.8015e-16,0,5.5008,3.6765e-17,0,0.0006434,0.0006434,0,-1.5342e-17,0,97.879,1176.8,FLYING
11.415,-5.8006e-16,0,5.5008,3.6758e-17,0,0.00064264,0.00064264,0,-1.7965e-17,0,97.879,1176.8,FLYING
11.417,-5.7997e-16,0,5.5008,3.6751e-17,0,0.00064188,0.00064188,0,-2.0587e-17,0,97.878,1176.8,FLYING
11.42,-5.7988e-16,0,5.5008,3.6742e-17,0,0.00064112,0.00064112,0,-2.3039e-17,0,97.878,1176.8,FLYING
11.422,-5.7978e-16,0,5.5008,3.6732e-17,0,0.00064036,0.00064036,0,-2.549e-17,0,97.877,1176.8,FLYING
11.425,-5.7969e-16,0,5.5008,3.6721e-17,0,0.0006396,0.0006396,0,-2.7771e-17,0,97.877,1176.8,FLYING
11.427,-5.796e-16,0,5.5008,3.6709e-17,0,0.00063885,0.00063885,0,-3.0051e-17,0,97.876,1176.8,FLYING
11.43,-5.7951e-16,0,5.5008,3.6696e-17,0,0.00063809,0.00063809,0,-3.2162e-17,0,97.876,1176.8,FLYING
11.432,-5.7942e-16,0,5.5008,3.6683e-17,0,0.00063734,0.00063734,0,-3.4441e-17,0,97.876,1176.8,FLYING
11.435,-5.7932e-16,0,5.5008,3.6668e-17,0,0.00063658,0.00063658,0,-3.6889e-17,0,97.875,1176.8,FLYING
11.437,-5.7923e-16,0,5.5008,3.6652e-17,0,0.00063583,0.00063583,0,-3.8998e-17,0,97.875,1176.8,FLYING
11.44,-5.7914e-16,0,5.5008,3.6635e-17,0,0.00063508,0.00063508,0,-4.0936e-17,0,97.874,1176.8,FLYING
11.442,-5.7905e-16,0,5.5008,3.6618e-17,0,0.00063433,0.00063433,0,-4.2705e-17,0,97.874,1176.8,FLYING
11.445,-5.7896e-16,0,5.5008,3.66e-17,0,0.00063357,0.00063357,0,-4.3964e-17,0,97.873,1176.8,FLYING
11.447,-5.7887e-16,0,5.5008,3.6581e-17,0,0.00063283,0.00063283,0,-4.5053e-17,0,97.873,1176.8,FLYING
11.45,-5.7878e-16,0,5.5008,3.6562e-17,0,0.00063208,0.00063208,0,-4.6311e-17,0,97.872,1176.8,FLYING
11.452,-5.7868e-16,0,5.5008,3.6542e-17,0,0.00063133,0.00063133,0,-4.7739e-17,0,97.872,1176.8,FLYING
11.455,-5.7859e-16,0,5.5008,3.6521e-17,0,0.00063058,0.00063058,0,-4.9166e-17,0,97.871,1176.8,FLYING
11.457,-5.785e-16,0,5.5009,3.65e-17,0,0.00062984,0.00062984,0,-5.0763e-17,0,97.871,1176.8,FLYING
11.46,-5.7841e-16,0,5.5009,3.6479e-17,0,0.00062909,0.00062909,0,-5.2189e-17,0,97.871,1176.8,FLYING
11.462,-5.7832e-16,0,5.5009,3.6456e-17,0,0.00062835,0.00062835,0,-5.3785e-17,0,97.87,1176.8,FLYING
11.465,-5.7823e-16,0,5.5009,3.6433e-17,0,0.0006276,0.0006276,0,-5.5211e-17,0,97.87,1176.8,FLYING
11.467,-5.7814e-16,0,5.5009,3.641e-17,0,0.00062686,0.00062686,0,-5.6467e-17,0,97.869,1176.8,FLYING
11.47,-5.7805e-16,0,5.5009,3.6385e-17,0,0.00062612,0.00062612,0,-5.7553e-17,0,97.869,1176.8,FLYING
11.472,-5.7796e-16,0,5.5009,3.6361e-17,0,0.00062538,0.00062538,0,-5.8468e-17,0,97.868,1176.8,FLYING
11.475,-5.7786e-16,0,5.5009,3.6336e-17,0,0.00062464,0.00062464,0,-5.9215e-17,0,97.868,1176.8,FLYING
11.477,-5.7777e-16,0,5.5009,3.631e-17,0,0.0006239,0.0006239,0,-5.9961e-17,0,97.867,1176.8,FLYING
11.48,-5.7768e-16,0,5.5009,3.6285e-17,0,0.00062316,0.00062316,0,-6.0706e-17,0,97.867,1176.8,FLYING
11.482,-5.7759e-16,0,5.5009,3.6259e-17,0,0.00062242,0.00062242,0,-6.1621e-17,0,97.866,1176.8,FLYING
11.485,-5.775e-16,0,5.5009,3.6232e-17,0,0.00062169,0.00062169,0,-6.2536e-17,0,97.866,1176.8,FLYING
11.487,-5.7741e-16,0,5.5009,3.6206e-17,0,0.00062095,0.00062095,0,-6.3451e-17,0,97.866,1176.8,FLYING
11.49,-5.7732e-16,0,5.5009,3.6179e-17,0,0.00062022,0.00062022,0,-6.4366e-17,0,97.865,1176.8,FLYING
11.492,-5.7723e-16,0,5.5009,3.6151e-17,0,0.00061948,0.00061948,0,-6.528e-17,0,97.865,1176.8,FLYING
11.495,-5.7714e-16,0,5.5009,3.6123e-17,0,0.00061875,0.00061875,0,-6.6194e-17,0,97.864,1176.8,FLYING
11.497,-5.7705e-16,0,5.5009,3.6095e-17,0,0.00061802,0.00061802,0,-6.7277e-17,0,97.864,1176.8,FLYING
11.5,-5.7696e-16,0,5.5009,3.6066e-17,0,0.00061729,0.00061729,0,-6.8191e-17,0,97.863,1176.8,FLYING
11.502,-5.7687e-16,0,5.5009,3.6037e-17,0,0.00061656,0.00061656,0,-6.8935e-17,0,97.863,1176.8,FLYING
11.505,-5.7678e-16,0,5.5009,3.6007e-17,0,0.00061583,0.00061583,0,-6.9848e-17,0,97.862,1176.8,FLYING
11.507,-5.7669e-16,0,5.5009,3.5977e-17,0,0.0006151,0.0006151,0,-7.0761e-17,0,97.862,1176.8,FLYING
11.51,-5.766e-16,0,5.5009,3.5947e-17,0,0.00061437,0.00061437,0,-7.1673e-17,0,97.861,1176.8,FLYING
11.512,-5.7651e-16,0,5.5009,3.5916e-17,0,0.00061364,0.00061364,0,-7.2586e-17,0,97.861,1176.8,FLYING
11.515,-5.7642e-16,0,5.5009,3.5885e-17,0,0.00061292,0.00061292,0,-7.3668e-17,0,97.861,1176.8,FLYING
11.517,-5.7633e-16,0,5.5009,3.5854e-17,0,0.00061219,0.00061219,0,-7.458e-17,0,97.86,1176.8,FLYING
11.52,-5.7624e-16,0,5.5009,3.5822e-17,0,0.00061147,0.00061147,0,-7.5322e-17,0,97.86,1176.8,FLYING
11.522,-5.7615e-16,0,5.5009,3.579e-17,0,0.00061075,0.00061075,0,-7.5894e-17,0,97.859,1176.8,FLYING
11.525,-5.7606e-16,0,5.5009,3.5757e-17,0,0.00061002,0.00061002,0,-7.6297e-17,0,97.859,1176.8,FLYING
11.527,-5.7597e-16,0,5.5009,3.5725e-17,0,0.0006093,0.0006093,0,-7.6699e-17,0,97.858,1176.8,FLYING
11.53,-5.7588e-16,0,5.5009,3.5692e-17,0,0.00060858,0.00060858,0,-7.6592e-17,0,97.858,1176.8,FLYING
11.532,-5.7579e-16,0,5.5009,3.5659e-17,0,0.00060786,0.00060786,0,-7.6147e-17,0,97.857,1176.8,FLYING
11.535,-5.7571e-16,0,5.5009,3.5626e-17,0,0.00060714,0.00060714,0,-7.5362e-17,0,97.857,1176.8,FLYING
11.537,-5.7562e-16,0,5.5009,3.5594e-17,0,0.00060642,0.00060642,0,-7.4238e-17,0,97.856,1176.8,FLYING
11.54,-5.7553e-16,0,5.5009,3.5562e-17,0,0.0006057,0.0006057,0,-7.2775e-17,0,97.856,1176.8,FLYING
11.542,-5.7544e-16,0,5.5009,3.5531e-17,0,0.00060499,0.00060499,0,-7.0803e-17,0,97.855,1176.8,FLYING
11.545,-5.7535e-16,0,5.5009,3.5501e-17,0,0.00060427,0.00060427,0,-6.8662e-17,0,97.855,1176.8,FLYING
11.547,-5.7526e-16,0,5.5009,3.5472e-17,0,0.00060356,0.00060356,0,-6.6353e-17,0,97.855,1176.8,FLYING
11.55,-5.7517e-16,0,5.5009,3.5443e-17,0,0.00060284,0.00060284,0,-6.3704e-17,0,97.854,1176.8,FLYING
11.552,-5.7508e-16,0,5.5009,3.5416e-17,0,0.00060213,0.00060213,0,-6.0547e-17,0,97.854,1176.8,FLYING
11.555,-5.75e-16,0,5.5009,3.539e-17,0,0.00060142,0.00060142,0,-5.7222e-17,0,97.853,1176.8,FLYING
11.557,-5.7491e-16,0,5.5009,3.5366e-17,0,0.00060071,0.00060071,0,-5.3728e-17,0,97.853,1176.8,FLYING
11.56,-5.7482e-16,0,5.5009,3.5343e-17,0,0.0006,0.0006,0,-4.9725e-17,0,97.852,1176.8,FLYING
11.562,-5.7473e-16,0,5.5009,3.5321e-17,0,0.00059929,0.00059929,0,-4.5385e-17,0,97.852,1176.8,FLYING
11.565,-5.7464e-16,0,5.5009,3.5302e-17,0,0.00059858,0.00059858,0,-4.1215e-17,0,97.851,1176.8,FLYING
11.567,-5.7455e-16,0,5.5009,3.5284e-17,0,0.00059787,0.00059787,0,-3.7046e-17,0,97.851,1176.8,FLYING
11.57,-5.7447e-16,0,5.5009,3.5268e-17,0,0.00059716,0.00059716,0,-3.3048e-17,0,97.85,1176.8,FLYING
11.572,-5.7438e-16,0,5.5009,3.5254e-17,0,0.00059645,0.00059645,0,-2.8881e-17,0,97.85,1176.8,FLYING
11.575,-5.7429e-16,0,5.5009,3.5242e-17,0,0.00059575,0.00059575,0,-2.4715e-17,0,97.85,1176.8,FLYING
11.577,-5.742e-16,0,5.5009,3.5231e-17,0,0.00059504,0.00059504,0,-2.0381e-17,0,97.849,1176.8,FLYING
11.58,-5.7411e-16,0,5.5009,3.5223e-17,0,0.00059434,0.00059434,0,-1.5878e-17,0,97.849,1176.8,FLYING
11.582,-5.7403e-16,0,5.5009,3.5216e-17,0,0.00059364,0.00059364,0,-1.1376e-17,0,97.848,1176.8,FLYING
11.585,-5.7394e-16,0,5.5009,3.5211e-17,0,0.00059293,0.00059293,0,-7.0455e-18,0,97.848,1176.8,FLYING
11.587,-5.7385e-16,0,5.5009,3.5208e-17,0,0.00059223,0.00059223,0,-2.5459e-18,0,97.847,1176.8,FLYING
11.59,-5.7376e-16,0,5.5009,3.5207e-17,0,0.00059153,0.00059153,0,1.9525e-18,0,97.847,1176.8,FLYING
11.592,-5.7367e-16,0,5.5009,3.5208e-17,0,0.00059083,0.00059083,0,6.4498e-18,0,97.846,1176.8,FLYING
11.595,-5.7359e-16,0,5.5009,3.521e-17,0,0.00059013,0.00059013,0,1.0776e-17,0,97.846,1176.8,FLYING
11.597,-5.735e-16,0,5.5009,3.5215e-17,0,0.00058944,0.00058944,0,1.5102e-17,0,97.845,1176.8,FLYING
11.6,-5.7341e-16,0,5.5009,3.5221e-17,0,0.00058874,0.00058874,0,1.9596e-17,0,97.845,1176.8,FLYING
11.602,-5.7332e-16,0,5.5009,3.523e-17,0,0.00058804,0.00058804,0,2.4089e-17,0,97.845,1176.8,FLYING
11.605,-5.7323e-16,0,5.5009,3.524e-17,0,0.00058735,0.00058735,0,2.858e-17,0,97.844,1176.8,FLYING
11.607,-5.7315e-16,0,5.5009,3.5252e-17,0,0.00058665,0.00058665,0,3.2562e-17,0,97.844,1176.8,FLYING
11.61,-5.7306e-16,0,5.5009,3.5266e-17,0,0.00058596,0.00058596,0,3.6204e-17,0,97.843,1176.8,FLYING
11.612,-5.7297e-16,0,5.5009,3.5282e-17,0,0.00058526,0.00058526,0,3.9505e-17,0,97.843,1176.8,FLYING
11.615,-5.7288e-16,0,5.5009,3.5299e-17,0,0.00058457,0.00058457,0,4.2297e-17,0,97.842,1176.8,FLYING
11.617,-5.7279e-16,0,5.5009,3.5317e-17,0,0.00058388,0.00058388,0,4.4748e-17,0,97.842,1176.8,FLYING
11.62,-5.727e-16,0,5.5009,3.5336e-17,0,0.00058319,0.00058319,0,4.669e-17,0,97.841,1176.8,FLYING
11.622,-5.7262e-16,0,5.501,3.5356e-17,0,0.0005825,0.0005825,0,4.8462e-17,0,97.841,1176.8,FLYING
11.625,-5.7253e-16,0,5.501,3.5377e-17,0,0.00058181,0.00058181,0,4.9895e-17,0,97.84,1176.8,FLYING
11.627,-5.7244e-16,0,5.501,3.5398e-17,0,0.00058112,0.00058112,0,5.1157e-17,0,97.84,1176.8,FLYING
11.63,-5.7235e-16,0,5.501,3.542e-17,0,0.00058043,0.00058043,0,5.208e-17,0,97.84,1176.8,FLYING
11.632,-5.7226e-16,0,5.501,3.5442e-17,0,0.00057975,0.00057975,0,5.2663e-17,0,97.839,1176.8,FLYING
11.635,-5.7217e-16,0,5.501,3.5465e-17,0,0.00057906,0.00057906,0,5.2907e-17,0,97.839,1176.8,FLYING
11.637,-5.7208e-16,0,5.501,3.5487e-17,0,0.00057838,0.00057838,0,5.2812e-17,0,97.838,1176.8,FLYING
11.64,-5.72e-16,0,5.501,3.551e-17,0,0.00057769,0.00057769,0,5.2547e-17,0,97.838,1176.8,FLYING
11.642,-5.7191e-16,0,5.501,3.5532e-17,0,0.00057701,0.00057701,0,5.1942e-17,0,97.837,1176.8,FLYING
11.645,-5.7182e-16,0,5.501,3.5555e-17,0,0.00057633,0.00057633,0,5.0999e-17,0,97.837,1176.8,FLYING
11.647,-5.7173e-16,0,5.501,3.5576e-17,0,0.00057564,0.00057564,0,4.9717e-17,0,97.836,1176.8,FLYING
11.65,-5.7164e-16,0,5.501,3.5598e-17,0,0.00057496,0.00057496,0,4.8265e-17,0,97.836,1176.8,FLYING
11.652,-5.7155e-16,0,5.501,3.5618e-17,0,0.00057428,0.00057428,0,4.6814e-17,0,97.835,1176.8,FLYING
11.655,-5.7146e-16,0,5.501,3.5638e-17,0,0.0005736,0.0005736,0,4.5532e-17,0,97.835,1176.8,FLYING
11.657,-5.7137e-16,0,5.501,3.5658e-17,0,0.00057292,0.00057292,0,4.4082e-17,0,97.835,1176.8,FLYING
11.66,-5.7128e-16,0,5.501,3.5677e-17,0,0.00057225,0.00057225,0,4.2801e-17,0,97.834,1176.8,FLYING
11.662,-5.7119e-16,0,5.501,3.5695e-17,0,0.00057157,0.00057157,0,4.186e-17,0,97.834,1176.8,FLYING
11.665,-5.711e-16,0,5.501,3.5713e-17,0,0.00057089,0.00057089,0,4.1428e-17,0,97.833,1176.8,FLYING
11.667,-5.7102e-16,0,5.501,3.5731e-17,0,0.00057022,0.00057022,0,4.1335e-17,0,97.833,1176.8,FLYING
11.67,-5.7093e-16,0,5.501,3.5748e-17,0,0.00056954,0.00056954,0,4.1412e-17,0,97.832,1176.8,FLYING
11.672,-5.7084e-16,0,5.501,3.5766e-17,0,0.00056887,0.00056887,0,4.1829e-17,0,97.832,1176.8,FLYING
11.675,-5.7075e-16,0,5.501,3.5784e-17,0,0.0005682,0.0005682,0,4.2754e-17,0,97.831,1176.8,FLYING
11.677,-5.7066e-16,0,5.501,3.5802e-17,0,0.00056752,0.00056752,0,4.4188e-17,0,97.831,1176.8,FLYING
11.68,-5.7057e-16,0,5.501,3.5821e-17,0,0.00056685,0.00056685,0,4.5451e-17,0,97.83,1176.8,FLYING
11.682,-5.7048e-16,0,5.501,3.5841e-17,0,0.00056618,0.00056618,0,4.6715e-17,0,97.83,1176.8,FLYING
11.685,-5.7039e-16,0,5.501,3.5861e-17,0,0.00056551,0.00056551,0,4.8148e-17,0,97.829,1176.8,FLYING
11.687,-5.703e-16,0,5.501,3.5881e-17,0,0.00056484,0.00056484,0,4.9241e-17,0,97.829,1176.8,FLYING
11.69,-5.7021e-16,0,5.501,3.5902e-17,0,0.00056417,0.00056417,0,5.0164e-17,0,97.829,1176.8,FLYING
11.692,-5.7012e-16,0,5.501,3.5924e-17,0,0.00056351,0.00056351,0,5.0917e-17,0,97.828,1176.8,FLYING
11.695,-5.7003e-16,0,5.501,3.5946e-17,0,0.00056284,0.00056284,0,5.1331e-17,0,97.828,1176.8,FLYING
11.697,-5.6994e-16,0,5.501,3.5968e-17,0,0.00056217,0.00056217,0,5.1745e-17,0,97.827,1176.8,FLYING
11.7,-5.6985e-16,0,5.501,3.599e-17,0,0.00056151,0.00056151,0,5.2159e-17,0,97.827,1176.8,FLYING
11.702,-5.6976e-16,0,5.501,3.6012e-17,0,0.00056084,0.00056084,0,5.2572e-17,0,97.826,1176.8,FLYING
11.705,-5.6967e-16,0,5.501,3.6035e-17,0,0.00056018,0.00056018,0,5.2986e-17,0,97.826,1176.8,FLYING
11.707,-5.6958e-16,0,5.501,3.6057e-17,0,0.00055952,0.00055952,0,5.3399e-17,0,97.825,1176.8,FLYING
11.71,-5.6949e-16,0,5.501,3.608e-17,0,0.00055886,0.00055886,0,5.3813e-17,0,97.825,1176.8,FLYING
11.712,-5.694e-16,0,5.501,3.6103e-17,0,0.0005582,0.0005582,0,5.4226e-17,0,97.824,1176.8,FLYING
11.715,-5.6931e-16,0,5.501,3.6126e-17,0,0.00055753,0.00055753,0,5.4639e-17,0,97.824,1176.8,FLYING
11.717,-5.6922e-16,0,5.501,3.615e-17,0,0.00055688,0.00055688,0,5.5052e-17,0,97.824,1176.8,FLYING
11.72,-5.6913e-16,0,5.501,3.6173e-17,0,0.00055622,0.00055622,0,5.5465e-17,0,97.823,1176.8,FLYING
11.722,-5.6904e-16,0,5.501,3.6197e-17,0,0.00055556,0.00055556,0,5.5708e-17,0,97.823,1176.8,FLYING
11.725,-5.6895e-16,0,5.501,3.6221e-17,0,0.0005549,0.0005549,0,5.5951e-17,0,97.822,1176.8,FLYING
11.727,-5.6886e-16,0,5.501,3.6245e-17,0,0.00055424,0.00055424,0,5.6025e-17,0,97.822,1176.8,FLYING
11.73,-5.6877e-16,0,5.501,3.6269e-17,0,0.00055359,0.00055359,0,5.6098e-17,0,97.821,1176.8,FLYING
11.732,-5.6867e-16,0,5.501,3.6293e-17,0,0.00055293,0.00055293,0,5.6171e-17,0,97.821,1176.8,FLYING
11.735,-5.6858e-16,0,5.501,3.6317e-17,0,0.00055228,0.00055228,0,5.6414e-17,0,97.82,1176.8,FLYING
11.737,-5.6849e-16,0,5.501,3.6341e-17,0,0.00055163,0.00055163,0,5.6657e-17,0,97.82,1176.8,FLYING
11.74,-5.684e-16,0,5.501,3.6365e-17,0,0.00055097,0.00055097,0,5.6731e-17,0,97.819,1176.8,FLYING
11.742,-5.6831e-16,0,5.501,3.6389e-17,0,0.00055032,0.00055032,0,5.6634e-17,0,97.819,1176.8,FLYING
11.745,-5.6822e-16,0,5.501,3.6414e-17,0,0.00054967,0.00054967,0,5.6368e-17,0,97.819,1176.8,FLYING
11.747,-5.6813e-16,0,5.501,3.6438e-17,0,0.00054902,0.00054902,0,5.5933e-17,0,97.818,1176.8,FLYING
11.75,-5.6804e-16,0,5.501,3.6462e-17,0,0.00054837,0.00054837,0,5.4988e-17,0,97.818,1176.8,FLYING
11.752,-5.6795e-16,0,5.501,3.6485e-17,0,0.00054772,0.00054772,0,5.3705e-17,0,97.817,1176.8,FLYING
11.755,-5.6786e-16,0,5.501,3.6508e-17,0,0.00054707,0.00054707,0,5.2592e-17,0,97.817,1176.8,FLYING
11.757,-5.6776e-16,0,5.501,3.6531e-17,0,0.00054643,0.00054643,0,5.1309e-17,0,97.816,1176.8,FLYING
11.76,-5.6767e-16,0,5.501,3.6553e-17,0,0.00054578,0.00054578,0,4.9857e-17,0,97.816,1176.8,FLYING
11.762,-5.6758e-16,0,5.501,3.6574e-17,0,0.00054513,0.00054513,0,4.8575e-17,0,97.815,1176.8,FLYING
11.765,-5.6749e-16,0,5.501,3.6595e-17,0,0.00054449,0.00054449,0,4.7293e-17,0,97.815,1176.8,FLYING
11.767,-5.674e-16,0,5.501,3.6615e-17,0,0.00054384,0.00054384,0,4.5842e-17,0,97.814,1176.8,FLYING
11.77,-5.6731e-16,0,5.501,3.6635e-17,0,0.0005432,0.0005432,0,4.4391e-17,0,97.814,1176.8,FLYING
11.772,-5.6722e-16,0,5.501,3.6654e-17,0,0.00054256,0.00054256,0,4.2941e-17,0,97.814,1176.8,FLYING
11.775,-5.6712e-16,0,5.501,3.6672e-17,0,0.00054192,0.00054192,0,4.1491e-17,0,97.813,1176.8,FLYING
11.777,-5.6703e-16,0,5.501,3.669e-17,0,0.00054128,0.00054128,0,3.9871e-17,0,97.813,1176.8,FLYING
11.78,-5.6694e-16,0,5.501,3.6707e-17,0,0.00054064,0.00054064,0,3.8083e-17,0,97.812,1176.8,FLYING
11.782,-5.6685e-16,0,5.501,3.6723e-17,0,0.00054,0.00054,0,3.6295e-17,0,97.812,1176.8,FLYING
11.785,-5.6676e-16,0,5.501,3.6739e-17,0,0.00053936,0.00053936,0,3.4677e-17,0,97.811,1176.8,FLYING
11.787,-5.6666e-16,0,5.501,3.6753e-17,0,0.00053872,0.00053872,0,3.289e-17,0,97.811,1176.8,FLYING
11.79,-5.6657e-16,0,5.501,3.6767e-17,0,0.00053808,0.00053808,0,3.0933e-17,0,97.81,1176.8,FLYING
11.792,-5.6648e-16,0,5.501,3.6781e-17,0,0.00053744,0.00053744,0,2.8978e-17,0,97.81,1176.8,FLYING
11.795,-5.6639e-16,0,5.501,3.6793e-17,0,0.00053681,0.00053681,0,2.7022e-17,0,97.809,1176.8,FLYING
11.797,-5.663e-16,0,5.501,3.6805e-17,0,0.00053617,0.00053617,0,2.5067e-17,0,97.809,1176.8,FLYING
11.8,-5.662e-16,0,5.501,3.6815e-17,0,0.00053554,0.00053554,0,2.3113e-17,0,97.808,1176.8,FLYING
11.802,-5.6611e-16,0,5.5011,3.6825e-17,0,0.00053491,0.00053491,0,2.1329e-17,0,97.808,1176.8,FLYING
11.805,-5.6602e-16,0,5.5011,3.6834e-17,0,0.00053427,0.00053427,0,1.9884e-17,0,97.808,1176.8,FLYING
11.807,-5.6593e-16,0,5.5011,3.6843e-17,0,0.00053364,0.00053364,0,1.844e-17,0,97.807,1176.8,FLYING
11.81,-5.6584e-16,0,5.5011,3.6851e-17,0,0.00053301,0.00053301,0,1.7165e-17,0,97.807,1176.8,FLYING
11.812,-5.6574e-16,0,5.5011,3.6858e-17,0,0.00053238,0.00053238,0,1.5892e-17,0,97.806,1176.8,FLYING
11.815,-5.6565e-16,0,5.5011,3.6865e-17,0,0.00053175,0.00053175,0,1.4618e-17,0,97.806,1176.8,FLYING
11.817,-5.6556e-16,0,5.5011,3.6871e-17,0,0.00053112,0.00053112,0,1.3175e-17,0,97.805,1176.8,FLYING
11.82,-5.6547e-16,0,5.5011,3.6877e-17,0,0.00053049,0.00053049,0,1.1563e-17,0,97.805,1176.8,FLYING
11.822,-5.6538e-16,0,5.5011,3.6882e-17,0,0.00052986,0.00052986,0,9.7814e-18,0,97.804,1176.8,FLYING
11.825,-5.6528e-16,0,5.5011,3.6886e-17,0,0.00052924,0.00052924,0,8.0005e-18,0,97.804,1176.8,FLYING
11.827,-5.6519e-16,0,5.5011,3.6889e-17,0,0.00052861,0.00052861,0,6.0503e-18,0,97.803,1176.8,FLYING
11.83,-5.651e-16,0,5.5011,3.6892e-17,0,0.00052799,0.00052799,0,4.1007e-18,0,97.803,1176.8,FLYING
11.832,-5.6501e-16,0,5.5011,3.6894e-17,0,0.00052736,0.00052736,0,2.1515e-18,0,97.803,1176.8,FLYING
11.835,-5.6491e-16,0,5.5011,3.6895e-17,0,0.00052674,0.00052674,0,3.32e-20,0,97.802,1176.8,FLYING
11.837,-5.6482e-16,0,5.5011,3.6895e-17,0,0.00052611,0.00052611,0,-1.915e-18,0,97.802,1176.8,FLYING
11.84,-5.6473e-16,0,5.5011,3.6894e-17,0,0.00052549,0.00052549,0,-4.0322e-18,0,97.801,1176.8,FLYING
11.842,-5.6464e-16,0,5.5011,3.6892e-17,0,0.00052487,0.00052487,0,-6.6579e-18,0,97.801,1176.8,FLYING
11.845,-5.6455e-16,0,5.5011,3.6889e-17,0,0.00052425,0.00052425,0,-9.6222e-18,0,97.8,1176.8,FLYING
11.847,-5.6445e-16,0,5.5011,3.6885e-17,0,0.00052363,0.00052363,0,-1.2925e-17,0,97.8,1176.8,FLYING
11.85,-5.6436e-16,0,5.5011,3.688e-17,0,0.00052301,0.00052301,0,-1.6736e-17,0,97.799,1176.8,FLYING
11.852,-5.6427e-16,0,5.5011,3.6872e-17,0,0.00052239,0.00052239,0,-2.1055e-17,0,97.799,1176.8,FLYING
11.855,-5.6418e-16,0,5.5011,3.6863e-17,0,0.00052177,0.00052177,0,-2.5712e-17,0,97.798,1176.8,FLYING
11.857,-5.6408e-16,0,5.5011,3.6852e-17,0,0.00052115,0.00052115,0,-3.0707e-17,0,97.798,1176.8,FLYING
11.86,-5.6399e-16,0,5.5011,3.6839e-17,0,0.00052054,0.00052054,0,-3.604e-17,0,97.798,1176.8,FLYING
11.862,-5.639e-16,0,5.5011,3.6824e-17,0,0.00051992,0.00051992,0,-4.188e-17,0,97.797,1176.8,FLYING
11.865,-5.6381e-16,0,5.5011,3.6806e-17,0,0.00051931,0.00051931,0,-4.8059e-17,0,97.797,1176.8,FLYING
11.867,-5.6372e-16,0,5.5011,3.6785e-17,0,0.00051869,0.00051869,0,-5.4744e-17,0,97.796,1176.8,FLYING
11.87,-5.6362e-16,0,5.5011,3.6762e-17,0,0.00051808,0.00051808,0,-6.1768e-17,0,97.796,1176.8,FLYING
11.872,-5.6353e-16,0,5.5011,3.6736e-17,0,0.00051747,0.00051747,0,-6.9129e-17,0,97.795,1176.8,FLYING
11.875,-5.6344e-16,0,5.5011,3.6706e-17,0,0.00051685,0.00051685,0,-7.6657e-17,0,97.795,1176.8,FLYING
11.877,-5.6335e-16,0,5.5011,3.6673e-17,0,0.00051624,0.00051624,0,-8.4354e-17,0,97.794,1176.8,FLYING
11.88,-5.6326e-16,0,5.5011,3.6637e-17,0,0.00051563,0.00051563,0,-9.2218e-17,0,97.794,1176.8,FLYING
11.882,-5.6317e-16,0,5.5011,3.6598e-17,0,0.00051502,0.00051502,0,-9.991e-17,0,97.793,1176.8,FLYING
11.885,-5.6307e-16,0,5.5011,3.6555e-17,0,0.00051441,0.00051441,0,-1.076e-16,0,97.793,1176.8,FLYING
11.887,-5.6298e-16,0,5.5011,3.6509e-17,0,0.0005138,0.0005138,0,-1.1529e-16,0,97.793,1176.8,FLYING
11.89,-5.6289e-16,0,5.5011,3.646e-17,0,0.0005132,0.0005132,0,-1.2281e-16,0,97.792,1176.8,FLYING
11.892,-5.628e-16,0,5.5011,3.6407e-17,0,0.00051259,0.00051259,0,-1.3049e-16,0,97.792,1176.8,FLYING
11.895,-5.6271e-16,0,5.5011,3.6351e-17,0,0.00051198,0.00051198,0,-1.3817e-16,0,97.791,1176.8,FLYING
11.897,-5.6262e-16,0,5.5011,3.6292e-17,0,0.00051138,0.00051138,0,-1.4602e-16,0,97.791,1176.8,FLYING
11.9,-5.6253e-16,0,5.5011,3.623e-17,0,0.00051077,0.00051077,0,-1.537e-16,0,97.79,1176.8,FLYING
11.902,-5.6244e-16,0,5.5011,3.6164e-17,0,0.00051017,0.00051017,0,-1.6138e-16,0,97.79,1176.8,FLYING
11.905,-5.6235e-16,0,5.5011,3.6095e-17,0,0.00050956,0.00050956,0,-1.6923e-16,0,97.789,1176.8,FLYING
11.907,-5.6226e-16,0,5.5011,3.6022e-17,0,0.00050896,0.00050896,0,-1.7707e-16,0,97.789,1176.8,FLYING
11.91,-5.6217e-16,0,5.5011,3.5947e-17,0,0.00050836,0.00050836,0,-1.8491e-16,0,97.788,1176.8,FLYING
11.912,-5.6208e-16,0,5.5011,3.5867e-17,0,0.00050776,0.00050776,0,-1.9275e-16,0,97.788,1176.8,FLYING
11.915,-5.6199e-16,0,5.5011,3.5785e-17,0,0.00050716,0.00050716,0,-2.0076e-16,0,97.788,1176.8,FLYING
11.917,-5.619e-16,0,5.5011,3.5699e-17,0,0.00050656,0.00050656,0,-2.0842e-16,0,97.787,1176.8,FLYING
11.92,-5.6181e-16,0,5.5011,3.561e-17,0,0.00050596,0.00050596,0,-2.1574e-16,0,97.787,1176.8,FLYING
11.922,-5.6172e-16,0,5.5011,3.5518e-17,0,0.00050536,0.00050536,0,-2.2273e-16,0,97.786,1176.8,FLYING
11.925,-5.6163e-16,0,5.5011,3.5422e-17,0,0.00050476,0.00050476,0,-2.2937e-16,0,97.786,1176.8,FLYING
11.927,-5.6155e-16,0,5.5011,3.5324e-17,0,0.00050416,0.00050416,0,-2.3584e-16,0,97.785,1176.8,FLYING
11.93,-5.6146e-16,0,5.5011,3.5223e-17,0,0.00050357,0.00050357,0,-2.4197e-16,0,97.785,1176.8,FLYING
11.932,-5.6137e-16,0,5.5011,3.512e-17,0,0.00050297,0.00050297,0,-2.4793e-16,0,97.784,1176.8,FLYING
11.935,-5.6128e-16,0,5.5011,3.5014e-17,0,0.00050238,0.00050238,0,-2.5338e-16,0,97.784,1176.8,FLYING
11.937,-5.6119e-16,0,5.5011,3.4905e-17,0,0.00050178,0.00050178,0,-2.5866e-16,0,97.783,1176.8,FLYING
11.94,-5.6111e-16,0,5.5011,3.4794e-17,0,0.00050119,0.00050119,0,-2.6359e-16,0,97.783,1176.8,FLYING
11.942,-5.6102e-16,0,5.5011,3.4682e-17,0,0.00050059,0.00050059,0,-2.6819e-16,0,97.782,1176.8,FLYING
11.945,-5.6093e-16,0,5.5011,3.4567e-17,0,0.0005,0.0005,0,-2.7244e-16,0,97.782,1176.8,FLYING
11.947,-5.6085e-16,0,5.5011,3.445e-17,0,0.00049941,0.00049941,0,-2.7636e-16,0,97.782,1176.8,FLYING
11.95,-5.6076e-16,0,5.5011,3.4332e-17,0,0.00049882,0.00049882,0,-2.7977e-16,0,97.781,1176.8,FLYING
11.952,-5.6068e-16,0,5.5011,3.4212e-17,0,0.00049823,0.00049823,0,-2.8283e-16,0,97.781,1176.8,FLYING
11.955,-5.6059e-16,0,5.5011,3.4091e-17,0,0.00049764,0.00049764,0,-2.8573e-16,0,97.78,1176.8,FLYING
11.957,-5.6051e-16,0,5.5011,3.3969e-17,0,0.00049705,0.00049705,0,-2.8845e-16,0,97.78,1176.8,FLYING
11.96,-5.6042e-16,0,5.5011,3.3846e-17,0,0.00049646,0.00049646,0,-2.9101e-16,0,97.779,1176.8,FLYING
11.962,-5.6034e-16,0,5.5011,3.3721e-17,0,0.00049588,0.00049588,0,-2.9322e-16,0,97.779,1176.8,FLYING
11.965,-5.6025e-16,0,5.5011,3.3596e-17,0,0.00049529,0.00049529,0,-2.951e-16,0,97.778,1176.8,FLYING
11.967,-5.6017e-16,0,5.5011,3.3469e-17,0,0.0004947,0.0004947,0,-2.9663e-16,0,97.778,1176.8,FLYING
11.97,-5.6009e-16,0,5.5011,3.3343e-17,0,0.00049412,0.00049412,0,-2.98e-16,0,97.777,1176.8,FLYING
11.972,-5.6e-16,0,5.5011,3.3215e-17,0,0.00049353,0.00049353,0,-2.9902e-16,0,97.777,1176.8,FLYING
11.975,-5.5992e-16,0,5.5011,3.3087e-17,0,0.00049295,0.00049295,0,-2.9988e-16,0,97.777,1176.8,FLYING
11.977,-5.5984e-16,0,5.5011,3.2959e-17,0,0.00049237,0.00049237,0,-3.0039e-16,0,97.776,1176.8,FLYING
11.98,-5.5976e-16,0,5.5011,3.283e-17,0,0.00049178,0.00049178,0,-3.0074e-16,0,97.776,1176.8,FLYING
11.982,-5.5967e-16,0,5.5011,3.2702e-17,0,0.0004912,0.0004912,0,-3.0075e-16,0,97.775,1176.8,FLYING
11.985,-5.5959e-16,0,5.5011,3.2573e-17,0,0.00049062,0.00049062,0,-3.0041e-16,0,97.775,1176.8,FLYING
11.987,-5.5951e-16,0,5.5011,3.2444e-17,0,0.00049004,0.00049004,0,-2.9974e-16,0,97.774,1176.8,FLYING
11.99,-5.5943e-16,0,5.5011,3.2316e-17,0,0.00048946,0.00048946,0,-2.9873e-16,0,97.774,1176.8,FLYING
11.992,-5.5935e-16,0,5.5011,3.2188e-17,0,0.00048888,0.00048888,0,-2.9755e-16,0,97.773,1176.8,FLYING
11.995,-5.5927e-16,0,5.5011,3.2061e-17,0,0.0004883,0.0004883,0,-2.9603e-16,0,97.773,1176.8,FLYING
11.997,-5.5919e-16,0,5.5012,3.1934e-17,0,0.00048773,0.00048773,0,-2.9435e-16,0,97.772,1176.8,FLYING
12,-5.5911e-16,0,5.5012,3.1808e-17,0,0.00048715,0.00048715,0,-2.9232e-16,0,97.772,1176.8,FLYING
12.002,-5.5903e-16,0,5.5012,3.1683e-17,0,0.00048657,0.00048657,0,-2.8995e-16,0,97.772,1176.8,FLYING
12.005,-5.5895e-16,0,5.5012,3.1559e-17,0,0.000486,0.000486,0,-2.8725e-16,0,97.771,1176.8,FLYING
12.007,-5.5887e-16,0,5.5012,3.1436e-17,0,0.00048542,0.00048542,0,-2.8421e-16,0,97.771,1176.8,FLYING
12.01,-5.588e-16,0,5.5012,3.1315e-17,0,0.00048485,0.00048485,0,-2.8065e-16,0,97.77,1176.8,FLYING
12.012,-5.5872e-16,0,5.5012,3.1195e-17,0,0.00048427,0.00048427,0,-2.766e-16,0,97.77,1176.8,FLYING
12.015,-5.5864e-16,0,5.5012,3.1076e-17,0,0.0004837,0.0004837,0,-2.722e-16,0,97.769,1176.8,FLYING
12.017,-5.5856e-16,0,5.5012,3.096e-17,0,0.00048313,0.00048313,0,-2.6729e-16,0,97.769,1176.8,FLYING
12.02,-5.5849e-16,0,5.5012,3.0845e-17,0,0.00048256,0.00048256,0,-2.6205e-16,0,97.768,1176.8,FLYING
12.022,-5.5841e-16,0,5.5012,3.0733e-17,0,0.00048199,0.00048199,0,-2.5664e-16,0,97.768,1176.8,FLYING
12.025,-5.5833e-16,0,5.5012,3.0623e-17,0,0.00048142,0.00048142,0,-2.5072e-16,0,97.767,1176.8,FLYING
12.027,-5.5826e-16,0,5.5012,3.0516e-17,0,0.00048085,0.00048085,0,-2.4429e-16,0,97.767,1176.8,FLYING
12.03,-5.5818e-16,0,5.5012,3.0412e-17,0,0.00048028,0.00048028,0,-2.3804e-16,0,97.767,1176.8,FLYING
12.032,-5.581e-16,0,5.5012,3.031e-17,0,0.00047971,0.00047971,0,-2.3195e-16,0,97.766,1176.8,FLYING
12.035,-5.5803e-16,0,5.5012,3.021e-17,0,0.00047914,0.00047914,0,-2.2604e-16,0,97.766,1176.8,FLYING
12.037,-5.5795e-16,0,5.5012,3.0114e-17,0,0.00047857,0.00047857,0,-2.2013e-16,0,97.765,1176.8,FLYING
12.04,-5.5788e-16,0,5.5012,3.002e-17,0,0.00047801,0.00047801,0,-2.1422e-16,0,97.765,1176.8,FLYING
12.042,-5.578e-16,0,5.5012,2.9928e-17,0,0.00047744,0.00047744,0,-2.0831e-16,0,97.764,1176.8,FLYING
12.045,-5.5773e-16,0,5.5012,2.9839e-17,0,0.00047688,0.00047688,0,-2.0257e-16,0,97.764,1176.8,FLYING
12.047,-5.5766e-16,0,5.5012,2.9752e-17,0,0.00047631,0.00047631,0,-1.9684e-16,0,97.763,1176.8,FLYING
12.05,-5.5758e-16,0,5.5012,2.9668e-17,0,0.00047575,0.00047575,0,-1.9127e-16,0,97.763,1176.8,FLYING
12.052,-5.5751e-16,0,5.5012,2.9586e-17,0,0.00047519,0.00047519,0,-1.8571e-16,0,97.762,1176.8,FLYING
12.055,-5.5743e-16,0,5.5012,2.9507e-17,0,0.00047462,0.00047462,0,-1.8032e-16,0,97.762,1176.8,FLYING
12.057,-5.5736e-16,0,5.5012,2.9429e-17,0,0.00047406,0.00047406,0,-1.7493e-16,0,97.762,1176.8,FLYING
12.06,-5.5729e-16,0,5.5012,2.9355e-17,0,0.0004735,0.0004735,0,-1.6954e-16,0,97.761,1176.8,FLYING
12.062,-5.5721e-16,0,5.5012,2.9282e-17,0,0.00047294,0.00047294,0,-1.6432e-16,0,97.761,1176.8,FLYING
12.065,-5.5714e-16,0,5.5012,2.9212e-17,0,0.00047238,0.00047238,0,-1.591e-16,0,97.76,1176.8,FLYING
12.067,-5.5707e-16,0,5.5012,2.9144e-17,0,0.00047182,0.00047182,0,-1.5405e-16,0,97.76,1176.8,FLYING
12.07,-5.5699e-16,0,5.5012,2.9078e-17,0,0.00047127,0.00047127,0,-1.4918e-16,0,97.759,1176.8,FLYING
12.072,-5.5692e-16,0,5.5012,2.9014e-17,0,0.00047071,0.00047071,0,-1.4447e-16,0,97.759,1176.8,FLYING
12.075,-5.5685e-16,0,5.5012,2.8952e-17,0,0.00047015,0.00047015,0,-1.3994e-16,0,97.758,1176.8,FLYING
12.077,-5.5678e-16,0,5.5012,2.8892e-17,0,0.00046959,0.00046959,0,-1.3524e-16,0,97.758,1176.8,FLYING
12.08,-5.5671e-16,0,5.5012,2.8834e-17,0,0.00046904,0.00046904,0,-1.3037e-16,0,97.757,1176.8,FLYING
12.082,-5.5663e-16,0,5.5012,2.8779e-17,0,0.00046848,0.00046848,0,-1.2516e-16,0,97.757,1176.8,FLYING
12.085,-5.5656e-16,0,5.5012,2.8725e-17,0,0.00046793,0.00046793,0,-1.1978e-16,0,97.756,1176.8,FLYING
12.087,-5.5649e-16,0,5.5012,2.8674e-17,0,0.00046738,0.00046738,0,-1.1407e-16,0,97.756,1176.8,FLYING
12.09,-5.5642e-16,0,5.5012,2.8625e-17,0,0.00046682,0.00046682,0,-1.0818e-16,0,97.756,1176.8,FLYING
12.092,-5.5635e-16,0,5.5012,2.8579e-17,0,0.00046627,0.00046627,0,-1.0196e-16,0,97.755,1176.8,FLYING
12.095,-5.5628e-16,0,5.5012,2.8535e-17,0,0.00046572,0.00046572,0,-9.5573e-17,0,97.755,1176.8,FLYING
12.097,-5.562e-16,0,5.5012,2.8494e-17,0,0.00046517,0.00046517,0,-8.8846e-17,0,97.754,1176.8,FLYING
12.1,-5.5613e-16,0,5.5012,2.8456e-17,0,0.00046462,0.00046462,0,-8.1781e-17,0,97.754,1176.8,FLYING
12.102,-5.5606e-16,0,5.5012,2.8421e-17,0,0.00046407,0.00046407,0,-7.4549e-17,0,97.753,1176.8,FLYING
12.105,-5.5599e-16,0,5.5012,2.8389e-17,0,0.00046352,0.00046352,0,-6.7149e-17,0,97.753,1176.8,FLYING
12.107,-5.5592e-16,0,5.5012,2.836e-17,0,0.00046297,0.00046297,0,-5.9411e-17,0,97.752,1176.8,FLYING
12.11,-5.5585e-16,0,5.5012,2.8335e-17,0,0.00046242,0.00046242,0,-5.1337e-17,0,97.752,1176.8,FLYING
12.112,-5.5578e-16,0,5.5012,2.8313e-17,0,0.00046188,0.00046188,0,-4.2755e-17,0,97.751,1176.8,FLYING
12.115,-5.5571e-16,0,5.5012,2.8295e-17,0,0.00046133,0.00046133,0,-3.3836e-17,0,97.751,1176.8,FLYING
12.117,-5.5564e-16,0,5.5012,2.828e-17,0,0.00046078,0.00046078,0,-2.441e-17,0,97.751,1176.8,FLYING
12.12,-5.5557e-16,0,5.5012,2.827e-17,0,0.00046024,0.00046024,0,-1.4818e-17,0,97.75,1176.8,FLYING
12.122,-5.555e-16,0,5.5012,2.8264e-17,0,0.00045969,0.00045969,0,-5.397e-18,0,97.75,1176.8,FLYING
12.125,-5.5543e-16,0,5.5012,2.8261e-17,0,0.00045915,0.00045915,0,4.0214e-18,0,97.749,1176.8,FLYING
12.127,-5.5535e-16,0,5.5012,2.8263e-17,0,0.00045861,0.00045861,0,1.3437e-17,0,97.749,1176.8,FLYING
12.13,-5.5528e-16,0,5.5012,2.8269e-17,0,0.00045806,0.00045806,0,2.2851e-17,0,97.748,1176.8,FLYING
12.132,-5.5521e-16,0,5.5012,2.8278e-17,0,0.00045752,0.00045752,0,3.2093e-17,0,97.748,1176.8,FLYING
12.135,-5.5514e-16,0,5.5012,2.8292e-17,0,0.00045698,0.00045698,0,4.0823e-17,0,97.747,1176.8,FLYING
12.137,-5.5507e-16,0,5.5012,2.831e-17,0,0.00045644,0.00045644,0,4.9212e-17,0,97.747,1176.8,FLYING
12.14,-5.55e-16,0,5.5012,2.8331e-17,0,0.0004559,0.0004559,0,5.726e-17,0,97.746,1176.8,FLYING
12.142,-5.5493e-16,0,5.5012,2.8355e-17,0,0.00045536,0.00045536,0,6.5136e-17,0,97.746,1176.8,FLYING
12.145,-5.5486e-16,0,5.5012,2.8383e-17,0,0.00045482,0.00045482,0,7.2671e-17,0,97.746,1176.8,FLYING
12.147,-5.5479e-16,0,5.5012,2.8414e-17,0,0.00045428,0.00045428,0,7.9865e-17,0,97.745,1176.8,FLYING
12.15,-5.5472e-16,0,5.5012,2.8448e-17,0,0.00045375,0.00045375,0,8.6548e-17,0,97.745,1176.8,FLYING
12.152,-5.5465e-16,0,5.5012,2.8485e-17,0,0.00045321,0.00045321,0,9.272e-17,0,97.744,1176.8,FLYING
12.155,-5.5457e-16,0,5.5012,2.8525e-17,0,0.00045267,0.00045267,0,9.8382e-17,0,97.744,1176.8,FLYING
12.157,-5.545e-16,0,5.5012,2.8567e-17,0,0.00045214,0.00045214,0,1.037e-16,0,97.743,1176.8,FLYING
12.16,-5.5443e-16,0,5.5012,2.8612e-17,0,0.0004516,0.0004516,0,1.0868e-16,0,97.743,1176.8,FLYING
12.162,-5.5436e-16,0,5.5012,2.8658e-17,0,0.00045107,0.00045107,0,1.1332e-16,0,97.742,1176.8,FLYING
12.165,-5.5429e-16,0,5.5012,2.8707e-17,0,0.00045053,0.00045053,0,1.1762e-16,0,97.742,1176.8,FLYING
12.167,-5.5422e-16,0,5.5012,2.8757e-17,0,0.00045,0.00045,0,1.2141e-16,0,97.741,1176.8,FLYING
12.17,-5.5414e-16,0,5.5012,2.8809e-17,0,0.00044947,0.00044947,0,1.2486e-16,0,97.741,1176.8,FLYING
12.172,-5.5407e-16,0,5.5012,2.8862e-17,0,0.00044894,0.00044894,0,1.2797e-16,0,97.741,1176.8,FLYING
12.175,-5.54e-16,0,5.5012,2.8917e-17,0,0.00044841,0.00044841,0,1.3074e-16,0,97.74,1176.8,FLYING
12.177,-5.5393e-16,0,5.5012,2.8973e-17,0,0.00044788,0.00044788,0,1.3317e-16,0,97.74,1176.8,FLYING
12.18,-5.5385e-16,0,5.5012,2.903e-17,0,0.00044735,0.00044735,0,1.3526e-16,0,97.739,1176.8,FLYING
12.182,-5.5378e-16,0,5.5012,2.9088e-17,0,0.00044682,0.00044682,0,1.3684e-16,0,97.739,1176.8,FLYING
12.185,-5.5371e-16,0,5.5012,2.9146e-17,0,0.00044629,0.00044629,0,1.3825e-16,0,97.738,1176.8,FLYING
12.187,-5.5364e-16,0,5.5012,2.9206e-17,0,0.00044576,0.00044576,0,1.3915e-16,0,97.738,1176.8,FLYING
12.19,-5.5356e-16,0,5.5012,2.9265e-17,0,0.00044523,0.00044523,0,1.3971e-16,0,97.737,1176.8,FLYING
12.192,-5.5349e-16,0,5.5012,2.9325e-17,0,0.00044471,0.00044471,0,1.4011e-16,0,97.737,1176.8,FLYING
12.195,-5.5342e-16,0,5.5012,2.9385e-17,0,0.00044418,0.00044418,0,1.4016e-16,0,97.736,1176.8,FLYING
12.197,-5.5334e-16,0,5.5012,2.9445e-17,0,0.00044365,0.00044365,0,1.3987e-16,0,97.736,1176.8,FLYING
12.2,-5.5327e-16,0,5.5012,2.9505e-17,0,0.00044313,0.00044313,0,1.3925e-16,0,97.735,1176.8,FLYING
12.202,-5.5319e-16,0,5.5012,2.9564e-17,0,0.0004426,0.0004426,0,1.3845e-16,0,97.735,1176.8,FLYING
12.205,-5.5312e-16,0,5.5012,2.9623e-17,0,0.00044208,0.00044208,0,1.3749e-16,0,97.735,1176.8,FLYING
12.207,-5.5305e-16,0,5.5012,2.9682e-17,0,0.00044156,0.00044156,0,1.3652e-16,0,97.734,1176.8,FLYING
12.21,-5.5297e-16,0,5.5012,2.9741e-17,0,0.00044104,0.00044104,0,1.3539e-16,0,97.734,1176.8,FLYING
12.212,-5.529e-16,0,5.5013,2.9799e-17,0,0.00044051,0.00044051,0,1.3408e-16,0,97.733,1176.8,FLYING
12.215,-5.5282e-16,0,5.5013,2.9856e-17,0,0.00043999,0.00043999,0,1.3261e-16,0,97.733,1176.8,FLYING
12.217,-5.5275e-16,0,5.5013,2.9913e-17,0,0.00043947,0.00043947,0,1.3097e-16,0,97.732,1176.8,FLYING
12.22,-5.5267e-16,0,5.5013,2.9969e-17,0,0.00043895,0.00043895,0,1.2933e-16,0,97.732,1176.8,FLYING
12.222,-5.526e-16,0,5.5013,3.0024e-17,0,0.00043843,0.00043843,0,1.2786e-16,0,97.731,1176.8,FLYING
12.225,-5.5252e-16,0,5.5013,3.0079e-17,0,0.00043791,0.00043791,0,1.2638e-16,0,97.731,1176.8,FLYING
12.227,-5.5245e-16,0,5.5013,3.0133e-17,0,0.0004374,0.0004374,0,1.2474e-16,0,97.73,1176.8,FLYING
12.23,-5.5237e-16,0,5.5013,3.0186e-17,0,0.00043688,0.00043688,0,1.2327e-16,0,97.73,1176.8,FLYING
12.232,-5.523e-16,0,5.5013,3.0239e-17,0,0.00043636,0.00043636,0,1.2163e-16,0,97.73,1176.8,FLYING
12.235,-5.5222e-16,0,5.5013,3.0291e-17,0,0.00043585,0.00043585,0,1.1999e-16,0,97.729,1176.8,FLYING
12.237,-5.5215e-16,0,5.5013,3.0342e-17,0,0.00043533,0.00043533,0,1.1819e-16,0,97.729,1176.8,FLYING
12.24,-5.5207e-16,0,5.5013,3.0393e-17,0,0.00043481,0.00043481,0,1.1672e-16,0,97.728,1176.8,FLYING
12.242,-5.5199e-16,0,5.5013,3.0443e-17,0,0.0004343,0.0004343,0,1.1525e-16,0,97.728,1176.8,FLYING
12.245,-5.5192e-16,0,5.5013,3.0492e-17,0,0.00043379,0.00043379,0,1.1378e-16,0,97.727,1176.8,FLYING
12.247,-5.5184e-16,0,5.5013,3.0541e-17,0,0.00043327,0.00043327,0,1.1231e-16,0,97.727,1176.8,FLYING
12.25,-5.5176e-16,0,5.5013,3.0589e-17,0,0.00043276,0.00043276,0,1.1085e-16,0,97.726,1176.8,FLYING
12.252,-5.5169e-16,0,5.5013,3.0636e-17,0,0.00043225,0.00043225,0,1.0921e-16,0,97.726,1176.8,FLYING
12.255,-5.5161e-16,0,5.5013,3.0683e-17,0,0.00043174,0.00043174,0,1.074e-16,0,97.725,1176.8,FLYING
12.257,-5.5153e-16,0,5.5013,3.0729e-17,0,0.00043123,0.00043123,0,1.056e-16,0,97.725,1176.8,FLYING
12.26,-5.5146e-16,0,5.5013,3.0774e-17,0,0.00043072,0.00043072,0,1.0379e-16,0,97.725,1176.8,FLYING
12.262,-5.5138e-16,0,5.5013,3.0819e-17,0,0.00043021,0.00043021,0,1.0199e-16,0,97.724,1176.8,FLYING
12.265,-5.513e-16,0,5.5013,3.0862e-17,0,0.0004297,0.0004297,0,1.0018e-16,0,97.724,1176.8,FLYING
12.267,-5.5123e-16,0,5.5013,3.0905e-17,0,0.00042919,0.00042919,0,9.855e-17,0,97.723,1176.8,FLYING
12.27,-5.5115e-16,0,5.5013,3.0947e-17,0,0.00042868,0.00042868,0,9.6917e-17,0,97.723,1176.8,FLYING
12.272,-5.5107e-16,0,5.5013,3.0989e-17,0,0.00042817,0.00042817,0,9.5283e-17,0,97.722,1176.8,FLYING
12.275,-5.5099e-16,0,5.5013,3.103e-17,0,0.00042767,0.00042767,0,9.3651e-17,0,97.722,1176.8,FLYING
12.277,-5.5092e-16,0,5.5013,3.107e-17,0,0.00042716,0.00042716,0,9.2188e-17,0,97.721,1176.8,FLYING
12.28,-5.5084e-16,0,5.5013,3.1109e-17,0,0.00042666,0.00042666,0,9.0726e-17,0,97.721,1176.8,FLYING
12.282,-5.5076e-16,0,5.5013,3.1148e-17,0,0.00042615,0.00042615,0,8.9094e-17,0,97.72,1176.8,FLYING
12.285,-5.5068e-16,0,5.5013,3.1186e-17,0,0.00042565,0.00042565,0,8.7463e-17,0,97.72,1176.8,FLYING
12.287,-5.506e-16,0,5.5013,3.1223e-17,0,0.00042514,0.00042514,0,8.5832e-17,0,97.72,1176.8,FLYING
12.29,-5.5053e-16,0,5.5013,3.126e-17,0,0.00042464,0.00042464,0,8.4202e-17,0,97.719,1176.8,FLYING
12.292,-5.5045e-16,0,5.5013,3.1296e-17,0,0.00042414,0.00042414,0,8.2742e-17,0,97.719,1176.8,FLYING
12.295,-5.5037e-16,0,5.5013,3.1332e-17,0,0.00042364,0.00042364,0,8.1451e-17,0,97.718,1176.8,FLYING
12.297,-5.5029e-16,0,5.5013,3.1366e-17,0,0.00042314,0.00042314,0,7.9992e-17,0,97.718,1176.8,FLYING
12.3,-5.5021e-16,0,5.5013,3.1401e-17,0,0.00042263,0.00042263,0,7.8532e-17,0,97.717,1176.8,FLYING
12.302,-5.5013e-16,0,5.5013,3.1434e-17,0,0.00042213,0.00042213,0,7.7243e-17,0,97.717,1176.8,FLYING
12.305,-5.5005e-16,0,5.5013,3.1467e-17,0,0.00042164,0.00042164,0,7.5785e-17,0,97.716,1176.8,FLYING
12.307,-5.4998e-16,0,5.5013,3.15e-17,0,0.00042114,0.00042114,0,7.4157e-17,0,97.716,1176.8,FLYING
12.31,-5.499e-16,0,5.5013,3.1532e-17,0,0.00042064,0.00042064,0,7.2529e-17,0,97.715,1176.8,FLYING
12.312,-5.4982e-16,0,5.5013,3.1563e-17,0,0.00042014,0.00042014,0,7.0733e-17,0,97.715,1176.8,FLYING
12.315,-5.4974e-16,0,5.5013,3.1593e-17,0,0.00041964,0.00041964,0,6.8937e-17,0,97.715,1176.8,FLYING
12.317,-5.4966e-16,0,5.5013,3.1622e-17,0,0.00041915,0.00041915,0,6.7141e-17,0,97.714,1176.8,FLYING
12.32,-5.4958e-16,0,5.5013,3.1651e-17,0,0.00041865,0.00041865,0,6.5176e-17,0,97.714,1176.8,FLYING
12.322,-5.495e-16,0,5.5013,3.1679e-17,0,0.00041816,0.00041816,0,6.3042e-17,0,97.713,1176.8,FLYING
12.325,-5.4942e-16,0,5.5013,3.1706e-17,0,0.00041766,0.00041766,0,6.0908e-17,0,97.713,1176.8,FLYING
12.327,-5.4934e-16,0,5.5013,3.1732e-17,0,0.00041717,0.00041717,0,5.8606e-17,0,97.712,1176.8,FLYING
12.33,-5.4926e-16,0,5.5013,3.1757e-17,0,0.00041667,0.00041667,0,5.6304e-17,0,97.712,1176.8,FLYING
12.332,-5.4918e-16,0,5.5013,3.1781e-17,0,0.00041618,0.00041618,0,5.3832e-17,0,97.711,1176.8,FLYING
12.335,-5.491e-16,0,5.5013,3.1804e-17,0,0.00041569,0.00041569,0,5.1532e-17,0,97.711,1176.8,FLYING
12.337,-5.4903e-16,0,5.5013,3.1826e-17,0,0.0004152,0.0004152,0,4.9231e-17,0,97.71,1176.8,FLYING
12.34,-5.4895e-16,0,5.5013,3.1847e-17,0,0.0004147,0.0004147,0,4.6932e-17,0,97.71,1176.8,FLYING
12.342,-5.4887e-16,0,5.5013,3.1867e-17,0,0.00041421,0.00041421,0,4.4463e-17,0,97.709,1176.8,FLYING
12.345,-5.4879e-16,0,5.5013,3.1886e-17,0,0.00041372,0.00041372,0,4.1825e-17,0,97.709,1176.8,FLYING
12.347,-5.4871e-16,0,5.5013,3.1904e-17,0,0.00041323,0.00041323,0,3.9188e-17,0,97.709,1176.8,FLYING
12.35,-5.4863e-16,0,5.5013,3.1921e-17,0,0.00041275,0.00041275,0,3.6551e-17,0,97.708,1176.8,FLYING
12.352,-5.4855e-16,0,5.5013,3.1937e-17,0,0.00041226,0.00041226,0,3.3916e-17,0,97.708,1176.8,FLYING
12.355,-5.4847e-16,0,5.5013,3.1951e-17,0,0.00041177,0.00041177,0,3.1281e-17,0,97.707,1176.8,FLYING
12.357,-5.4839e-16,0,5.5013,3.1965e-17,0,0.00041128,0.00041128,0,2.8646e-17,0,97.707,1176.8,FLYING
12.36,-5.4831e-16,0,5.5013,3.1977e-17,0,0.0004108,0.0004108,0,2.6012e-17,0,97.706,1176.8,FLYING
12.362,-5.4823e-16,0,5.5013,3.1988e-17,0,0.00041031,0.00041031,0,2.3379e-17,0,97.706,1176.8,FLYING
12.365,-5.4815e-16,0,5.5013,3.1998e-17,0,0.00040982,0.00040982,0,2.0747e-17,0,97.705,1176.8,FLYING
12.367,-5.4807e-16,0,5.5013,3.2007e-17,0,0.00040934,0.00040934,0,1.7945e-17,0,97.705,1176.8,FLYING
12.37,-5.4799e-16,0,5.5013,3.2015e-17,0,0.00040886,0.00040886,0,1.5144e-17,0,97.704,1176.8,FLYING
12.372,-5.4791e-16,0,5.5013,3.2021e-17,0,0.00040837,0.00040837,0,1.2175e-17,0,97.704,1176.8,FLYING
12.375,-5.4783e-16,0,5.5013,3.2026e-17,0,0.00040789,0.00040789,0,9.036e-18,0,97.704,1176.8,FLYING
12.377,-5.4775e-16,0,5.5013,3.203e-17,0,0.00040741,0.00040741,0,5.8981e-18,0,97.703,1176.8,FLYING
12.38,-5.4767e-16,0,5.5013,3.2033e-17,0,0.00040692,0.00040692,0,2.7611e-18,0,97.703,1176.8,FLYING
12.382,-5.4759e-16,0,5.5013,3.2034e-17,0,0.00040644,0.00040644,0,-2.0549e-19,0,97.702,1176.8,FLYING
12.385,-5.4751e-16,0,5.5013,3.2034e-17,0,0.00040596,0.00040596,0,-3.1714e-18,0,97.702,1176.8,FLYING
12.387,-5.4743e-16,0,5.5013,3.2032e-17,0,0.00040548,0.00040548,0,-6.1365e-18,0,97.701,1176.8,FLYING
12.39,-5.4735e-16,0,5.5013,3.203e-17,0,0.000405,0.000405,0,-9.1009e-18,0,97.701,1176.8,FLYING
12.392,-5.4727e-16,0,5.5013,3.2026e-17,0,0.00040452,0.00040452,0,-1.1895e-17,0,97.7,1176.8,FLYING
12.395,-5.4719e-16,0,5.5013,3.2021e-17,0,0.00040404,0.00040404,0,-1.4858e-17,0,97.7,1176.8,FLYING
12.397,-5.4711e-16,0,5.5013,3.2014e-17,0,0.00040357,0.00040357,0,-1.799e-17,0,97.699,1176.8,FLYING
12.4,-5.4703e-16,0,5.5013,3.2007e-17,0,0.00040309,0.00040309,0,-2.1121e-17,0,97.699,1176.8,FLYING
12.402,-5.4695e-16,0,5.5013,3.1998e-17,0,0.00040261,0.00040261,0,-2.4251e-17,0,97.699,1176.8,FLYING
12.405,-5.4687e-16,0,5.5013,3.1987e-17,0,0.00040213,0.00040213,0,-2.7211e-17,0,97.698,1176.8,FLYING
12.407,-5.4679e-16,0,5.5013,3.1976e-17,0,0.00040166,0.00040166,0,-3.017e-17,0,97.698,1176.8,FLYING
12.41,-5.4671e-16,0,5.5013,3.1963e-17,0,0.00040118,0.00040118,0,-3.2959e-17,0,97.697,1176.8,FLYING
12.412,-5.4663e-16,0,5.5013,3.1949e-17,0,0.00040071,0.00040071,0,-3.5747e-17,0,97.697,1176.8,FLYING
12.415,-5.4655e-16,0,5.5013,3.1933e-17,0,0.00040024,0.00040024,0,-3.8365e-17,0,97.696,1176.8,FLYING
12.417,-5.4647e-16,0,5.5013,3.1917e-17,0,0.00039976,0.00039976,0,-4.0982e-17,0,97.696,1176.8,FLYING
12.42,-5.4639e-16,0,5.5013,3.1899e-17,0,0.00039929,0.00039929,0,-4.3768e-17,0,97.695,1176.8,FLYING
12.422,-5.4631e-16,0,5.5013,3.1881e-17,0,0.00039882,0.00039882,0,-4.6723e-17,0,97.695,1176.8,FLYING
12.425,-5.4623e-16,0,5.5013,3.1861e-17,0,0.00039834,0.00039834,0,-4.9507e-17,0,97.694,1176.8,FLYING
12.427,-5.4615e-16,0,5.5013,3.1839e-17,0,0.00039787,0.00039787,0,-5.2122e-17,0,97.694,1176.8,FLYING
12.43,-5.4607e-16,0,5.5013,3.1817e-17,0,0.0003974,0.0003974,0,-5.4905e-17,0,97.694,1176.8,FLYING
12.432,-5.4599e-16,0,5.5013,3.1794e-17,0,0.00039693,0.00039693,0,-5.7687e-17,0,97.693,1176.8,FLYING
12.435,-5.4591e-16,0,5.5013,3.1769e-17,0,0.00039646,0.00039646,0,-6.0639e-17,0,97.693,1176.8,FLYING
12.437,-5.4583e-16,0,5.5013,3.1743e-17,0,0.00039599,0.00039599,0,-6.359e-17,0,97.692,1176.8,FLYING
12.44,-5.4575e-16,0,5.5013,3.1716e-17,0,0.00039552,0.00039552,0,-6.654e-17,0,97.692,1176.8,FLYING
12.442,-5.4567e-16,0,5.5013,3.1687e-17,0,0.00039506,0.00039506,0,-6.9489e-17,0,97.691,1176.8,FLYING
12.445,-5.4559e-16,0,5.5013,3.1658e-17,0,0.00039459,0.00039459,0,-7.2437e-17,0,97.691,1176.8,FLYING
12.447,-5.4551e-16,0,5.5013,3.1627e-17,0,0.00039412,0.00039412,0,-7.5385e-17,0,97.69,1176.8,FLYING
12.45,-5.4543e-16,0,5.5013,3.1594e-17,0,0.00039366,0.00039366,0,-7.8332e-17,0,97.69,1176.8,FLYING
12.452,-5.4536e-16,0,5.5014,3.1561e-17,0,0.00039319,0.00039319,0,-8.1279e-17,0,97.689,1176.8,FLYING
12.455,-5.4528e-16,0,5.5014,3.1526e-17,0,0.00039273,0.00039273,0,-8.4224e-17,0,97.689,1176.8,FLYING
12.457,-5.452e-16,0,5.5014,3.149e-17,0,0.00039226,0.00039226,0,-8.683e-17,0,97.689,1176.8,FLYING
12.46,-5.4512e-16,0,5.5014,3.1453e-17,0,0.0003918,0.0003918,0,-8.9265e-17,0,97.688,1176.8,FLYING
12.462,-5.4504e-16,0,5.5014,3.1415e-17,0,0.00039133,0.00039133,0,-9.153e-17,0,97.688,1176.8,FLYING
12.465,-5.4496e-16,0,5.5014,3.1376e-17,0,0.00039087,0.00039087,0,-9.3286e-17,0,97.687,1176.8,FLYING
12.467,-5.4488e-16,0,5.5014,3.1336e-17,0,0.00039041,0.00039041,0,-9.5041e-17,0,97.687,1176.8,FLYING
12.47,-5.4481e-16,0,5.5014,3.1295e-17,0,0.00038995,0.00038995,0,-9.6966e-17,0,97.686,1176.8,FLYING
12.472,-5.4473e-16,0,5.5014,3.1253e-17,0,0.00038948,0.00038948,0,-9.9059e-17,0,97.686,1176.8,FLYING
12.475,-5.4465e-16,0,5.5014,3.1211e-17,0,0.00038902,0.00038902,0,-1.0115e-16,0,97.685,1176.8,FLYING
12.477,-5.4457e-16,0,5.5014,3.1168e-17,0,0.00038856,0.00038856,0,-1.0291e-16,0,97.685,1176.8,FLYING
12.48,-5.4449e-16,0,5.5014,3.1124e-17,0,0.0003881,0.0003881,0,-1.0432e-16,0,97.684,1176.8,FLYING
12.482,-5.4442e-16,0,5.5014,3.1079e-17,0,0.00038764,0.00038764,0,-1.0539e-16,0,97.684,1176.8,FLYING
12.485,-5.4434e-16,0,5.5014,3.1034e-17,0,0.00038719,0.00038719,0,-1.0613e-16,0,97.683,1176.8,FLYING
12.487,-5.4426e-16,0,5.5014,3.0989e-17,0,0.00038673,0.00038673,0,-1.0652e-16,0,97.683,1176.8,FLYING
12.49,-5.4418e-16,0,5.5014,3.0943e-17,0,0.00038627,0.00038627,0,-1.0658e-16,0,97.683,1176.8,FLYING
12.492,-5.4411e-16,0,5.5014,3.0897e-17,0,0.00038581,0.00038581,0,-1.0646e-16,0,97.682,1176.8,FLYING
12.495,-5.4403e-16,0,5.5014,3.0852e-17,0,0.00038536,0.00038536,0,-1.0601e-16,0,97.682,1176.8,FLYING
12.497,-5.4395e-16,0,5.5014,3.0806e-17,0,0.0003849,0.0003849,0,-1.0539e-16,0,97.681,1176.8,FLYING
12.5,-5.4388e-16,0,5.5014,3.0761e-17,0,0.00038445,0.00038445,0,-1.0443e-16,0,97.681,1176.8,FLYING
12.502,-5.438e-16,0,5.5014,3.0717e-17,0,0.00038399,0.00038399,0,-1.0312e-16,0,97.68,1176.8,FLYING
12.505,-5.4372e-16,0,5.5014,3.0673e-17,0,0.00038354,0.00038354,0,-1.0148e-16,0,97.68,1176.8,FLYING
12.507,-5.4365e-16,0,5.5014,3.0629e-17,0,0.00038308,0.00038308,0,-9.9845e-17,0,97.679,1176.8,FLYING
12.51,-5.4357e-16,0,5.5014,3.0586e-17,0,0.00038263,0.00038263,0,-9.7867e-17,0,97.679,1176.8,FLYING
12.512,-5.4349e-16,0,5.5014,3.0545e-17,0,0.00038218,0.00038218,0,-9.555e-17,0,97.678,1176.8,FLYING
12.515,-5.4342e-16,0,5.5014,3.0504e-17,0,0.00038172,0.00038172,0,-9.2894e-17,0,97.678,1176.8,FLYING
12.517,-5.4334e-16,0,5.5014,3.0464e-17,0,0.00038127,0.00038127,0,-8.99e-17,0,97.678,1176.8,FLYING
12.52,-5.4326e-16,0,5.5014,3.0425e-17,0,0.00038082,0.00038082,0,-8.6737e-17,0,97.677,1176.8,FLYING
12.522,-5.4319e-16,0,5.5014,3.0388e-17,0,0.00038037,0.00038037,0,-8.3065e-17,0,97.677,1176.8,FLYING
12.525,-5.4311e-16,0,5.5014,3.0353e-17,0,0.00037992,0.00037992,0,-7.9225e-17,0,97.676,1176.8,FLYING
12.527,-5.4304e-16,0,5.5014,3.0319e-17,0,0.00037947,0.00037947,0,-7.5217e-17,0,97.676,1176.8,FLYING
12.53,-5.4296e-16,0,5.5014,3.0287e-17,0,0.00037902,0.00037902,0,-7.087e-17,0,97.675,1176.8,FLYING
12.532,-5.4289e-16,0,5.5014,3.0256e-17,0,0.00037857,0.00037857,0,-6.6185e-17,0,97.675,1176.8,FLYING
12.535,-5.4281e-16,0,5.5014,3.0228e-17,0,0.00037813,0.00037813,0,-6.1161e-17,0,97.674,1176.8,FLYING
12.537,-5.4273e-16,0,5.5014,3.0202e-17,0,0.00037768,0.00037768,0,-5.58e-17,0,97.674,1176.8,FLYING
12.54,-5.4266e-16,0,5.5014,3.0178e-17,0,0.00037723,0.00037723,0,-5.0101e-17,0,97.673,1176.8,FLYING
12.542,-5.4258e-16,0,5.5014,3.0157e-17,0,0.00037679,0.00037679,0,-4.4234e-17,0,97.673,1176.8,FLYING
12.545,-5.4251e-16,0,5.5014,3.0138e-17,0,0.00037634,0.00037634,0,-3.8029e-17,0,97.673,1176.8,FLYING
12.547,-5.4243e-16,0,5.5014,3.0121e-17,0,0.00037589,0.00037589,0,-3.1825e-17,0,97.672,1176.8,FLYING
12.55,-5.4236e-16,0,5.5014,3.0108e-17,0,0.00037545,0.00037545,0,-2.5793e-17,0,97.672,1176.8,FLYING
12.552,-5.4228e-16,0,5.5014,3.0097e-17,0,0.00037501,0.00037501,0,-1.9762e-17,0,97.671,1176.8,FLYING
12.555,-5.4221e-16,0,5.5014,3.0088e-17,0,0.00037456,0.00037456,0,-1.3563e-17,0,97.671,1176.8,FLYING
12.557,-5.4213e-16,0,5.5014,3.0082e-17,0,0.00037412,0.00037412,0,-7.5349e-18,0,97.67,1176.8,FLYING
12.56,-5.4206e-16,0,5.5014,3.0079e-17,0,0.00037368,0.00037368,0,-1.6782e-18,0,97.67,1176.8,FLYING
12.562,-5.4198e-16,0,5.5014,3.0079e-17,0,0.00037323,0.00037323,0,4.0074e-18,0,97.669,1176.8,FLYING
12.565,-5.4191e-16,0,5.5014,3.008e-17,0,0.00037279,0.00037279,0,9.6916e-18,0,97.669,1176.8,FLYING
12.567,-5.4183e-16,0,5.5014,3.0084e-17,0,0.00037235,0.00037235,0,1.5205e-17,0,97.668,1176.8,FLYING
12.57,-5.4176e-16,0,5.5014,3.0091e-17,0,0.00037191,0.00037191,0,2.0377e-17,0,97.668,1176.8,FLYING
12.572,-5.4168e-16,0,5.5014,3.01e-17,0,0.00037147,0.00037147,0,2.5209e-17,0,97.668,1176.8,FLYING
12.575,-5.4161e-16,0,5.5014,3.011e-17,0,0.00037103,0.00037103,0,2.9531e-17,0,97.667,1176.8,FLYING
12.577,-5.4153e-16,0,5.5014,3.0123e-17,0,0.00037059,0.00037059,0,3.4021e-17,0,97.667,1176.8,FLYING
12.58,-5.4145e-16,0,5.5014,3.0138e-17,0,0.00037015,0.00037015,0,3.8511e-17,0,97.666,1176.8,FLYING
12.582,-5.4138e-16,0,5.5014,3.0154e-17,0,0.00036972,0.00036972,0,4.2999e-17,0,97.666,1176.8,FLYING
12.585,-5.413e-16,0,5.5014,3.0172e-17,0,0.00036928,0.00036928,0,4.7316e-17,0,97.665,1176.8,FLYING
12.587,-5.4123e-16,0,5.5014,3.0193e-17,0,0.00036884,0.00036884,0,5.1463e-17,0,97.665,1176.8,FLYING
12.59,-5.4115e-16,0,5.5014,3.0215e-17,0,0.00036841,0.00036841,0,5.5609e-17,0,97.664,1176.8,FLYING
12.592,-5.4108e-16,0,5.5014,3.0239e-17,0,0.00036797,0.00036797,0,5.9753e-17,0,97.664,1176.8,FLYING
12.595,-5.41e-16,0,5.5014,3.0264e-17,0,0.00036753,0.00036753,0,6.4066e-17,0,97.663,1176.8,FLYING
12.597,-5.4093e-16,0,5.5014,3.0292e-17,0,0.0003671,0.0003671,0,6.8379e-17,0,97.663,1176.8,FLYING
12.6,-5.4085e-16,0,5.5014,3.0321e-17,0,0.00036667,0.00036667,0,7.252e-17,0,97.662,1176.8,FLYING
12.602,-5.4077e-16,0,5.5014,3.0352e-17,0,0.00036623,0.00036623,0,7.666e-17,0,97.662,1176.8,FLYING
12.605,-5.407e-16,0,5.5014,3.0385e-17,0,0.0003658,0.0003658,0,8.063e-17,0,97.662,1176.8,FLYING
12.607,-5.4062e-16,0,5.5014,3.0419e-17,0,0.00036537,0.00036537,0,8.4429e-17,0,97.661,1176.8,FLYING
12.61,-5.4055e-16,0,5.5014,3.0455e-17,0,0.00036493,0.00036493,0,8.8227e-17,0,97.661,1176.8,FLYING
12.612,-5.4047e-16,0,5.5014,3.0493e-17,0,0.0003645,0.0003645,0,9.2025e-17,0,97.66,1176.8,FLYING
12.615,-5.4039e-16,0,5.5014,3.0532e-17,0,0.00036407,0.00036407,0,9.599e-17,0,97.66,1176.8,FLYING
12.617,-5.4032e-16,0,5.5014,3.0573e-17,0,0.00036364,0.00036364,0,9.9786e-17,0,97.659,1176.8,FLYING
12.62,-5.4024e-16,0,5.5014,3.0616e-17,0,0.00036321,0.00036321,0,1.0358e-16,0,97.659,1176.8,FLYING
12.622,-5.4016e-16,0,5.5014,3.066e-17,0,0.00036278,0.00036278,0,1.0737e-16,0,97.658,1176.8,FLYING
12.625,-5.4009e-16,0,5.5014,3.0706e-17,0,0.00036235,0.00036235,0,1.1117e-16,0,97.658,1176.8,FLYING
12.627,-5.4001e-16,0,5.5014,3.0754e-17,0,0.00036192,0.00036192,0,1.1496e-16,0,97.657,1176.8,FLYING
12.63,-5.3993e-16,0,5.5014,3.0803e-17,0,0.00036149,0.00036149,0,1.1858e-16,0,97.657,1176.8,FLYING
12.632,-5.3986e-16,0,5.5014,3.0854e-17,0,0.00036107,0.00036107,0,1.2203e-16,0,97.657,1176.8,FLYING
12.635,-5.3978e-16,0,5.5014,3.0906e-17,0,0.00036064,0.00036064,0,1.2548e-16,0,97.656,1176.8,FLYING
12.637,-5.397e-16,0,5.5014,3.096e-17,0,0.00036021,0.00036021,0,1.2893e-16,0,97.656,1176.8,FLYING
12.64,-5.3962e-16,0,5.5014,3.1015e-17,0,0.00035979,0.00035979,0,1.322e-16,0,97.655,1176.8,FLYING
12.642,-5.3955e-16,0,5.5014,3.1072e-17,0,0.00035936,0.00035936,0,1.3531e-16,0,97.655,1176.8,FLYING
12.645,-5.3947e-16,0,5.5014,3.1129e-17,0,0.00035893,0.00035893,0,1.3825e-16,0,97.654,1176.8,FLYING
12.647,-5.3939e-16,0,5.5014,3.1189e-17,0,0.00035851,0.00035851,0,1.4136e-16,0,97.654,1176.8,FLYING
12.65,-5.3931e-16,0,5.5014,3.1249e-17,0,0.00035809,0.00035809,0,1.4412e-16,0,97.653,1176.8,FLYING
12.652,-5.3923e-16,0,5.5014,3.1311e-17,0,0.00035766,0.00035766,0,1.4655e-16,0,97.653,1176.8,FLYING
12.655,-5.3916e-16,0,5.5014,3.1373e-17,0,0.00035724,0.00035724,0,1.4846e-16,0,97.652,1176.8,FLYING
12.657,-5.3908e-16,0,5.5014,3.1437e-17,0,0.00035682,0.00035682,0,1.4987e-16,0,97.652,1176.8,FLYING
12.66,-5.39e-16,0,5.5014,3.1501e-17,0,0.00035639,0.00035639,0,1.5077e-16,0,97.652,1176.8,FLYING
12.662,-5.3892e-16,0,5.5014,3.1566e-17,0,0.00035597,0.00035597,0,1.5116e-16,0,97.651,1176.8,FLYING
12.665,-5.3884e-16,0,5.5014,3.163e-17,0,0.00035555,0.00035555,0,1.5121e-16,0,97.651,1176.8,FLYING
12.667,-5.3876e-16,0,5.5014,3.1695e-17,0,0.00035513,0.00035513,0,1.5075e-16,0,97.65,1176.8,FLYING
12.67,-5.3868e-16,0,5.5014,3.1759e-17,0,0.00035471,0.00035471,0,1.4978e-16,0,97.65,1176.8,FLYING
12.672,-5.386e-16,0,5.5014,3.1824e-17,0,0.00035429,0.00035429,0,1.4847e-16,0,97.649,1176.8,FLYING
12.675,-5.3852e-16,0,5.5014,3.1887e-17,0,0.00035387,0.00035387,0,1.4683e-16,0,97.649,1176.8,FLYING
12.677,-5.3844e-16,0,5.5014,3.195e-17,0,0.00035345,0.00035345,0,1.4467e-16,0,97.648,1176.8,FLYING
12.68,-5.3836e-16,0,5.5014,3.2012e-17,0,0.00035303,0.00035303,0,1.4235e-16,0,97.648,1176.8,FLYING
12.682,-5.3828e-16,0,5.5014,3.2073e-17,0,0.00035262,0.00035262,0,1.3969e-16,0,97.647,1176.8,FLYING
12.685,-5.382e-16,0,5.5014,3.2133e-17,0,0.0003522,0.0003522,0,1.3652e-16,0,97.647,1176.8,FLYING
12.687,-5.3812e-16,0,5.5014,3.2191e-17,0,0.00035178,0.00035178,0,1.3284e-16,0,97.647,1176.8,FLYING
12.69,-5.3804e-16,0,5.5014,3.2248e-17,0,0.00035137,0.00035137,0,1.2882e-16,0,97.646,1176.8,FLYING
12.692,-5.3796e-16,0,5.5014,3.2303e-17,0,0.00035095,0.00035095,0,1.2464e-16,0,97.646,1176.8,FLYING
12.695,-5.3788e-16,0,5.5014,3.2356e-17,0,0.00035054,0.00035054,0,1.2011e-16,0,97.645,1176.8,FLYING
12.697,-5.378e-16,0,5.5014,3.2408e-17,0,0.00035012,0.00035012,0,1.1508e-16,0,97.645,1176.8,FLYING
12.7,-5.3772e-16,0,5.5014,3.2457e-17,0,0.00034971,0.00034971,0,1.0971e-16,0,97.644,1176.8,FLYING
12.702,-5.3764e-16,0,5.5014,3.2504e-17,0,0.00034929,0.00034929,0,1.04e-16,0,97.644,1176.8,FLYING
12.705,-5.3755e-16,0,5.5014,3.2548e-17,0,0.00034888,0.00034888,0,9.779e-17,0,97.643,1176.8,FLYING
12.707,-5.3747e-16,0,5.5014,3.259e-17,0,0.00034847,0.00034847,0,9.1407e-17,0,97.643,1176.8,FLYING
12.71,-5.3739e-16,0,5.5014,3.2629e-17,0,0.00034805,0.00034805,0,8.4856e-17,0,97.642,1176.8,FLYING
12.712,-5.3731e-16,0,5.5014,3.2666e-17,0,0.00034764,0.00034764,0,7.8306e-17,0,97.642,1176.8,FLYING
12.715,-5.3723e-16,0,5.5014,3.2699e-17,0,0.00034723,0.00034723,0,7.1589e-17,0,97.642,1176.8,FLYING
12.717,-5.3715e-16,0,5.5014,3.273e-17,0,0.00034682,0.00034682,0,6.5043e-17,0,97.641,1176.8,FLYING
12.72,-5.3706e-16,0,5.5014,3.2758e-17,0,0.00034641,0.00034641,0,5.8668e-17,0,97.641,1176.8,FLYING
12.722,-5.3698e-16,0,5.5014,3.2783e-17,0,0.000346,0.000346,0,5.2125e-17,0,97.64,1176.8,FLYING
12.725,-5.369e-16,0,5.5015,3.2805e-17,0,0.00034559,0.00034559,0,4.5754e-17,0,97.64,1176.8,FLYING
12.727,-5.3682e-16,0,5.5015,3.2825e-17,0,0.00034518,0.00034518,0,3.9384e-17,0,97.639,1176.8,FLYING
12.73,-5.3674e-16,0,5.5015,3.2841e-17,0,0.00034477,0.00034477,0,3.3016e-17,0,97.639,1176.8,FLYING
12.732,-5.3665e-16,0,5.5015,3.2856e-17,0,0.00034437,0.00034437,0,2.6818e-17,0,97.638,1176.8,FLYING
12.735,-5.3657e-16,0,5.5015,3.2867e-17,0,0.00034396,0.00034396,0,2.0623e-17,0,97.638,1176.8,FLYING
12.737,-5.3649e-16,0,5.5015,3.2876e-17,0,0.00034355,0.00034355,0,1.4598e-17,0,97.637,1176.8,FLYING
12.74,-5.3641e-16,0,5.5015,3.2882e-17,0,0.00034315,0.00034315,0,8.4059e-18,0,97.637,1176.8,FLYING
12.742,-5.3633e-16,0,5.5015,3.2886e-17,0,0.00034274,0.00034274,0,2.3845e-18,0,97.636,1176.8,FLYING
12.745,-5.3624e-16,0,5.5015,3.2887e-17,0,0.00034233,0.00034233,0,-3.6353e-18,0,97.636,1176.8,FLYING
12.747,-5.3616e-16,0,5.5015,3.2885e-17,0,0.00034193,0.00034193,0,-9.484e-18,0,97.636,1176.8,FLYING
12.75,-5.3608e-16,0,5.5015,3.2881e-17,0,0.00034152,0.00034152,0,-1.5331e-17,0,97.635,1176.8,FLYING
12.752,-5.36e-16,0,5.5015,3.2875e-17,0,0.00034112,0.00034112,0,-2.1177e-17,0,97.635,1176.8,FLYING
12.755,-5.3591e-16,0,5.5015,3.2865e-17,0,0.00034072,0.00034072,0,-2.6852e-17,0,97.634,1176.8,FLYING
12.757,-5.3583e-16,0,5.5015,3.2854e-17,0,0.00034031,0.00034031,0,-3.2525e-17,0,97.634,1176.8,FLYING
12.76,-5.3575e-16,0,5.5015,3.284e-17,0,0.00033991,0.00033991,0,-3.8367e-17,0,97.633,1176.8,FLYING
12.762,-5.3567e-16,0,5.5015,3.2824e-17,0,0.00033951,0.00033951,0,-4.4376e-17,0,97.633,1176.8,FLYING
12.765,-5.3559e-16,0,5.5015,3.2805e-17,0,0.00033911,0.00033911,0,-5.0554e-17,0,97.632,1176.8,FLYING
12.767,-5.355e-16,0,5.5015,3.2783e-17,0,0.00033871,0.00033871,0,-5.673e-17,0,97.632,1176.8,FLYING
12.77,-5.3542e-16,0,5.5015,3.2759e-17,0,0.00033831,0.00033831,0,-6.3075e-17,0,97.631,1176.8,FLYING
12.772,-5.3534e-16,0,5.5015,3.2732e-17,0,0.0003379,0.0003379,0,-6.9248e-17,0,97.631,1176.8,FLYING
12.775,-5.3526e-16,0,5.5015,3.2702e-17,0,0.00033751,0.00033751,0,-7.5589e-17,0,97.631,1176.8,FLYING
12.777,-5.3518e-16,0,5.5015,3.267e-17,0,0.00033711,0.00033711,0,-8.1759e-17,0,97.63,1176.8,FLYING
12.78,-5.351e-16,0,5.5015,3.2635e-17,0,0.00033671,0.00033671,0,-8.8097e-17,0,97.63,1176.8,FLYING
12.782,-5.3501e-16,0,5.5015,3.2597e-17,0,0.00033631,0.00033631,0,-9.4433e-17,0,97.629,1176.8,FLYING
12.785,-5.3493e-16,0,5.5015,3.2557e-17,0,0.00033591,0.00033591,0,-1.0077e-16,0,97.629,1176.8,FLYING
12.787,-5.3485e-16,0,5.5015,3.2514e-17,0,0.00033551,0.00033551,0,-1.071e-16,0,97.628,1176.8,FLYING
12.79,-5.3477e-16,0,5.5015,3.2468e-17,0,0.00033512,0.00033512,0,-1.136e-16,0,97.628,1176.8,FLYING
12.792,-5.3469e-16,0,5.5015,3.2419e-17,0,0.00033472,0.00033472,0,-1.201e-16,0,97.627,1176.8,FLYING
12.795,-5.3461e-16,0,5.5015,3.2368e-17,0,0.00033432,0.00033432,0,-1.2677e-16,0,97.627,1176.8,FLYING
12.797,-5.3453e-16,0,5.5015,3.2313e-17,0,0.00033393,0.00033393,0,-1.3327e-16,0,97.626,1176.8,FLYING
12.8,-5.3445e-16,0,5.5015,3.2256e-17,0,0.00033353,0.00033353,0,-1.3993e-16,0,97.626,1176.8,FLYING
12.802,-5.3437e-16,0,5.5015,3.2197e-17,0,0.00033314,0.00033314,0,-1.4676e-16,0,97.626,1176.8,FLYING
12.805,-5.3429e-16,0,5.5015,3.2134e-17,0,0.00033274,0.00033274,0,-1.5359e-16,0,97.625,1176.8,FLYING
12.807,-5.3421e-16,0,5.5015,3.2068e-17,0,0.00033235,0.00033235,0,-1.6025e-16,0,97.625,1176.8,FLYING
12.81,-5.3413e-16,0,5.5015,3.1999e-17,0,0.00033196,0.00033196,0,-1.6708e-16,0,97.624,1176.8,FLYING
12.812,-5.3405e-16,0,5.5015,3.1928e-17,0,0.00033156,0.00033156,0,-1.7374e-16,0,97.624,1176.8,FLYING
12.815,-5.3397e-16,0,5.5015,3.1854e-17,0,0.00033117,0.00033117,0,-1.8056e-16,0,97.623,1176.8,FLYING
12.817,-5.3389e-16,0,5.5015,3.1776e-17,0,0.00033078,0.00033078,0,-1.8721e-16,0,97.623,1176.8,FLYING
12.82,-5.3381e-16,0,5.5015,3.1696e-17,0,0.00033039,0.00033039,0,-1.9386e-16,0,97.622,1176.8,FLYING
12.822,-5.3373e-16,0,5.5015,3.1613e-17,0,0.00033,0.00033,0,-2.0051e-16,0,97.622,1176.8,FLYING
12.825,-5.3365e-16,0,5.5015,3.1528e-17,0,0.00032961,0.00032961,0,-2.0733e-16,0,97.621,1176.8,FLYING
12.827,-5.3357e-16,0,5.5015,3.1439e-17,0,0.00032922,0.00032922,0,-2.1364e-16,0,97.621,1176.8,FLYING
12.83,-5.3349e-16,0,5.5015,3.1347e-17,0,0.00032883,0.00032883,0,-2.196e-16,0,97.621,1176.8,FLYING
12.832,-5.3341e-16,0,5.5015,3.1253e-17,0,0.00032844,0.00032844,0,-2.2523e-16,0,97.62,1176.8,FLYING
12.835,-5.3334e-16,0,5.5015,3.1157e-17,0,0.00032805,0.00032805,0,-2.3068e-16,0,97.62,1176.8,FLYING
12.837,-5.3326e-16,0,5.5015,3.1058e-17,0,0.00032766,0.00032766,0,-2.358e-16,0,97.619,1176.8,FLYING
12.84,-5.3318e-16,0,5.5015,3.0957e-17,0,0.00032728,0.00032728,0,-2.4057e-16,0,97.619,1176.8,FLYING
12.842,-5.331e-16,0,5.5015,3.0855e-17,0,0.00032689,0.00032689,0,-2.4483e-16,0,97.618,1176.8,FLYING
12.845,-5.3303e-16,0,5.5015,3.075e-17,0,0.0003265,0.0003265,0,-2.4875e-16,0,97.618,1176.8,FLYING
12.847,-5.3295e-16,0,5.5015,3.0643e-17,0,0.00032611,0.00032611,0,-2.5251e-16,0,97.617,1176.8,FLYING
12.85,-5.3287e-16,0,5.5015,3.0535e-17,0,0.00032573,0.00032573,0,-2.5592e-16,0,97.617,1176.8,FLYING
12.852,-5.328e-16,0,5.5015,3.0426e-17,0,0.00032534,0.00032534,0,-2.5882e-16,0,97.616,1176.8,FLYING
12.855,-5.3272e-16,0,5.5015,3.0315e-17,0,0.00032496,0.00032496,0,-2.6138e-16,0,97.616,1176.8,FLYING
12.857,-5.3265e-16,0,5.5015,3.0203e-17,0,0.00032457,0.00032457,0,-2.636e-16,0,97.616,1176.8,FLYING
12.86,-5.3257e-16,0,5.5015,3.009e-17,0,0.00032419,0.00032419,0,-2.6566e-16,0,97.615,1176.8,FLYING
12.862,-5.325e-16,0,5.5015,2.9977e-17,0,0.00032381,0.00032381,0,-2.6737e-16,0,97.615,1176.8,FLYING
12.865,-5.3242e-16,0,5.5015,2.9862e-17,0,0.00032342,0.00032342,0,-2.6891e-16,0,97.614,1176.8,FLYING
12.867,-5.3235e-16,0,5.5015,2.9747e-17,0,0.00032304,0.00032304,0,-2.6994e-16,0,97.614,1176.8,FLYING
12.87,-5.3227e-16,0,5.5015,2.9632e-17,0,0.00032266,0.00032266,0,-2.7081e-16,0,97.613,1176.8,FLYING
12.872,-5.322e-16,0,5.5015,2.9516e-17,0,0.00032228,0.00032228,0,-2.7133e-16,0,97.613,1176.8,FLYING
12.875,-5.3213e-16,0,5.5015,2.94e-17,0,0.0003219,0.0003219,0,-2.7151e-16,0,97.612,1176.8,FLYING
12.877,-5.3205e-16,0,5.5015,2.9284e-17,0,0.00032151,0.00032151,0,-2.7136e-16,0,97.612,1176.8,FLYING
12.88,-5.3198e-16,0,5.5015,2.9167e-17,0,0.00032113,0.00032113,0,-2.7103e-16,0,97.611,1176.8,FLYING
12.882,-5.3191e-16,0,5.5015,2.9052e-17,0,0.00032075,0.00032075,0,-2.7054e-16,0,97.611,1176.8,FLYING
12.885,-5.3184e-16,0,5.5015,2.8936e-17,0,0.00032038,0.00032038,0,-2.6954e-16,0,97.61,1176.8,FLYING
12.887,-5.3176e-16,0,5.5015,2.882e-17,0,0.00032,0.00032,0,-2.6819e-16,0,97.61,1176.8,FLYING
12.89,-5.3169e-16,0,5.5015,2.8706e-17,0,0.00031962,0.00031962,0,-2.6651e-16,0,97.61,1176.8,FLYING
12.892,-5.3162e-16,0,5.5015,2.8592e-17,0,0.00031924,0.00031924,0,-2.6466e-16,0,97.609,1176.8,FLYING
12.895,-5.3155e-16,0,5.5015,2.8478e-17,0,0.00031886,0.00031886,0,-2.623e-16,0,97.609,1176.8,FLYING
12.897,-5.3148e-16,0,5.5015,2.8366e-17,0,0.00031848,0.00031848,0,-2.5961e-16,0,97.608,1176.8,FLYING
12.9,-5.3141e-16,0,5.5015,2.8255e-17,0,0.00031811,0.00031811,0,-2.5657e-16,0,97.608,1176.8,FLYING
12.902,-5.3134e-16,0,5.5015,2.8145e-17,0,0.00031773,0.00031773,0,-2.532e-16,0,97.607,1176.8,FLYING
12.905,-5.3127e-16,0,5.5015,2.8037e-17,0,0.00031736,0.00031736,0,-2.4948e-16,0,97.607,1176.8,FLYING
12.907,-5.312e-16,0,5.5015,2.793e-17,0,0.00031698,0.00031698,0,-2.4543e-16,0,97.606,1176.8,FLYING
12.91,-5.3113e-16,0,5.5015,2.7825e-17,0,0.0003166,0.0003166,0,-2.4104e-16,0,97.606,1176.8,FLYING
12.912,-5.3106e-16,0,5.5015,2.7722e-17,0,0.00031623,0.00031623,0,-2.3631e-16,0,97.605,1176.8,FLYING
12.915,-5.3099e-16,0,5.5015,2.7621e-17,0,0.00031586,0.00031586,0,-2.3142e-16,0,97.605,1176.8,FLYING
12.917,-5.3092e-16,0,5.5015,2.7522e-17,0,0.00031548,0.00031548,0,-2.2618e-16,0,97.605,1176.8,FLYING
12.92,-5.3085e-16,0,5.5015,2.7425e-17,0,0.00031511,0.00031511,0,-2.2061e-16,0,97.604,1176.8,FLYING
12.922,-5.3078e-16,0,5.5015,2.7331e-17,0,0.00031474,0.00031474,0,-2.1487e-16,0,97.604,1176.8,FLYING
12.925,-5.3072e-16,0,5.5015,2.7239e-17,0,0.00031436,0.00031436,0,-2.0896e-16,0,97.603,1176.8,FLYING
12.927,-5.3065e-16,0,5.5015,2.7149e-17,0,0.00031399,0.00031399,0,-2.0272e-16,0,97.603,1176.8,FLYING
12.93,-5.3058e-16,0,5.5015,2.7063e-17,0,0.00031362,0.00031362,0,-1.9647e-16,0,97.602,1176.8,FLYING
12.932,-5.3051e-16,0,5.5015,2.6979e-17,0,0.00031325,0.00031325,0,-1.9023e-16,0,97.602,1176.8,FLYING
12.935,-5.3045e-16,0,5.5015,2.6897e-17,0,0.00031288,0.00031288,0,-1.8399e-16,0,97.601,1176.8,FLYING
12.937,-5.3038e-16,0,5.5015,2.6818e-17,0,0.00031251,0.00031251,0,-1.7792e-16,0,97.601,1176.8,FLYING
12.94,-5.3031e-16,0,5.5015,2.6742e-17,0,0.00031214,0.00031214,0,-1.7185e-16,0,97.6,1176.8,FLYING
12.942,-5.3024e-16,0,5.5015,2.6669e-17,0,0.00031177,0.00031177,0,-1.6578e-16,0,97.6,1176.8,FLYING
12.945,-5.3018e-16,0,5.5015,2.6598e-17,0,0.0003114,0.0003114,0,-1.5971e-16,0,97.6,1176.8,FLYING
12.947,-5.3011e-16,0,5.5015,2.6529e-17,0,0.00031103,0.00031103,0,-1.5365e-16,0,97.599,1176.8,FLYING
12.95,-5.3005e-16,0,5.5015,2.6464e-17,0,0.00031066,0.00031066,0,-1.4759e-16,0,97.599,1176.8,FLYING
12.952,-5.2998e-16,0,5.5015,2.6401e-17,0,0.0003103,0.0003103,0,-1.4136e-16,0,97.598,1176.8,FLYING
12.955,-5.2991e-16,0,5.5015,2.634e-17,0,0.00030993,0.00030993,0,-1.353e-16,0,97.598,1176.8,FLYING
12.957,-5.2985e-16,0,5.5015,2.6282e-17,0,0.00030956,0.00030956,0,-1.2924e-16,0,97.597,1176.8,FLYING
12.96,-5.2978e-16,0,5.5015,2.6227e-17,0,0.0003092,0.0003092,0,-1.2335e-16,0,97.597,1176.8,FLYING
12.962,-5.2972e-16,0,5.5015,2.6174e-17,0,0.00030883,0.00030883,0,-1.1763e-16,0,97.596,1176.8,FLYING
12.965,-5.2965e-16,0,5.5015,2.6124e-17,0,0.00030847,0.00030847,0,-1.1209e-16,0,97.596,1176.8,FLYING
12.967,-5.2959e-16,0,5.5015,2.6076e-17,0,0.0003081,0.0003081,0,-1.0672e-16,0,97.595,1176.8,FLYING
12.97,-5.2952e-16,0,5.5015,2.603e-17,0,0.00030774,0.00030774,0,-1.0117e-16,0,97.595,1176.8,FLYING
12.972,-5.2946e-16,0,5.5015,2.5987e-17,0,0.00030737,0.00030737,0,-9.5633e-17,0,97.595,1176.8,FLYING
12.975,-5.2939e-16,0,5.5015,2.5946e-17,0,0.00030701,0.00030701,0,-9.0263e-17,0,97.594,1176.8,FLYING
12.977,-5.2933e-16,0,5.5015,2.5907e-17,0,0.00030664,0.00030664,0,-8.4894e-17,0,97.594,1176.8,FLYING
12.98,-5.2926e-16,0,5.5015,2.5871e-17,0,0.00030628,0.00030628,0,-7.9527e-17,0,97.593,1176.8,FLYING
12.982,-5.292e-16,0,5.5015,2.5837e-17,0,0.00030592,0.00030592,0,-7.4501e-17,0,97.593,1176.8,FLYING
12.985,-5.2913e-16,0,5.5015,2.5805e-17,0,0.00030556,0.00030556,0,-6.9984e-17,0,97.592,1176.8,FLYING
12.987,-5.2907e-16,0,5.5015,2.5775e-17,0,0.0003052,0.0003052,0,-6.5639e-17,0,97.592,1176.8,FLYING
12.99,-5.29e-16,0,5.5015,2.5747e-17,0,0.00030484,0.00030484,0,-6.1294e-17,0,97.591,1176.8,FLYING
12.992,-5.2894e-16,0,5.5015,2.5721e-17,0,0.00030447,0.00030447,0,-5.712e-17,0,97.591,1176.8,FLYING
12.995,-5.2888e-16,0,5.5015,2.5696e-17,0,0.00030411,0.00030411,0,-5.2778e-17,0,97.59,1176.8,FLYING
12.997,-5.2881e-16,0,5.5015,2.5674e-17,0,0.00030375,0.00030375,0,-4.8606e-17,0,97.59,1176.8,FLYING
13,-5.2875e-16,0,5.5015,2.5653e-17,0,0.0003034,0.0003034,0,-4.4435e-17,0,97.589,1176.8,FLYING
13.002,-5.2868e-16,0,5.5015,2.5634e-17,0,0.00030304,0.00030304,0,-4.0435e-17,0,97.589,1176.8,FLYING
13.005,-5.2862e-16,0,5.5015,2.5617e-17,0,0.00030268,0.00030268,0,-3.6267e-17,0,97.589,1176.8,FLYING
13.007,-5.2856e-16,0,5.5015,2.5601e-17,0,0.00030232,0.00030232,0,-3.159e-17,0,97.588,1176.8,FLYING
13.01,-5.2849e-16,0,5.5015,2.5588e-17,0,0.00030196,0.00030196,0,-2.6576e-17,0,97.588,1176.8,FLYING
13.012,-5.2843e-16,0,5.5015,2.5576e-17,0,0.0003016,0.0003016,0,-2.1054e-17,0,97.587,1176.8,FLYING
13.015,-5.2836e-16,0,5.5015,2.5567e-17,0,0.00030125,0.00030125,0,-1.5193e-17,0,97.587,1176.8,FLYING
13.017,-5.283e-16,0,5.5015,2.5561e-17,0,0.00030089,0.00030089,0,-9.1652e-18,0,97.586,1176.8,FLYING
13.02,-5.2824e-16,0,5.5015,2.5557e-17,0,0.00030054,0.00030054,0,-2.9688e-18,0,97.586,1176.8,FLYING
13.022,-5.2817e-16,0,5.5015,2.5556e-17,0,0.00030018,0.00030018,0,3.7349e-18,0,97.585,1176.8,FLYING
13.025,-5.2811e-16,0,5.5015,2.5557e-17,0,0.00029982,0.00029982,0,1.0776e-17,0,97.585,1176.8,FLYING
13.027,-5.2804e-16,0,5.5015,2.5562e-17,0,0.00029947,0.00029947,0,1.8155e-17,0,97.584,1176.8,FLYING
13.03,-5.2798e-16,0,5.5015,2.557e-17,0,0.00029912,0.00029912,0,2.5702e-17,0,97.584,1176.8,FLYING
13.032,-5.2792e-16,0,5.5015,2.5581e-17,0,0.00029876,0.00029876,0,3.3416e-17,0,97.584,1176.8,FLYING
13.035,-5.2785e-16,0,5.5016,2.5595e-17,0,0.00029841,0.00029841,0,4.1467e-17,0,97.583,1176.8,FLYING
13.037,-5.2779e-16,0,5.5016,2.5613e-17,0,0.00029806,0.00029806,0,4.9687e-17,0,97.583,1176.8,FLYING
13.04,-5.2772e-16,0,5.5016,2.5634e-17,0,0.0002977,0.0002977,0,5.7734e-17,0,97.582,1176.8,FLYING
13.042,-5.2766e-16,0,5.5016,2.5659e-17,0,0.00029735,0.00029735,0,6.578e-17,0,97.582,1176.8,FLYING
13.045,-5.276e-16,0,5.5016,2.5687e-17,0,0.000297,0.000297,0,7.3823e-17,0,97.581,1176.8,FLYING
13.047,-5.2753e-16,0,5.5016,2.5718e-17,0,0.00029665,0.00029665,0,8.1695e-17,0,97.581,1176.8,FLYING
13.05,-5.2747e-16,0,5.5016,2.5753e-17,0,0.0002963,0.0002963,0,8.9735e-17,0,97.58,1176.8,FLYING
13.052,-5.274e-16,0,5.5016,2.5792e-17,0,0.00029595,0.00029595,0,9.7942e-17,0,97.58,1176.8,FLYING
13.055,-5.2734e-16,0,5.5016,2.5834e-17,0,0.0002956,0.0002956,0,1.0632e-16,0,97.579,1176.8,FLYING
13.057,-5.2727e-16,0,5.5016,2.5879e-17,0,0.00029525,0.00029525,0,1.1469e-16,0,97.579,1176.8,FLYING
13.06,-5.2721e-16,0,5.5016,2.5928e-17,0,0.0002949,0.0002949,0,1.2289e-16,0,97.579,1176.8,FLYING
13.062,-5.2714e-16,0,5.5016,2.5981e-17,0,0.00029455,0.00029455,0,1.3109e-16,0,97.578,1176.8,FLYING
13.065,-5.2708e-16,0,5.5016,2.6037e-17,0,0.0002942,0.0002942,0,1.3929e-16,0,97.578,1176.8,FLYING
13.067,-5.2701e-16,0,5.5016,2.6096e-17,0,0.00029385,0.00029385,0,1.4748e-16,0,97.577,1176.8,FLYING
13.07,-5.2695e-16,0,5.5016,2.616e-17,0,0.0002935,0.0002935,0,1.555e-16,0,97.577,1176.8,FLYING
13.072,-5.2688e-16,0,5.5016,2.6226e-17,0,0.00029316,0.00029316,0,1.6336e-16,0,97.576,1176.8,FLYING
13.075,-5.2682e-16,0,5.5016,2.6296e-17,0,0.00029281,0.00029281,0,1.7121e-16,0,97.576,1176.8,FLYING
13.077,-5.2675e-16,0,5.5016,2.6369e-17,0,0.00029246,0.00029246,0,1.7905e-16,0,97.575,1176.8,FLYING
13.08,-5.2668e-16,0,5.5016,2.6446e-17,0,0.00029212,0.00029212,0,1.869e-16,0,97.575,1176.8,FLYING
13.082,-5.2662e-16,0,5.5016,2.6526e-17,0,0.00029177,0.00029177,0,1.9491e-16,0,97.574,1176.8,FLYING
13.085,-5.2655e-16,0,5.5016,2.6609e-17,0,0.00029143,0.00029143,0,2.0292e-16,0,97.574,1176.8,FLYING
13.087,-5.2649e-16,0,5.5016,2.6696e-17,0,0.00029108,0.00029108,0,2.111e-16,0,97.574,1176.8,FLYING
13.09,-5.2642e-16,0,5.5016,2.6786e-17,0,0.00029074,0.00029074,0,2.1911e-16,0,97.573,1176.8,FLYING
13.092,-5.2635e-16,0,5.5016,2.688e-17,0,0.00029039,0.00029039,0,2.2694e-16,0,97.573,1176.8,FLYING
13.095,-5.2628e-16,0,5.5016,2.6977e-17,0,0.00029005,0.00029005,0,2.3478e-16,0,97.572,1176.8,FLYING
13.097,-5.2622e-16,0,5.5016,2.7078e-17,0,0.00028971,0.00028971,0,2.4261e-16,0,97.572,1176.8,FLYING
13.1,-5.2615e-16,0,5.5016,2.7181e-17,0,0.00028936,0.00028936,0,2.5044e-16,0,97.571,1176.8,FLYING
13.102,-5.2608e-16,0,5.5016,2.7289e-17,0,0.00028902,0.00028902,0,2.5776e-16,0,97.571,1176.8,FLYING
13.105,-5.2601e-16,0,5.5016,2.7399e-17,0,0.00028868,0.00028868,0,2.6474e-16,0,97.57,1176.8,FLYING
13.107,-5.2594e-16,0,5.5016,2.7512e-17,0,0.00028834,0.00028834,0,2.7137e-16,0,97.57,1176.8,FLYING
13.11,-5.2587e-16,0,5.5016,2.7628e-17,0,0.000288,0.000288,0,2.7767e-16,0,97.569,1176.8,FLYING
13.112,-5.258e-16,0,5.5016,2.7747e-17,0,0.00028766,0.00028766,0,2.8379e-16,0,97.569,1176.8,FLYING
13.115,-5.2573e-16,0,5.5016,2.7869e-17,0,0.00028732,0.00028732,0,2.8975e-16,0,97.569,1176.8,FLYING
13.117,-5.2566e-16,0,5.5016,2.7993e-17,0,0.00028698,0.00028698,0,2.9519e-16,0,97.568,1176.8,FLYING
13.12,-5.2559e-16,0,5.5016,2.8119e-17,0,0.00028664,0.00028664,0,3.0046e-16,0,97.568,1176.8,FLYING
13.122,-5.2552e-16,0,5.5016,2.8247e-17,0,0.0002863,0.0002863,0,3.0539e-16,0,97.567,1176.8,FLYING
13.125,-5.2545e-16,0,5.5016,2.8378e-17,0,0.00028596,0.00028596,0,3.0999e-16,0,97.567,1176.8,FLYING
13.127,-5.2538e-16,0,5.5016,2.8511e-17,0,0.00028562,0.00028562,0,3.1424e-16,0,97.566,1176.8,FLYING
13.13,-5.2531e-16,0,5.5016,2.8645e-17,0,0.00028528,0.00028528,0,3.1815e-16,0,97.566,1176.8,FLYING
13.132,-5.2524e-16,0,5.5016,2.8781e-17,0,0.00028494,0.00028494,0,3.2155e-16,0,97.565,1176.8,FLYING
13.135,-5.2517e-16,0,5.5016,2.8919e-17,0,0.00028461,0.00028461,0,3.2444e-16,0,97.565,1176.8,FLYING
13.137,-5.2509e-16,0,5.5016,2.9058e-17,0,0.00028427,0.00028427,0,3.2716e-16,0,97.564,1176.8,FLYING
13.14,-5.2502e-16,0,5.5016,2.9198e-17,0,0.00028393,0.00028393,0,3.2954e-16,0,97.564,1176.8,FLYING
13.142,-5.2495e-16,0,5.5016,2.9339e-17,0,0.0002836,0.0002836,0,3.3158e-16,0,97.563,1176.8,FLYING
13.145,-5.2487e-16,0,5.5016,2.9481e-17,0,0.00028326,0.00028326,0,3.3311e-16,0,97.563,1176.8,FLYING
13.147,-5.248e-16,0,5.5016,2.9623e-17,0,0.00028293,0.00028293,0,3.3413e-16,0,97.563,1176.8,FLYING
13.15,-5.2472e-16,0,5.5016,2.9766e-17,0,0.00028259,0.00028259,0,3.3464e-16,0,97.562,1176.8,FLYING
13.152,-5.2465e-16,0,5.5016,2.9909e-17,0,0.00028226,0.00028226,0,3.3499e-16,0,97.562,1176.8,FLYING
13.155,-5.2457e-16,0,5.5016,3.0053e-17,0,0.00028192,0.00028192,0,3.3499e-16,0,97.561,1176.8,FLYING
13.157,-5.245e-16,0,5.5016,3.0196e-17,0,0.00028159,0.00028159,0,3.3466e-16,0,97.561,1176.8,FLYING
13.16,-5.2442e-16,0,5.5016,3.0339e-17,0,0.00028126,0.00028126,0,3.3398e-16,0,97.56,1176.8,FLYING
13.162,-5.2435e-16,0,5.5016,3.0482e-17,0,0.00028092,0.00028092,0,3.3314e-16,0,97.56,1176.8,FLYING
13.165,-5.2427e-16,0,5.5016,3.0625e-17,0,0.00028059,0.00028059,0,3.3195e-16,0,97.559,1176.8,FLYING
13.167,-5.2419e-16,0,5.5016,3.0767e-17,0,0.00028026,0.00028026,0,3.3043e-16,0,97.559,1176.8,FLYING
13.17,-5.2412e-16,0,5.5016,3.0908e-17,0,0.00027993,0.00027993,0,3.284e-16,0,97.558,1176.8,FLYING
13.172,-5.2404e-16,0,5.5016,3.1049e-17,0,0.0002796,0.0002796,0,3.2586e-16,0,97.558,1176.8,FLYING
13.175,-5.2396e-16,0,5.5016,3.1188e-17,0,0.00027927,0.00027927,0,3.2298e-16,0,97.558,1176.8,FLYING
13.177,-5.2388e-16,0,5.5016,3.1326e-17,0,0.00027894,0.00027894,0,3.1994e-16,0,97.557,1176.8,FLYING
13.18,-5.238e-16,0,5.5016,3.1463e-17,0,0.00027861,0.00027861,0,3.1672e-16,0,97.557,1176.8,FLYING
13.182,-5.2372e-16,0,5.5016,3.1599e-17,0,0.00027828,0.00027828,0,3.1317e-16,0,97.556,1176.8,FLYING
13.185,-5.2364e-16,0,5.5016,3.1733e-17,0,0.00027795,0.00027795,0,3.0927e-16,0,97.556,1176.8,FLYING
13.187,-5.2357e-16,0,5.5016,3.1865e-17,0,0.00027762,0.00027762,0,3.0521e-16,0,97.555,1176.8,FLYING
13.19,-5.2349e-16,0,5.5016,3.1996e-17,0,0.00027729,0.00027729,0,3.0064e-16,0,97.555,1176.8,FLYING
13.192,-5.234e-16,0,5.5016,3.2124e-17,0,0.00027696,0.00027696,0,2.9625e-16,0,97.554,1176.8,FLYING
13.195,-5.2332e-16,0,5.5016,3.2251e-17,0,0.00027663,0.00027663,0,2.9185e-16,0,97.554,1176.8,FLYING
13.197,-5.2324e-16,0,5.5016,3.2376e-17,0,0.00027631,0.00027631,0,2.8728e-16,0,97.553,1176.8,FLYING
13.2,-5.2316e-16,0,5.5016,3.2499e-17,0,0.00027598,0.00027598,0,2.8255e-16,0,97.553,1176.8,FLYING
13.202,-5.2308e-16,0,5.5016,3.262e-17,0,0.00027565,0.00027565,0,2.7782e-16,0,97.553,1176.8,FLYING
13.205,-5.23e-16,0,5.5016,3.2739e-17,0,0.00027533,0.00027533,0,2.7309e-16,0,97.552,1176.8,FLYING
13.207,-5.2292e-16,0,5.5016,3.2855e-17,0,0.000275,0.000275,0,2.6819e-16,0,97.552,1176.8,FLYING
13.21,-5.2283e-16,0,5.5016,3.297e-17,0,0.00027468,0.00027468,0,2.6329e-16,0,97.551,1176.8,FLYING
13.212,-5.2275e-16,0,5.5016,3.3083e-17,0,0.00027435,0.00027435,0,2.5822e-16,0,97.551,1176.8,FLYING
13.215,-5.2267e-16,0,5.5016,3.3193e-17,0,0.00027403,0.00027403,0,2.5315e-16,0,97.55,1176.8,FLYING
13.217,-5.2259e-16,0,5.5016,3.3302e-17,0,0.0002737,0.0002737,0,2.4809e-16,0,97.55,1176.8,FLYING
13.22,-5.225e-16,0,5.5016,3.3408e-17,0,0.00027338,0.00027338,0,2.4286e-16,0,97.549,1176.8,FLYING
13.222,-5.2242e-16,0,5.5016,3.3512e-17,0,0.00027306,0.00027306,0,2.3745e-16,0,97.549,1176.8,FLYING
13.225,-5.2233e-16,0,5.5016,3.3613e-17,0,0.00027273,0.00027273,0,2.3188e-16,0,97.548,1176.8,FLYING
13.227,-5.2225e-16,0,5.5016,3.3713e-17,0,0.00027241,0.00027241,0,2.2615e-16,0,97.548,1176.8,FLYING
13.23,-5.2217e-16,0,5.5016,3.3809e-17,0,0.00027209,0.00027209,0,2.2041e-16,0,97.548,1176.8,FLYING
13.232,-5.2208e-16,0,5.5016,3.3904e-17,0,0.00027177,0.00027177,0,2.145e-16,0,97.547,1176.8,FLYING
13.235,-5.22e-16,0,5.5016,3.3995e-17,0,0.00027144,0.00027144,0,2.0843e-16,0,97.547,1176.8,FLYING
13.237,-5.2191e-16,0,5.5016,3.4085e-17,0,0.00027112,0.00027112,0,2.0236e-16,0,97.546,1176.8,FLYING
13.24,-5.2182e-16,0,5.5016,3.4171e-17,0,0.0002708,0.0002708,0,1.9629e-16,0,97.546,1176.8,FLYING
13.242,-5.2174e-16,0,5.5016,3.4255e-17,0,0.00027048,0.00027048,0,1.9022e-16,0,97.545,1176.8,FLYING
13.245,-5.2165e-16,0,5.5016,3.4337e-17,0,0.00027016,0.00027016,0,1.8399e-16,0,97.545,1176.8,FLYING
13.247,-5.2157e-16,0,5.5016,3.4415e-17,0,0.00026984,0.00026984,0,1.7775e-16,0,97.544,1176.8,FLYING
13.25,-5.2148e-16,0,5.5016,3.4491e-17,0,0.00026952,0.00026952,0,1.7135e-16,0,97.544,1176.8,FLYING
13.252,-5.2139e-16,0,5.5016,3.4565e-17,0,0.0002692,0.0002692,0,1.6495e-16,0,97.543,1176.8,FLYING
13.255,-5.2131e-16,0,5.5016,3.4635e-17,0,0.00026889,0.00026889,0,1.5855e-16,0,97.543,1176.8,FLYING
13.257,-5.2122e-16,0,5.5016,3.4703e-17,0,0.00026857,0.00026857,0,1.5198e-16,0,97.543,1176.8,FLYING
13.26,-5.2113e-16,0,5.5016,3.4768e-17,0,0.00026825,0.00026825,0,1.4558e-16,0,97.542,1176.8,FLYING
13.262,-5.2105e-16,0,5.5016,3.483e-17,0,0.00026793,0.00026793,0,1.3936e-16,0,97.542,1176.8,FLYING
13.265,-5.2096e-16,0,5.5016,3.489e-17,0,0.00026762,0.00026762,0,1.3296e-16,0,97.541,1176.8,FLYING
13.267,-5.2087e-16,0,5.5016,3.4947e-17,0,0.0002673,0.0002673,0,1.264e-16,0,97.541,1176.8,FLYING
13.27,-5.2079e-16,0,5.5016,3.5001e-17,0,0.00026698,0.00026698,0,1.1967e-16,0,97.54,1176.8,FLYING
13.272,-5.207e-16,0,5.5016,3.5052e-17,0,0.00026667,0.00026667,0,1.1278e-16,0,97.54,1176.8,FLYING
13.275,-5.2061e-16,0,5.5016,3.51e-17,0,0.00026635,0.00026635,0,1.0571e-16,0,97.539,1176.8,FLYING
13.277,-5.2052e-16,0,5.5016,3.5146e-17,0,0.00026604,0.00026604,0,9.8648e-17,0,97.539,1176.8,FLYING
13.28,-5.2043e-16,0,5.5016,3.5188e-17,0,0.00026572,0.00026572,0,9.1416e-17,0,97.538,1176.8,FLYING
13.282,-5.2035e-16,0,5.5016,3.5227e-17,0,0.00026541,0.00026541,0,8.4017e-17,0,97.538,1176.8,FLYING
13.285,-5.2026e-16,0,5.5016,3.5263e-17,0,0.00026509,0.00026509,0,7.662e-17,0,97.537,1176.8,FLYING
13.287,-5.2017e-16,0,5.5016,3.5296e-17,0,0.00026478,0.00026478,0,6.9394e-17,0,97.537,1176.8,FLYING
13.29,-5.2008e-16,0,5.5016,3.5325e-17,0,0.00026447,0.00026447,0,6.217e-17,0,97.537,1176.8,FLYING
13.292,-5.1999e-16,0,5.5016,3.5352e-17,0,0.00026415,0.00026415,0,5.4948e-17,0,97.536,1176.8,FLYING
13.295,-5.199e-16,0,5.5016,3.5376e-17,0,0.00026384,0.00026384,0,4.7558e-17,0,97.536,1176.8,FLYING
13.297,-5.1982e-16,0,5.5016,3.5396e-17,0,0.00026353,0.00026353,0,4.0339e-17,0,97.535,1176.8,FLYING
13.3,-5.1973e-16,0,5.5016,3.5413e-17,0,0.00026322,0.00026322,0,3.2953e-17,0,97.535,1176.8,FLYING
13.302,-5.1964e-16,0,5.5016,3.5427e-17,0,0.0002629,0.0002629,0,2.5568e-17,0,97.534,1176.8,FLYING
13.305,-5.1955e-16,0,5.5016,3.5438e-17,0,0.00026259,0.00026259,0,1.8525e-17,0,97.534,1176.8,FLYING
13.307,-5.1946e-16,0,5.5016,3.5446e-17,0,0.00026228,0.00026228,0,1.1822e-17,0,97.533,1176.8,FLYING
13.31,-5.1937e-16,0,5.5016,3.5451e-17,0,0.00026197,0.00026197,0,5.2913e-18,0,97.533,1176.8,FLYING
13.312,-5.1928e-16,0,5.5016,3.5453e-17,0,0.00026166,0.00026166,0,-1.0685e-18,0,97.532,1176.8,FLYING
13.315,-5.192e-16,0,5.5016,3.5453e-17,0,0.00026135,0.00026135,0,-7.2572e-18,0,97.532,1176.8,FLYING
13.317,-5.1911e-16,0,5.5016,3.545e-17,0,0.00026104,0.00026104,0,-1.3105e-17,0,97.532,1176.8,FLYING
13.32,-5.1902e-16,0,5.5016,3.5444e-17,0,0.00026074,0.00026074,0,-1.8612e-17,0,97.531,1176.8,FLYING
13.322,-5.1893e-16,0,5.5016,3.5436e-17,0,0.00026043,0.00026043,0,-2.3948e-17,0,97.531,1176.8,FLYING
13.325,-5.1884e-16,0,5.5016,3.5426e-17,0,0.00026012,0.00026012,0,-2.9113e-17,0,97.53,1176.8,FLYING
13.327,-5.1875e-16,0,5.5016,3.5414e-17,0,0.00025981,0.00025981,0,-3.4107e-17,0,97.53,1176.8,FLYING
13.33,-5.1866e-16,0,5.5016,3.5399e-17,0,0.0002595,0.0002595,0,-3.8761e-17,0,97.529,1176.8,FLYING
13.332,-5.1858e-16,0,5.5016,3.5382e-17,0,0.0002592,0.0002592,0,-4.3074e-17,0,97.529,1176.8,FLYING
13.335,-5.1849e-16,0,5.5016,3.5364e-17,0,0.00025889,0.00025889,0,-4.6878e-17,0,97.528,1176.8,FLYING
13.337,-5.184e-16,0,5.5016,3.5344e-17,0,0.00025858,0.00025858,0,-5.0171e-17,0,97.528,1176.8,FLYING
13.34,-5.1831e-16,0,5.5016,3.5322e-17,0,0.00025828,0.00025828,0,-5.3633e-17,0,97.527,1176.8,FLYING
13.342,-5.1822e-16,0,5.5016,3.53e-17,0,0.00025797,0.00025797,0,-5.7264e-17,0,97.527,1176.8,FLYING
13.345,-5.1813e-16,0,5.5016,3.5275e-17,0,0.00025767,0.00025767,0,-6.1064e-17,0,97.527,1176.8,FLYING
13.347,-5.1805e-16,0,5.5016,3.5249e-17,0,0.00025736,0.00025736,0,-6.4693e-17,0,97.526,1176.8,FLYING
13.35,-5.1796e-16,0,5.5016,3.5221e-17,0,0.00025706,0.00025706,0,-6.8322e-17,0,97.526,1176.8,FLYING
13.352,-5.1787e-16,0,5.5016,3.5192e-17,0,0.00025675,0.00025675,0,-7.1949e-17,0,97.525,1176.8,FLYING
13.355,-5.1778e-16,0,5.5016,3.5161e-17,0,0.00025645,0.00025645,0,-7.5406e-17,0,97.525,1176.8,FLYING
13.357,-5.1769e-16,0,5.5016,3.5129e-17,0,0.00025615,0.00025615,0,-7.8692e-17,0,97.524,1176.8,FLYING
13.36,-5.1761e-16,0,5.5016,3.5095e-17,0,0.00025584,0.00025584,0,-8.1808e-17,0,97.524,1176.8,FLYING
13.362,-5.1752e-16,0,5.5016,3.506e-17,0,0.00025554,0.00025554,0,-8.4414e-17,0,97.523,1176.8,FLYING
13.365,-5.1743e-16,0,5.5016,3.5024e-17,0,0.00025524,0.00025524,0,-8.6681e-17,0,97.523,1176.8,FLYING
13.367,-5.1734e-16,0,5.5016,3.4987e-17,0,0.00025494,0.00025494,0,-8.8607e-17,0,97.522,1176.8,FLYING
13.37,-5.1726e-16,0,5.5016,3.4949e-17,0,0.00025463,0.00025463,0,-9.0363e-17,0,97.522,1176.8,FLYING
13.372,-5.1717e-16,0,5.5016,3.491e-17,0,0.00025433,0.00025433,0,-9.178e-17,0,97.522,1176.8,FLYING
13.375,-5.1708e-16,0,5.5016,3.4871e-17,0,0.00025403,0.00025403,0,-9.3027e-17,0,97.521,1176.8,FLYING
13.377,-5.17e-16,0,5.5016,3.4831e-17,0,0.00025373,0.00025373,0,-9.3934e-17,0,97.521,1176.8,FLYING
13.38,-5.1691e-16,0,5.5016,3.4791e-17,0,0.00025343,0.00025343,0,-9.4671e-17,0,97.52,1176.8,FLYING
13.382,-5.1682e-16,0,5.5016,3.4751e-17,0,0.00025313,0.00025313,0,-9.5239e-17,0,97.52,1176.8,FLYING
13.385,-5.1673e-16,0,5.5016,3.471e-17,0,0.00025283,0.00025283,0,-9.5467e-17,0,97.519,1176.8,FLYING
13.387,-5.1665e-16,0,5.5016,3.4669e-17,0,0.00025253,0.00025253,0,-9.5525e-17,0,97.519,1176.8,FLYING
13.39,-5.1656e-16,0,5.5016,3.4628e-17,0,0.00025223,0.00025223,0,-9.5414e-17,0,97.518,1176.8,FLYING
13.392,-5.1647e-16,0,5.5016,3.4587e-17,0,0.00025194,0.00025194,0,-9.5302e-17,0,97.518,1176.8,FLYING
13.395,-5.1639e-16,0,5.5016,3.4547e-17,0,0.00025164,0.00025164,0,-9.5191e-17,0,97.517,1176.8,FLYING
13.397,-5.163e-16,0,5.5016,3.4506e-17,0,0.00025134,0.00025134,0,-9.508e-17,0,97.517,1176.8,FLYING
13.4,-5.1622e-16,0,5.5017,3.4465e-17,0,0.00025104,0.00025104,0,-9.4969e-17,0,97.516,1176.8,FLYING
13.402,-5.1613e-16,0,5.5017,3.4425e-17,0,0.00025075,0.00025075,0,-9.5027e-17,0,97.516,1176.8,FLYING
13.405,-5.1604e-16,0,5.5017,3.4384e-17,0,0.00025045,0.00025045,0,-9.5086e-17,0,97.516,1176.8,FLYING
13.407,-5.1596e-16,0,5.5017,3.4343e-17,0,0.00025015,0.00025015,0,-9.5144e-17,0,97.515,1176.8,FLYING
13.41,-5.1587e-16,0,5.5017,3.4303e-17,0,0.00024986,0.00024986,0,-9.5372e-17,0,97.515,1176.8,FLYING
13.412,-5.1579e-16,0,5.5017,3.4262e-17,0,0.00024956,0.00024956,0,-9.56e-17,0,97.514,1176.8,FLYING
13.415,-5.157e-16,0,5.5017,3.4221e-17,0,0.00024927,0.00024927,0,-9.5828e-17,0,97.514,1176.8,FLYING
13.417,-5.1562e-16,0,5.5017,3.418e-17,0,0.00024897,0.00024897,0,-9.5886e-17,0,97.513,1176.8,FLYING
13.42,-5.1553e-16,0,5.5017,3.4139e-17,0,0.00024868,0.00024868,0,-9.5775e-17,0,97.513,1176.8,FLYING
13.422,-5.1544e-16,0,5.5017,3.4098e-17,0,0.00024838,0.00024838,0,-9.5664e-17,0,97.512,1176.8,FLYING
13.425,-5.1536e-16,0,5.5017,3.4057e-17,0,0.00024809,0.00024809,0,-9.5552e-17,0,97.512,1176.8,FLYING
13.427,-5.1527e-16,0,5.5017,3.4016e-17,0,0.00024779,0.00024779,0,-9.5441e-17,0,97.511,1176.8,FLYING
13.43,-5.1519e-16,0,5.5017,3.3975e-17,0,0.0002475,0.0002475,0,-9.533e-17,0,97.511,1176.8,FLYING
13.432,-5.1511e-16,0,5.5017,3.3934e-17,0,0.00024721,0.00024721,0,-9.5388e-17,0,97.511,1176.8,FLYING
13.435,-5.1502e-16,0,5.5017,3.3894e-17,0,0.00024692,0.00024692,0,-9.5277e-17,0,97.51,1176.8,FLYING
13.437,-5.1494e-16,0,5.5017,3.3853e-17,0,0.00024662,0.00024662,0,-9.5166e-17,0,97.51,1176.8,FLYING
13.44,-5.1485e-16,0,5.5017,3.3812e-17,0,0.00024633,0.00024633,0,-9.5224e-17,0,97.509,1176.8,FLYING
13.442,-5.1477e-16,0,5.5017,3.3771e-17,0,0.00024604,0.00024604,0,-9.5452e-17,0,97.509,1176.8,FLYING
13.445,-5.1468e-16,0,5.5017,3.373e-17,0,0.00024575,0.00024575,0,-9.5511e-17,0,97.508,1176.8,FLYING
13.447,-5.146e-16,0,5.5017,3.369e-17,0,0.00024546,0.00024546,0,-9.5739e-17,0,97.508,1176.8,FLYING
13.45,-5.1451e-16,0,5.5017,3.3649e-17,0,0.00024517,0.00024517,0,-9.5966e-17,0,97.507,1176.8,FLYING
13.452,-5.1443e-16,0,5.5017,3.3608e-17,0,0.00024488,0.00024488,0,-9.6364e-17,0,97.507,1176.8,FLYING
13.455,-5.1435e-16,0,5.5017,3.3566e-17,0,0.00024459,0.00024459,0,-9.6931e-17,0,97.506,1176.8,FLYING
13.457,-5.1426e-16,0,5.5017,3.3525e-17,0,0.0002443,0.0002443,0,-9.7498e-17,0,97.506,1176.8,FLYING
13.46,-5.1418e-16,0,5.5017,3.3483e-17,0,0.00024401,0.00024401,0,-9.7895e-17,0,97.506,1176.8,FLYING
13.462,-5.1409e-16,0,5.5017,3.3441e-17,0,0.00024372,0.00024372,0,-9.8292e-17,0,97.505,1176.8,FLYING
13.465,-5.1401e-16,0,5.5017,3.3399e-17,0,0.00024343,0.00024343,0,-9.8689e-17,0,97.505,1176.8,FLYING
13.467,-5.1393e-16,0,5.5017,3.3357e-17,0,0.00024315,0.00024315,0,-9.9086e-17,0,97.504,1176.8,FLYING
13.47,-5.1384e-16,0,5.5017,3.3315e-17,0,0.00024286,0.00024286,0,-9.9313e-17,0,97.504,1176.8,FLYING
13.472,-5.1376e-16,0,5.5017,3.3272e-17,0,0.00024257,0.00024257,0,-9.937e-17,0,97.503,1176.8,FLYING
13.475,-5.1368e-16,0,5.5017,3.323e-17,0,0.00024228,0.00024228,0,-9.9428e-17,0,97.503,1176.8,FLYING
13.477,-5.136e-16,0,5.5017,3.3187e-17,0,0.000242,0.000242,0,-9.9655e-17,0,97.502,1176.8,FLYING
13.48,-5.1351e-16,0,5.5017,3.3144e-17,0,0.00024171,0.00024171,0,-9.9712e-17,0,97.502,1176.8,FLYING
13.482,-5.1343e-16,0,5.5017,3.3102e-17,0,0.00024142,0.00024142,0,-9.9769e-17,0,97.501,1176.8,FLYING
13.485,-5.1335e-16,0,5.5017,3.3059e-17,0,0.00024114,0.00024114,0,-9.9996e-17,0,97.501,1176.8,FLYING
13.487,-5.1326e-16,0,5.5017,3.3016e-17,0,0.00024085,0.00024085,0,-1.0005e-16,0,97.501,1176.8,FLYING
13.49,-5.1318e-16,0,5.5017,3.2973e-17,0,0.00024057,0.00024057,0,-1.0011e-16,0,97.5,1176.8,FLYING
13.492,-5.131e-16,0,5.5017,3.2931e-17,0,0.00024028,0.00024028,0,-1.0034e-16,0,97.5,1176.8,FLYING
13.495,-5.1302e-16,0,5.5017,3.2888e-17,0,0.00024,0.00024,0,-1.0056e-16,0,97.499,1176.8,FLYING
13.497,-5.1294e-16,0,5.5017,3.2845e-17,0,0.00023972,0.00023972,0,-1.0079e-16,0,97.499,1176.8,FLYING
13.5,-5.1285e-16,0,5.5017,3.2801e-17,0,0.00023943,0.00023943,0,-1.0085e-16,0,97.498,1176.8,FLYING
13.502,-5.1277e-16,0,5.5017,3.2758e-17,0,0.00023915,0.00023915,0,-1.0074e-16,0,97.498,1176.8,FLYING
13.505,-5.1269e-16,0,5.5017,3.2715e-17,0,0.00023887,0.00023887,0,-1.0062e-16,0,97.497,1176.8,FLYING
13.507,-5.1261e-16,0,5.5017,3.2672e-17,0,0.00023858,0.00023858,0,-1.0034e-16,0,97.497,1176.8,FLYING
13.51,-5.1253e-16,0,5.5017,3.2629e-17,0,0.0002383,0.0002383,0,-1.0006e-16,0,97.496,1176.8,FLYING
13.512,-5.1245e-16,0,5.5017,3.2586e-17,0,0.00023802,0.00023802,0,-9.9607e-17,0,97.496,1176.8,FLYING
13.515,-5.1236e-16,0,5.5017,3.2544e-17,0,0.00023774,0.00023774,0,-9.8985e-17,0,97.496,1176.8,FLYING
13.517,-5.1228e-16,0,5.5017,3.2501e-17,0,0.00023746,0.00023746,0,-9.8195e-17,0,97.495,1176.8,FLYING
13.52,-5.122e-16,0,5.5017,3.2459e-17,0,0.00023718,0.00023718,0,-9.7065e-17,0,97.495,1176.8,FLYING
13.522,-5.1212e-16,0,5.5017,3.2418e-17,0,0.00023689,0.00023689,0,-9.5596e-17,0,97.494,1176.8,FLYING
13.525,-5.1204e-16,0,5.5017,3.2377e-17,0,0.00023661,0.00023661,0,-9.3619e-17,0,97.494,1176.8,FLYING
13.527,-5.1196e-16,0,5.5017,3.2337e-17,0,0.00023633,0.00023633,0,-9.1303e-17,0,97.493,1176.8,FLYING
13.53,-5.1188e-16,0,5.5017,3.2298e-17,0,0.00023605,0.00023605,0,-8.8648e-17,0,97.493,1176.8,FLYING
13.532,-5.118e-16,0,5.5017,3.226e-17,0,0.00023578,0.00023578,0,-8.5825e-17,0,97.492,1176.8,FLYING
13.535,-5.1172e-16,0,5.5017,3.2223e-17,0,0.0002355,0.0002355,0,-8.3002e-17,0,97.492,1176.8,FLYING
13.537,-5.1164e-16,0,5.5017,3.2188e-17,0,0.00023522,0.00023522,0,-8.0179e-17,0,97.491,1176.8,FLYING
13.54,-5.1156e-16,0,5.5017,3.2153e-17,0,0.00023494,0.00023494,0,-7.7358e-17,0,97.491,1176.8,FLYING
13.542,-5.1148e-16,0,5.5017,3.212e-17,0,0.00023466,0.00023466,0,-7.4537e-17,0,97.49,1176.8,FLYING
13.545,-5.114e-16,0,5.5017,3.2088e-17,0,0.00023438,0.00023438,0,-7.1717e-17,0,97.49,1176.8,FLYING
13.547,-5.1132e-16,0,5.5017,3.2058e-17,0,0.00023411,0.00023411,0,-6.8898e-17,0,97.49,1176.8,FLYING
13.55,-5.1124e-16,0,5.5017,3.2028e-17,0,0.00023383,0.00023383,0,-6.6079e-17,0,97.489,1176.8,FLYING
13.552,-5.1116e-16,0,5.5017,3.2e-17,0,0.00023355,0.00023355,0,-6.3261e-17,0,97.489,1176.8,FLYING
13.555,-5.1108e-16,0,5.5017,3.1973e-17,0,0.00023328,0.00023328,0,-6.0444e-17,0,97.488,1176.8,FLYING
13.557,-5.11e-16,0,5.5017,3.1947e-17,0,0.000233,0.000233,0,-5.7627e-17,0,97.488,1176.8,FLYING
13.56,-5.1092e-16,0,5.5017,3.1922e-17,0,0.00023273,0.00023273,0,-5.4981e-17,0,97.487,1176.8,FLYING
13.562,-5.1084e-16,0,5.5017,3.1899e-17,0,0.00023245,0.00023245,0,-5.2335e-17,0,97.487,1176.8,FLYING
13.565,-5.1076e-16,0,5.5017,3.1876e-17,0,0.00023217,0.00023217,0,-4.9521e-17,0,97.486,1176.8,FLYING
13.567,-5.1068e-16,0,5.5017,3.1855e-17,0,0.0002319,0.0002319,0,-4.6707e-17,0,97.486,1176.8,FLYING
13.57,-5.106e-16,0,5.5017,3.1835e-17,0,0.00023163,0.00023163,0,-4.4233e-17,0,97.485,1176.8,FLYING
13.572,-5.1052e-16,0,5.5017,3.1816e-17,0,0.00023135,0.00023135,0,-4.176e-17,0,97.485,1176.8,FLYING
13.575,-5.1044e-16,0,5.5017,3.1798e-17,0,0.00023108,0.00023108,0,-3.9456e-17,0,97.485,1176.8,FLYING
13.577,-5.1036e-16,0,5.5017,3.1782e-17,0,0.0002308,0.0002308,0,-3.7154e-17,0,97.484,1176.8,FLYING
13.58,-5.1028e-16,0,5.5017,3.1766e-17,0,0.00023053,0.00023053,0,-3.5022e-17,0,97.484,1176.8,FLYING
13.582,-5.102e-16,0,5.5017,3.1751e-17,0,0.00023026,0.00023026,0,-3.289e-17,0,97.483,1176.8,FLYING
13.585,-5.1012e-16,0,5.5017,3.1737e-17,0,0.00022999,0.00022999,0,-3.0589e-17,0,97.483,1176.8,FLYING
13.587,-5.1004e-16,0,5.5017,3.1724e-17,0,0.00022971,0.00022971,0,-2.8289e-17,0,97.482,1176.8,FLYING
13.59,-5.0996e-16,0,5.5017,3.1711e-17,0,0.00022944,0.00022944,0,-2.5989e-17,0,97.482,1176.8,FLYING
13.592,-5.0988e-16,0,5.5017,3.17e-17,0,0.00022917,0.00022917,0,-2.369e-17,0,97.481,1176.8,FLYING
13.595,-5.098e-16,0,5.5017,3.169e-17,0,0.0002289,0.0002289,0,-2.1392e-17,0,97.481,1176.8,FLYING
13.597,-5.0972e-16,0,5.5017,3.1681e-17,0,0.00022863,0.00022863,0,-1.9263e-17,0,97.48,1176.8,FLYING
13.6,-5.0964e-16,0,5.5017,3.1673e-17,0,0.00022836,0.00022836,0,-1.6966e-17,0,97.48,1176.8,FLYING
13.602,-5.0957e-16,0,5.5017,3.1665e-17,0,0.00022809,0.00022809,0,-1.4839e-17,0,97.48,1176.8,FLYING
13.605,-5.0949e-16,0,5.5017,3.1659e-17,0,0.00022782,0.00022782,0,-1.2712e-17,0,97.479,1176.8,FLYING
13.607,-5.0941e-16,0,5.5017,3.1654e-17,0,0.00022755,0.00022755,0,-1.0586e-17,0,97.479,1176.8,FLYING
13.61,-5.0933e-16,0,5.5017,3.1649e-17,0,0.00022728,0.00022728,0,-8.63e-18,0,97.478,1176.8,FLYING
13.612,-5.0925e-16,0,5.5017,3.1645e-17,0,0.00022701,0.00022701,0,-6.8441e-18,0,97.478,1176.8,FLYING
13.615,-5.0917e-16,0,5.5017,3.1643e-17,0,0.00022674,0.00022674,0,-5.0587e-18,0,97.477,1176.8,FLYING
13.617,-5.0909e-16,0,5.5017,3.164e-17,0,0.00022647,0.00022647,0,-3.2737e-18,0,97.477,1176.8,FLYING
13.62,-5.0901e-16,0,5.5017,3.1639e-17,0,0.00022621,0.00022621,0,-1.3196e-18,0,97.476,1176.8,FLYING
13.622,-5.0893e-16,0,5.5017,3.1638e-17,0,0.00022594,0.00022594,0,4.6444e-19,0,97.476,1176.8,FLYING
13.625,-5.0885e-16,0,5.5017,3.1639e-17,0,0.00022567,0.00022567,0,2.248e-18,0,97.475,1176.8,FLYING
13.627,-5.0877e-16,0,5.5017,3.164e-17,0,0.0002254,0.0002254,0,4.2008e-18,0,97.475,1176.8,FLYING
13.63,-5.087e-16,0,5.5017,3.1641e-17,0,0.00022514,0.00022514,0,5.9835e-18,0,97.475,1176.8,FLYING
13.632,-5.0862e-16,0,5.5017,3.1644e-17,0,0.00022487,0.00022487,0,7.596e-18,0,97.474,1176.8,FLYING
13.635,-5.0854e-16,0,5.5017,3.1647e-17,0,0.00022461,0.00022461,0,9.2082e-18,0,97.474,1176.8,FLYING
13.637,-5.0846e-16,0,5.5017,3.1651e-17,0,0.00022434,0.00022434,0,1.082e-17,0,97.473,1176.8,FLYING
13.64,-5.0838e-16,0,5.5017,3.1656e-17,0,0.00022407,0.00022407,0,1.2431e-17,0,97.473,1176.8,FLYING
13.642,-5.083e-16,0,5.5017,3.1661e-17,0,0.00022381,0.00022381,0,1.4042e-17,0,97.472,1176.8,FLYING
13.645,-5.0822e-16,0,5.5017,3.1667e-17,0,0.00022354,0.00022354,0,1.5823e-17,0,97.472,1176.8,FLYING
13.647,-5.0814e-16,0,5.5017,3.1674e-17,0,0.00022328,0.00022328,0,1.7602e-17,0,97.471,1176.8,FLYING
13.65,-5.0806e-16,0,5.5017,3.1681e-17,0,0.00022302,0.00022302,0,1.9551e-17,0,97.471,1176.8,FLYING
13.652,-5.0798e-16,0,5.5017,3.169e-17,0,0.00022275,0.00022275,0,2.15e-17,0,97.47,1176.8,FLYING
13.655,-5.079e-16,0,5.5017,3.1699e-17,0,0.00022249,0.00022249,0,2.3108e-17,0,97.47,1176.8,FLYING
13.657,-5.0782e-16,0,5.5017,3.1709e-17,0,0.00022222,0.00022222,0,2.4377e-17,0,97.469,1176.8,FLYING
13.66,-5.0775e-16,0,5.5017,3.1719e-17,0,0.00022196,0.00022196,0,2.5307e-17,0,97.469,1176.8,FLYING
13.662,-5.0767e-16,0,5.5017,3.173e-17,0,0.0002217,0.0002217,0,2.5897e-17,0,97.469,1176.8,FLYING
13.665,-5.0759e-16,0,5.5017,3.1741e-17,0,0.00022144,0.00022144,0,2.5978e-17,0,97.468,1176.8,FLYING
13.667,-5.0751e-16,0,5.5017,3.1752e-17,0,0.00022117,0.00022117,0,2.5719e-17,0,97.468,1176.8,FLYING
13.67,-5.0743e-16,0,5.5017,3.1763e-17,0,0.00022091,0.00022091,0,2.5122e-17,0,97.467,1176.8,FLYING
13.672,-5.0735e-16,0,5.5017,3.1774e-17,0,0.00022065,0.00022065,0,2.4185e-17,0,97.467,1176.8,FLYING
13.675,-5.0727e-16,0,5.5017,3.1784e-17,0,0.00022039,0.00022039,0,2.291e-17,0,97.466,1176.8,FLYING
13.677,-5.0719e-16,0,5.5017,3.1794e-17,0,0.00022013,0.00022013,0,2.1465e-17,0,97.466,1176.8,FLYING
13.68,-5.0711e-16,0,5.5017,3.1803e-17,0,0.00021987,0.00021987,0,1.9511e-17,0,97.465,1176.8,FLYING
13.682,-5.0703e-16,0,5.5017,3.1812e-17,0,0.00021961,0.00021961,0,1.7049e-17,0,97.465,1176.8,FLYING
13.685,-5.0695e-16,0,5.5017,3.1819e-17,0,0.00021935,0.00021935,0,1.4418e-17,0,97.464,1176.8,FLYING
13.687,-5.0687e-16,0,5.5017,3.1825e-17,0,0.00021909,0.00021909,0,1.1618e-17,0,97.464,1176.8,FLYING
13.69,-5.0679e-16,0,5.5017,3.183e-17,0,0.00021883,0.00021883,0,8.3102e-18,0,97.464,1176.8,FLYING
13.692,-5.0671e-16,0,5.5017,3.1834e-17,0,0.00021857,0.00021857,0,4.4941e-18,0,97.463,1176.8,FLYING
13.695,-5.0663e-16,0,5.5017,3.1836e-17,0,0.00021831,0.00021831,0,5.0928e-19,0,97.463,1176.8,FLYING
13.697,-5.0655e-16,0,5.5017,3.1836e-17,0,0.00021806,0.00021806,0,-3.4746e-18,0,97.462,1176.8,FLYING
13.7,-5.0647e-16,0,5.5017,3.1834e-17,0,0.0002178,0.0002178,0,-7.4574e-18,0,97.462,1176.8,FLYING
13.702,-5.0639e-16,0,5.5017,3.1831e-17,0,0.00021754,0.00021754,0,-1.1609e-17,0,97.461,1176.8,FLYING
13.705,-5.0631e-16,0,5.5017,3.1826e-17,0,0.00021728,0.00021728,0,-1.5759e-17,0,97.461,1176.8,FLYING
13.707,-5.0623e-16,0,5.5017,3.1819e-17,0,0.00021702,0.00021702,0,-2.0078e-17,0,97.46,1176.8,FLYING
13.71,-5.0616e-16,0,5.5017,3.1811e-17,0,0.00021677,0.00021677,0,-2.4396e-17,0,97.46,1176.8,FLYING
13.712,-5.0608e-16,0,5.5017,3.18e-17,0,0.00021651,0.00021651,0,-2.8713e-17,0,97.459,1176.8,FLYING
13.715,-5.06e-16,0,5.5017,3.1788e-17,0,0.00021626,0.00021626,0,-3.3199e-17,0,97.459,1176.8,FLYING
13.717,-5.0592e-16,0,5.5017,3.1774e-17,0,0.000216,0.000216,0,-3.7513e-17,0,97.459,1176.8,FLYING
13.72,-5.0584e-16,0,5.5017,3.1758e-17,0,0.00021574,0.00021574,0,-4.1657e-17,0,97.458,1176.8,FLYING
13.722,-5.0576e-16,0,5.5017,3.174e-17,0,0.00021549,0.00021549,0,-4.5461e-17,0,97.458,1176.8,FLYING
13.725,-5.0568e-16,0,5.5017,3.1721e-17,0,0.00021523,0.00021523,0,-4.8924e-17,0,97.457,1176.8,FLYING
13.727,-5.056e-16,0,5.5017,3.17e-17,0,0.00021498,0.00021498,0,-5.2048e-17,0,97.457,1176.8,FLYING
13.73,-5.0552e-16,0,5.5017,3.1677e-17,0,0.00021472,0.00021472,0,-5.4831e-17,0,97.456,1176.8,FLYING
13.732,-5.0544e-16,0,5.5017,3.1654e-17,0,0.00021447,0.00021447,0,-5.7274e-17,0,97.456,1176.8,FLYING
13.735,-5.0536e-16,0,5.5017,3.1629e-17,0,0.00021422,0.00021422,0,-5.9547e-17,0,97.455,1176.8,FLYING
13.737,-5.0528e-16,0,5.5017,3.1604e-17,0,0.00021396,0.00021396,0,-6.148e-17,0,97.455,1176.8,FLYING
13.74,-5.052e-16,0,5.5017,3.1578e-17,0,0.00021371,0.00021371,0,-6.3074e-17,0,97.454,1176.8,FLYING
13.742,-5.0513e-16,0,5.5017,3.1551e-17,0,0.00021346,0.00021346,0,-6.4497e-17,0,97.454,1176.8,FLYING
13.745,-5.0505e-16,0,5.5017,3.1523e-17,0,0.00021321,0.00021321,0,-6.5751e-17,0,97.454,1176.8,FLYING
13.747,-5.0497e-16,0,5.5017,3.1495e-17,0,0.00021295,0.00021295,0,-6.6665e-17,0,97.453,1176.8,FLYING
13.75,-5.0489e-16,0,5.5017,3.1466e-17,0,0.0002127,0.0002127,0,-6.7409e-17,0,97.453,1176.8,FLYING
13.752,-5.0481e-16,0,5.5017,3.1438e-17,0,0.00021245,0.00021245,0,-6.7814e-17,0,97.452,1176.8,FLYING
13.755,-5.0473e-16,0,5.5017,3.1409e-17,0,0.0002122,0.0002122,0,-6.7879e-17,0,97.452,1176.8,FLYING
13.757,-5.0465e-16,0,5.5017,3.138e-17,0,0.00021195,0.00021195,0,-6.7775e-17,0,97.451,1176.8,FLYING
13.76,-5.0457e-16,0,5.5017,3.1351e-17,0,0.0002117,0.0002117,0,-6.7331e-17,0,97.451,1176.8,FLYING
13.762,-5.045e-16,0,5.5017,3.1322e-17,0,0.00021145,0.00021145,0,-6.6548e-17,0,97.45,1176.8,FLYING
13.765,-5.0442e-16,0,5.5017,3.1293e-17,0,0.0002112,0.0002112,0,-6.5596e-17,0,97.45,1176.8,FLYING
13.767,-5.0434e-16,0,5.5017,3.1265e-17,0,0.00021095,0.00021095,0,-6.4305e-17,0,97.449,1176.8,FLYING
13.77,-5.0426e-16,0,5.5017,3.1238e-17,0,0.0002107,0.0002107,0,-6.2844e-17,0,97.449,1176.8,FLYING
13.772,-5.0418e-16,0,5.5017,3.1211e-17,0,0.00021045,0.00021045,0,-6.1214e-17,0,97.449,1176.8,FLYING
13.775,-5.0411e-16,0,5.5017,3.1185e-17,0,0.0002102,0.0002102,0,-5.9246e-17,0,97.448,1176.8,FLYING
13.777,-5.0403e-16,0,5.5017,3.1159e-17,0,0.00020995,0.00020995,0,-5.7108e-17,0,97.448,1176.8,FLYING
13.78,-5.0395e-16,0,5.5017,3.1135e-17,0,0.0002097,0.0002097,0,-5.4462e-17,0,97.447,1176.8,FLYING
13.782,-5.0387e-16,0,5.5017,3.1111e-17,0,0.00020945,0.00020945,0,-5.1477e-17,0,97.447,1176.8,FLYING
13.785,-5.0379e-16,0,5.5017,3.1089e-17,0,0.0002092,0.0002092,0,-4.8154e-17,0,97.446,1176.8,FLYING
13.787,-5.0372e-16,0,5.5017,3.1069e-17,0,0.00020896,0.00020896,0,-4.4492e-17,0,97.446,1176.8,FLYING
13.79,-5.0364e-16,0,5.5017,3.105e-17,0,0.00020871,0.00020871,0,-4.0492e-17,0,97.445,1176.8,FLYING
13.792,-5.0356e-16,0,5.5017,3.1032e-17,0,0.00020846,0.00020846,0,-3.5984e-17,0,97.445,1176.8,FLYING
13.795,-5.0348e-16,0,5.5017,3.1017e-17,0,0.00020822,0.00020822,0,-3.1138e-17,0,97.444,1176.8,FLYING
13.797,-5.0341e-16,0,5.5017,3.1004e-17,0,0.00020797,0.00020797,0,-2.6124e-17,0,97.444,1176.8,FLYING
13.8,-5.0333e-16,0,5.5017,3.0993e-17,0,0.00020772,0.00020772,0,-2.0941e-17,0,97.443,1176.8,FLYING
13.802,-5.0325e-16,0,5.5017,3.0984e-17,0,0.00020748,0.00020748,0,-1.559e-17,0,97.443,1176.8,FLYING
13.805,-5.0317e-16,0,5.5017,3.0977e-17,0,0.00020723,0.00020723,0,-1.007e-17,0,97.443,1176.8,FLYING
13.807,-5.031e-16,0,5.5017,3.0973e-17,0,0.00020699,0.00020699,0,-4.3827e-18,0,97.442,1176.8,FLYING
13.81,-5.0302e-16,0,5.5017,3.0971e-17,0,0.00020674,0.00020674,0,1.6429e-18,0,97.442,1176.8,FLYING
13.812,-5.0294e-16,0,5.5017,3.0971e-17,0,0.0002065,0.0002065,0,7.8365e-18,0,97.441,1176.8,FLYING
13.815,-5.0286e-16,0,5.5017,3.0975e-17,0,0.00020625,0.00020625,0,1.4198e-17,0,97.441,1176.8,FLYING
13.817,-5.0279e-16,0,5.5017,3.0981e-17,0,0.00020601,0.00020601,0,2.0389e-17,0,97.44,1176.8,FLYING
13.82,-5.0271e-16,0,5.5017,3.099e-17,0,0.00020577,0.00020577,0,2.6408e-17,0,97.44,1176.8,FLYING
13.822,-5.0263e-16,0,5.5017,3.1001e-17,0,0.00020552,0.00020552,0,3.2087e-17,0,97.439,1176.8,FLYING
13.825,-5.0255e-16,0,5.5017,3.1015e-17,0,0.00020528,0.00020528,0,3.7255e-17,0,97.439,1176.8,FLYING
13.827,-5.0248e-16,0,5.5017,3.1031e-17,0,0.00020504,0.00020504,0,4.2083e-17,0,97.438,1176.8,FLYING
13.83,-5.024e-16,0,5.5017,3.1049e-17,0,0.00020479,0.00020479,0,4.657e-17,0,97.438,1176.8,FLYING
13.832,-5.0232e-16,0,5.5017,3.1069e-17,0,0.00020455,0.00020455,0,5.0886e-17,0,97.438,1176.8,FLYING
13.835,-5.0224e-16,0,5.5017,3.109e-17,0,0.00020431,0.00020431,0,5.4693e-17,0,97.437,1176.8,FLYING
13.837,-5.0217e-16,0,5.5017,3.1114e-17,0,0.00020407,0.00020407,0,5.8159e-17,0,97.437,1176.8,FLYING
13.84,-5.0209e-16,0,5.5017,3.1139e-17,0,0.00020383,0.00020383,0,6.1116e-17,0,97.436,1176.8,FLYING
13.842,-5.0201e-16,0,5.5018,3.1165e-17,0,0.00020359,0.00020359,0,6.3733e-17,0,97.436,1176.8,FLYING
13.845,-5.0193e-16,0,5.5018,3.1192e-17,0,0.00020334,0.00020334,0,6.6009e-17,0,97.435,1176.8,FLYING
13.847,-5.0185e-16,0,5.5018,3.122e-17,0,0.0002031,0.0002031,0,6.7776e-17,0,97.435,1176.8,FLYING
13.85,-5.0178e-16,0,5.5018,3.1249e-17,0,0.00020286,0.00020286,0,6.9373e-17,0,97.434,1176.8,FLYING
13.852,-5.017e-16,0,5.5018,3.1279e-17,0,0.00020262,0.00020262,0,7.0801e-17,0,97.434,1176.8,FLYING
13.855,-5.0162e-16,0,5.5018,3.1309e-17,0,0.00020238,0.00020238,0,7.2058e-17,0,97.433,1176.8,FLYING
13.857,-5.0154e-16,0,5.5018,3.134e-17,0,0.00020214,0.00020214,0,7.2806e-17,0,97.433,1176.8,FLYING
13.86,-5.0146e-16,0,5.5018,3.1371e-17,0,0.00020191,0.00020191,0,7.3214e-17,0,97.433,1176.8,FLYING
13.862,-5.0138e-16,0,5.5018,3.1403e-17,0,0.00020167,0.00020167,0,7.3453e-17,0,97.432,1176.8,FLYING
13.865,-5.0131e-16,0,5.5018,3.1434e-17,0,0.00020143,0.00020143,0,7.3352e-17,0,97.432,1176.8,FLYING
13.867,-5.0123e-16,0,5.5018,3.1465e-17,0,0.00020119,0.00020119,0,7.2912e-17,0,97.431,1176.8,FLYING
13.87,-5.0115e-16,0,5.5018,3.1497e-17,0,0.00020095,0.00020095,0,7.2133e-17,0,97.431,1176.8,FLYING
13.872,-5.0107e-16,0,5.5018,3.1527e-17,0,0.00020071,0.00020071,0,7.0846e-17,0,97.43,1176.8,FLYING
13.875,-5.0099e-16,0,5.5018,3.1558e-17,0,0.00020048,0.00020048,0,6.9389e-17,0,97.43,1176.8,FLYING
13.877,-5.0091e-16,0,5.5018,3.1587e-17,0,0.00020024,0.00020024,0,6.7423e-17,0,97.429,1176.8,FLYING
13.88,-5.0083e-16,0,5.5018,3.1616e-17,0,0.0002,0.0002,0,6.5289e-17,0,97.429,1176.8,FLYING
13.882,-5.0075e-16,0,5.5018,3.1644e-17,0,0.00019977,0.00019977,0,6.2985e-17,0,97.428,1176.8,FLYING
13.885,-5.0067e-16,0,5.5018,3.1671e-17,0,0.00019953,0.00019953,0,6.0512e-17,0,97.428,1176.8,FLYING
13.887,-5.006e-16,0,5.5018,3.1697e-17,0,0.00019929,0.00019929,0,5.787e-17,0,97.428,1176.8,FLYING
13.89,-5.0052e-16,0,5.5018,3.1722e-17,0,0.00019906,0.00019906,0,5.5399e-17,0,97.427,1176.8,FLYING
13.892,-5.0044e-16,0,5.5018,3.1746e-17,0,0.00019882,0.00019882,0,5.2758e-17,0,97.427,1176.8,FLYING
13.895,-5.0036e-16,0,5.5018,3.1768e-17,0,0.00019859,0.00019859,0,5.0288e-17,0,97.426,1176.8,FLYING
13.897,-5.0028e-16,0,5.5018,3.179e-17,0,0.00019835,0.00019835,0,4.7819e-17,0,97.426,1176.8,FLYING
13.9,-5.002e-16,0,5.5018,3.181e-17,0,0.00019812,0.00019812,0,4.535e-17,0,97.425,1176.8,FLYING
13.902,-5.0012e-16,0,5.5018,3.1829e-17,0,0.00019788,0.00019788,0,4.2881e-17,0,97.425,1176.8,FLYING
13.905,-5.0004e-16,0,5.5018,3.1848e-17,0,0.00019765,0.00019765,0,4.0583e-17,0,97.424,1176.8,FLYING
13.907,-4.9996e-16,0,5.5018,3.1865e-17,0,0.00019741,0.00019741,0,3.8455e-17,0,97.424,1176.8,FLYING
13.91,-4.9988e-16,0,5.5018,3.1882e-17,0,0.00019718,0.00019718,0,3.6497e-17,0,97.423,1176.8,FLYING
13.912,-4.998e-16,0,5.5018,3.1897e-17,0,0.00019695,0.00019695,0,3.471e-17,0,97.423,1176.8,FLYING
13.915,-4.9972e-16,0,5.5018,3.1912e-17,0,0.00019671,0.00019671,0,3.2753e-17,0,97.423,1176.8,FLYING
13.917,-4.9964e-16,0,5.5018,3.1926e-17,0,0.00019648,0.00019648,0,3.0966e-17,0,97.422,1176.8,FLYING
13.92,-4.9956e-16,0,5.5018,3.1939e-17,0,0.00019625,0.00019625,0,2.935e-17,0,97.422,1176.8,FLYING
13.922,-4.9948e-16,0,5.5018,3.1952e-17,0,0.00019602,0.00019602,0,2.7903e-17,0,97.421,1176.8,FLYING
13.925,-4.994e-16,0,5.5018,3.1964e-17,0,0.00019579,0.00019579,0,2.6626e-17,0,97.421,1176.8,FLYING
13.927,-4.9932e-16,0,5.5018,3.1975e-17,0,0.00019555,0.00019555,0,2.552e-17,0,97.42,1176.8,FLYING
13.93,-4.9924e-16,0,5.5018,3.1986e-17,0,0.00019532,0.00019532,0,2.4753e-17,0,97.42,1176.8,FLYING
13.932,-4.9916e-16,0,5.5018,3.1997e-17,0,0.00019509,0.00019509,0,2.4155e-17,0,97.419,1176.8,FLYING
13.935,-4.9908e-16,0,5.5018,3.2007e-17,0,0.00019486,0.00019486,0,2.3897e-17,0,97.419,1176.8,FLYING
13.937,-4.99e-16,0,5.5018,3.2017e-17,0,0.00019463,0.00019463,0,2.3809e-17,0,97.418,1176.8,FLYING
13.94,-4.9892e-16,0,5.5018,3.2028e-17,0,0.0001944,0.0001944,0,2.3891e-17,0,97.418,1176.8,FLYING
13.942,-4.9884e-16,0,5.5018,3.2038e-17,0,0.00019417,0.00019417,0,2.4142e-17,0,97.417,1176.8,FLYING
13.945,-4.9876e-16,0,5.5018,3.2048e-17,0,0.00019394,0.00019394,0,2.4732e-17,0,97.417,1176.8,FLYING
13.947,-4.9868e-16,0,5.5018,3.2059e-17,0,0.00019371,0.00019371,0,2.5661e-17,0,97.417,1176.8,FLYING
13.95,-4.986e-16,0,5.5018,3.207e-17,0,0.00019348,0.00019348,0,2.676e-17,0,97.416,1176.8,FLYING
13.952,-4.9852e-16,0,5.5018,3.2081e-17,0,0.00019325,0.00019325,0,2.8028e-17,0,97.416,1176.8,FLYING
13.955,-4.9844e-16,0,5.5018,3.2093e-17,0,0.00019302,0.00019302,0,2.9635e-17,0,97.415,1176.8,FLYING
13.957,-4.9836e-16,0,5.5018,3.2106e-17,0,0.0001928,0.0001928,0,3.1581e-17,0,97.415,1176.8,FLYING
13.96,-4.9828e-16,0,5.5018,3.2119e-17,0,0.00019257,0.00019257,0,3.4036e-17,0,97.414,1176.8,FLYING
13.962,-4.982e-16,0,5.5018,3.2134e-17,0,0.00019234,0.00019234,0,3.632e-17,0,97.414,1176.8,FLYING
13.965,-4.9812e-16,0,5.5018,3.2149e-17,0,0.00019211,0.00019211,0,3.8434e-17,0,97.413,1176.8,FLYING
13.967,-4.9804e-16,0,5.5018,3.2166e-17,0,0.00019188,0.00019188,0,4.0377e-17,0,97.413,1176.8,FLYING
13.97,-4.9796e-16,0,5.5018,3.2183e-17,0,0.00019166,0.00019166,0,4.2151e-17,0,97.412,1176.8,FLYING
13.972,-4.9788e-16,0,5.5018,3.2201e-17,0,0.00019143,0.00019143,0,4.3754e-17,0,97.412,1176.8,FLYING
13.975,-4.978e-16,0,5.5018,3.222e-17,0,0.0001912,0.0001912,0,4.4849e-17,0,97.412,1176.8,FLYING
13.977,-4.9772e-16,0,5.5018,3.2239e-17,0,0.00019098,0.00019098,0,4.5434e-17,0,97.411,1176.8,FLYING
13.98,-4.9764e-16,0,5.5018,3.2258e-17,0,0.00019075,0.00019075,0,4.5849e-17,0,97.411,1176.8,FLYING
13.982,-4.9755e-16,0,5.5018,3.2278e-17,0,0.00019053,0.00019053,0,4.6264e-17,0,97.41,1176.8,FLYING
13.985,-4.9747e-16,0,5.5018,3.2298e-17,0,0.0001903,0.0001903,0,4.651e-17,0,97.41,1176.8,FLYING
13.987,-4.9739e-16,0,5.5018,3.2318e-17,0,0.00019008,0.00019008,0,4.6586e-17,0,97.409,1176.8,FLYING
13.99,-4.9731e-16,0,5.5018,3.2338e-17,0,0.00018985,0.00018985,0,4.6831e-17,0,97.409,1176.8,FLYING
13.992,-4.9723e-16,0,5.5018,3.2358e-17,0,0.00018963,0.00018963,0,4.7246e-17,0,97.408,1176.8,FLYING
13.995,-4.9715e-16,0,5.5018,3.2378e-17,0,0.0001894,0.0001894,0,4.783e-17,0,97.408,1176.8,FLYING
13.997,-4.9707e-16,0,5.5018,3.2398e-17,0,0.00018918,0.00018918,0,4.8924e-17,0,97.407,1176.8,FLYING
14,-4.9699e-16,0,5.5018,3.2419e-17,0,0.00018895,0.00018895,0,5.0356e-17,0,97.407,1176.8,FLYING
14.002,-4.9691e-16,0,5.5018,3.2441e-17,0,0.00018873,0.00018873,0,5.2127e-17,0,97.407,1176.8,FLYING
14.005,-4.9683e-16,0,5.5018,3.2463e-17,0,0.00018851,0.00018851,0,5.4237e-17,0,97.406,1176.8,FLYING
14.007,-4.9675e-16,0,5.5018,3.2486e-17,0,0.00018828,0.00018828,0,5.6686e-17,0,97.406,1176.8,FLYING
14.01,-4.9666e-16,0,5.5018,3.2511e-17,0,0.00018806,0.00018806,0,5.9643e-17,0,97.405,1176.8,FLYING
14.012,-4.9658e-16,0,5.5018,3.2536e-17,0,0.00018784,0.00018784,0,6.2938e-17,0,97.405,1176.8,FLYING
14.015,-4.965e-16,0,5.5018,3.2563e-17,0,0.00018762,0.00018762,0,6.6572e-17,0,97.404,1176.8,FLYING
14.017,-4.9642e-16,0,5.5018,3.2592e-17,0,0.00018739,0.00018739,0,7.0544e-17,0,97.404,1176.8,FLYING
14.02,-4.9634e-16,0,5.5018,3.2622e-17,0,0.00018717,0.00018717,0,7.4855e-17,0,97.403,1176.8,FLYING
14.022,-4.9626e-16,0,5.5018,3.2654e-17,0,0.00018695,0.00018695,0,7.9673e-17,0,97.403,1176.8,FLYING
14.025,-4.9617e-16,0,5.5018,3.2688e-17,0,0.00018673,0.00018673,0,8.466e-17,0,97.402,1176.8,FLYING
14.027,-4.9609e-16,0,5.5018,3.2724e-17,0,0.00018651,0.00018651,0,8.9815e-17,0,97.402,1176.8,FLYING
14.03,-4.9601e-16,0,5.5018,3.2763e-17,0,0.00018629,0.00018629,0,9.4969e-17,0,97.402,1176.8,FLYING
14.032,-4.9593e-16,0,5.5018,3.2803e-17,0,0.00018607,0.00018607,0,1.0029e-16,0,97.401,1176.8,FLYING
14.035,-4.9585e-16,0,5.5018,3.2846e-17,0,0.00018585,0.00018585,0,1.0561e-16,0,97.401,1176.8,FLYING
14.037,-4.9576e-16,0,5.5018,3.2891e-17,0,0.00018563,0.00018563,0,1.1093e-16,0,97.4,1176.8,FLYING
14.04,-4.9568e-16,0,5.5018,3.2939e-17,0,0.00018541,0.00018541,0,1.1642e-16,0,97.4,1176.8,FLYING
14.042,-4.956e-16,0,5.5018,3.2989e-17,0,0.00018519,0.00018519,0,1.2174e-16,0,97.399,1176.8,FLYING
14.045,-4.9552e-16,0,5.5018,3.3041e-17,0,0.00018497,0.00018497,0,1.2705e-16,0,97.399,1176.8,FLYING
14.047,-4.9543e-16,0,5.5018,3.3095e-17,0,0.00018475,0.00018475,0,1.3254e-16,0,97.398,1176.8,FLYING
14.05,-4.9535e-16,0,5.5018,3.3152e-17,0,0.00018453,0.00018453,0,1.3802e-16,0,97.398,1176.8,FLYING
14.052,-4.9527e-16,0,5.5018,3.3211e-17,0,0.00018431,0.00018431,0,1.4333e-16,0,97.397,1176.8,FLYING
14.055,-4.9519e-16,0,5.5018,3.3272e-17,0,0.0001841,0.0001841,0,1.4864e-16,0,97.397,1176.8,FLYING
14.057,-4.951e-16,0,5.5018,3.3336e-17,0,0.00018388,0.00018388,0,1.5395e-16,0,97.396,1176.8,FLYING
14.06,-4.9502e-16,0,5.5018,3.3402e-17,0,0.00018366,0.00018366,0,1.5926e-16,0,97.396,1176.8,FLYING
14.062,-4.9493e-16,0,5.5018,3.347e-17,0,0.00018344,0.00018344,0,1.6456e-16,0,97.396,1176.8,FLYING
14.065,-4.9485e-16,0,5.5018,3.354e-17,0,0.00018323,0.00018323,0,1.697e-16,0,97.395,1176.8,FLYING
14.067,-4.9477e-16,0,5.5018,3.3613e-17,0,0.00018301,0.00018301,0,1.7483e-16,0,97.395,1176.8,FLYING
14.07,-4.9468e-16,0,5.5018,3.3688e-17,0,0.00018279,0.00018279,0,1.7996e-16,0,97.394,1176.8,FLYING
14.072,-4.946e-16,0,5.5018,3.3765e-17,0,0.00018258,0.00018258,0,1.8526e-16,0,97.394,1176.8,FLYING
14.075,-4.9451e-16,0,5.5018,3.3844e-17,0,0.00018236,0.00018236,0,1.9056e-16,0,97.393,1176.8,FLYING
14.077,-4.9443e-16,0,5.5018,3.3925e-17,0,0.00018215,0.00018215,0,1.9603e-16,0,97.393,1176.8,FLYING
14.08,-4.9434e-16,0,5.5018,3.4009e-17,0,0.00018193,0.00018193,0,2.0133e-16,0,97.392,1176.8,FLYING
14.082,-4.9426e-16,0,5.5018,3.4095e-17,0,0.00018171,0.00018171,0,2.0679e-16,0,97.392,1176.8,FLYING
14.085,-4.9417e-16,0,5.5018,3.4184e-17,0,0.0001815,0.0001815,0,2.1209e-16,0,97.391,1176.8,FLYING
14.087,-4.9409e-16,0,5.5018,3.4275e-17,0,0.00018129,0.00018129,0,2.1738e-16,0,97.391,1176.8,FLYING
14.09,-4.94e-16,0,5.5018,3.4368e-17,0,0.00018107,0.00018107,0,2.2267e-16,0,97.391,1176.8,FLYING
14.092,-4.9392e-16,0,5.5018,3.4463e-17,0,0.00018086,0.00018086,0,2.2813e-16,0,97.39,1176.8,FLYING
14.095,-4.9383e-16,0,5.5018,3.4561e-17,0,0.00018064,0.00018064,0,2.3359e-16,0,97.39,1176.8,FLYING
14.097,-4.9374e-16,0,5.5018,3.4661e-17,0,0.00018043,0.00018043,0,2.3905e-16,0,97.389,1176.8,FLYING
14.1,-4.9366e-16,0,5.5018,3.4763e-17,0,0.00018022,0.00018022,0,2.4399e-16,0,97.389,1176.8,FLYING
14.102,-4.9357e-16,0,5.5018,3.4867e-17,0,0.00018,0.00018,0,2.486e-16,0,97.388,1176.8,FLYING
14.105,-4.9348e-16,0,5.5018,3.4974e-17,0,0.00017979,0.00017979,0,2.5287e-16,0,97.388,1176.8,FLYING
14.107,-4.9339e-16,0,5.5018,3.5082e-17,0,0.00017958,0.00017958,0,2.5696e-16,0,97.387,1176.8,FLYING
14.11,-4.9331e-16,0,5.5018,3.5192e-17,0,0.00017936,0.00017936,0,2.6072e-16,0,97.387,1176.8,FLYING
14.112,-4.9322e-16,0,5.5018,3.5303e-17,0,0.00017915,0.00017915,0,2.6396e-16,0,97.386,1176.8,FLYING
14.115,-4.9313e-16,0,5.5018,3.5416e-17,0,0.00017894,0.00017894,0,2.667e-16,0,97.386,1176.8,FLYING
14.117,-4.9304e-16,0,5.5018,3.553e-17,0,0.00017873,0.00017873,0,2.6892e-16,0,97.386,1176.8,FLYING
14.12,-4.9295e-16,0,5.5018,3.5645e-17,0,0.00017852,0.00017852,0,2.7098e-16,0,97.385,1176.8,FLYING
14.122,-4.9286e-16,0,5.5018,3.5761e-17,0,0.00017831,0.00017831,0,2.7287e-16,0,97.385,1176.8,FLYING
14.125,-4.9277e-16,0,5.5018,3.5878e-17,0,0.00017809,0.00017809,0,2.7458e-16,0,97.384,1176.8,FLYING
14.127,-4.9268e-16,0,5.5018,3.5996e-17,0,0.00017788,0.00017788,0,2.7579e-16,0,97.384,1176.8,FLYING
14.13,-4.9259e-16,0,5.5018,3.6114e-17,0,0.00017767,0.00017767,0,2.7648e-16,0,97.383,1176.8,FLYING
14.132,-4.925e-16,0,5.5018,3.6232e-17,0,0.00017746,0.00017746,0,2.7701e-16,0,97.383,1176.8,FLYING
14.135,-4.9241e-16,0,5.5018,3.6351e-17,0,0.00017725,0.00017725,0,2.772e-16,0,97.382,1176.8,FLYING
14.137,-4.9232e-16,0,5.5018,3.6469e-17,0,0.00017704,0.00017704,0,2.7705e-16,0,97.382,1176.8,FLYING
14.14,-4.9223e-16,0,5.5018,3.6588e-17,0,0.00017683,0.00017683,0,2.7656e-16,0,97.381,1176.8,FLYING
14.142,-4.9214e-16,0,5.5018,3.6706e-17,0,0.00017662,0.00017662,0,2.7556e-16,0,97.381,1176.8,FLYING
14.145,-4.9204e-16,0,5.5018,3.6824e-17,0,0.00017642,0.00017642,0,2.7439e-16,0,97.381,1176.8,FLYING
14.147,-4.9195e-16,0,5.5018,3.6941e-17,0,0.00017621,0.00017621,0,2.7288e-16,0,97.38,1176.8,FLYING
14.15,-4.9186e-16,0,5.5018,3.7058e-17,0,0.000176,0.000176,0,2.7103e-16,0,97.38,1176.8,FLYING
14.152,-4.9177e-16,0,5.5018,3.7174e-17,0,0.00017579,0.00017579,0,2.6885e-16,0,97.379,1176.8,FLYING
14.155,-4.9167e-16,0,5.5018,3.7289e-17,0,0.00017558,0.00017558,0,2.6632e-16,0,97.379,1176.8,FLYING
14.157,-4.9158e-16,0,5.5018,3.7403e-17,0,0.00017537,0.00017537,0,2.6346e-16,0,97.378,1176.8,FLYING
14.16,-4.9148e-16,0,5.5018,3.7516e-17,0,0.00017517,0.00017517,0,2.6009e-16,0,97.378,1176.8,FLYING
14.162,-4.9139e-16,0,5.5018,3.7627e-17,0,0.00017496,0.00017496,0,2.5655e-16,0,97.377,1176.8,FLYING
14.165,-4.913e-16,0,5.5018,3.7737e-17,0,0.00017475,0.00017475,0,2.5284e-16,0,97.377,1176.8,FLYING
14.167,-4.912e-16,0,5.5018,3.7845e-17,0,0.00017455,0.00017455,0,2.4896e-16,0,97.376,1176.8,FLYING
14.17,-4.9111e-16,0,5.5018,3.7952e-17,0,0.00017434,0.00017434,0,2.4475e-16,0,97.376,1176.8,FLYING
14.172,-4.9101e-16,0,5.5018,3.8056e-17,0,0.00017413,0.00017413,0,2.4036e-16,0,97.376,1176.8,FLYING
14.175,-4.9092e-16,0,5.5018,3.8159e-17,0,0.00017393,0.00017393,0,2.3547e-16,0,97.375,1176.8,FLYING
14.177,-4.9082e-16,0,5.5018,3.826e-17,0,0.00017372,0.00017372,0,2.3024e-16,0,97.375,1176.8,FLYING
14.18,-4.9072e-16,0,5.5018,3.8358e-17,0,0.00017352,0.00017352,0,2.2467e-16,0,97.374,1176.8,FLYING
14.182,-4.9063e-16,0,5.5018,3.8455e-17,0,0.00017331,0.00017331,0,2.186e-16,0,97.374,1176.8,FLYING
14.185,-4.9053e-16,0,5.5018,3.8548e-17,0,0.00017311,0.00017311,0,2.1236e-16,0,97.373,1176.8,FLYING
14.187,-4.9044e-16,0,5.5018,3.8639e-17,0,0.0001729,0.0001729,0,2.0577e-16,0,97.373,1176.8,FLYING
14.19,-4.9034e-16,0,5.5018,3.8727e-17,0,0.0001727,0.0001727,0,1.9886e-16,0,97.372,1176.8,FLYING
14.192,-4.9024e-16,0,5.5018,3.8812e-17,0,0.00017249,0.00017249,0,1.9143e-16,0,97.372,1176.8,FLYING
14.195,-4.9014e-16,0,5.5018,3.8894e-17,0,0.00017229,0.00017229,0,1.835e-16,0,97.371,1176.8,FLYING
14.197,-4.9005e-16,0,5.5018,3.8973e-17,0,0.00017208,0.00017208,0,1.7523e-16,0,97.371,1176.8,FLYING
14.2,-4.8995e-16,0,5.5018,3.9048e-17,0,0.00017188,0.00017188,0,1.6662e-16,0,97.37,1176.8,FLYING
14.202,-4.8985e-16,0,5.5018,3.9119e-17,0,0.00017168,0.00017168,0,1.575e-16,0,97.37,1176.8,FLYING
14.205,-4.8975e-16,0,5.5018,3.9186e-17,0,0.00017147,0.00017147,0,1.4805e-16,0,97.37,1176.8,FLYING
14.207,-4.8966e-16,0,5.5018,3.925e-17,0,0.00017127,0.00017127,0,1.3827e-16,0,97.369,1176.8,FLYING
14.21,-4.8956e-16,0,5.5018,3.9309e-17,0,0.00017107,0.00017107,0,1.2797e-16,0,97.369,1176.8,FLYING
14.212,-4.8946e-16,0,5.5018,3.9363e-17,0,0.00017087,0.00017087,0,1.1717e-16,0,97.368,1176.8,FLYING
14.215,-4.8936e-16,0,5.5018,3.9414e-17,0,0.00017066,0.00017066,0,1.0603e-16,0,97.368,1176.8,FLYING
14.217,-4.8926e-16,0,5.5018,3.9459e-17,0,0.00017046,0.00017046,0,9.4559e-17,0,97.367,1176.8,FLYING
14.22,-4.8916e-16,0,5.5018,3.9499e-17,0,0.00017026,0.00017026,0,8.2918e-17,0,97.367,1176.8,FLYING
14.222,-4.8906e-16,0,5.5018,3.9535e-17,0,0.00017006,0.00017006,0,7.1111e-17,0,97.366,1176.8,FLYING
14.225,-4.8897e-16,0,5.5018,3.9565e-17,0,0.00016986,0.00016986,0,5.9306e-17,0,97.366,1176.8,FLYING
14.227,-4.8887e-16,0,5.5018,3.9591e-17,0,0.00016966,0.00016966,0,4.7505e-17,0,97.365,1176.8,FLYING
14.23,-4.8877e-16,0,5.5018,3.9611e-17,0,0.00016946,0.00016946,0,3.5537e-17,0,97.365,1176.8,FLYING
14.232,-4.8867e-16,0,5.5018,3.9626e-17,0,0.00016926,0.00016926,0,2.3571e-17,0,97.365,1176.8,FLYING
14.235,-4.8857e-16,0,5.5018,3.9636e-17,0,0.00016906,0.00016906,0,1.1609e-17,0,97.364,1176.8,FLYING
14.237,-4.8847e-16,0,5.5018,3.9641e-17,0,0.00016886,0.00016886,0,-5.1965e-19,0,97.364,1176.8,FLYING
14.24,-4.8837e-16,0,5.5018,3.9641e-17,0,0.00016866,0.00016866,0,-1.2815e-17,0,97.363,1176.8,FLYING
14.242,-4.8827e-16,0,5.5018,3.9636e-17,0,0.00016846,0.00016846,0,-2.5107e-17,0,97.363,1176.8,FLYING
14.245,-4.8817e-16,0,5.5018,3.9625e-17,0,0.00016826,0.00016826,0,-3.7397e-17,0,97.362,1176.8,FLYING
14.247,-4.8807e-16,0,5.5018,3.9609e-17,0,0.00016806,0.00016806,0,-4.9513e-17,0,97.362,1176.8,FLYING
14.25,-4.8797e-16,0,5.5018,3.9588e-17,0,0.00016786,0.00016786,0,-6.1627e-17,0,97.361,1176.8,FLYING
14.252,-4.8788e-16,0,5.5018,3.9561e-17,0,0.00016766,0.00016766,0,-7.3907e-17,0,97.361,1176.8,FLYING
14.255,-4.8778e-16,0,5.5018,3.953e-17,0,0.00016746,0.00016746,0,-8.6184e-17,0,97.36,1176.8,FLYING
14.257,-4.8768e-16,0,5.5018,3.9493e-17,0,0.00016726,0.00016726,0,-9.8458e-17,0,97.36,1176.8,FLYING
14.26,-4.8758e-16,0,5.5018,3.9451e-17,0,0.00016707,0.00016707,0,-1.109e-16,0,97.36,1176.8,FLYING
14.262,-4.8748e-16,0,5.5018,3.9403e-17,0,0.00016687,0.00016687,0,-1.2351e-16,0,97.359,1176.8,FLYING
14.265,-4.8738e-16,0,5.5018,3.935e-17,0,0.00016667,0.00016667,0,-1.3628e-16,0,97.359,1176.8,FLYING
14.267,-4.8728e-16,0,5.5018,3.9292e-17,0,0.00016647,0.00016647,0,-1.4905e-16,0,97.358,1176.8,FLYING
14.27,-4.8719e-16,0,5.5018,3.9228e-17,0,0.00016628,0.00016628,0,-1.6182e-16,0,97.358,1176.8,FLYING
14.272,-4.8709e-16,0,5.5018,3.9159e-17,0,0.00016608,0.00016608,0,-1.7441e-16,0,97.357,1176.8,FLYING
14.275,-4.8699e-16,0,5.5018,3.9084e-17,0,0.00016588,0.00016588,0,-1.87e-16,0,97.357,1176.8,FLYING
14.277,-4.8689e-16,0,5.5018,3.9004e-17,0,0.00016569,0.00016569,0,-1.9959e-16,0,97.356,1176.8,FLYING
14.28,-4.868e-16,0,5.5018,3.8919e-17,0,0.00016549,0.00016549,0,-2.1201e-16,0,97.356,1176.8,FLYING
14.282,-4.867e-16,0,5.5018,3.8828e-17,0,0.00016529,0.00016529,0,-2.2425e-16,0,97.355,1176.8,FLYING
14.285,-4.866e-16,0,5.5018,3.8732e-17,0,0.0001651,0.0001651,0,-2.3615e-16,0,97.355,1176.8,FLYING
14.287,-4.8651e-16,0,5.5018,3.8631e-17,0,0.0001649,0.0001649,0,-2.4754e-16,0,97.355,1176.8,FLYING
14.29,-4.8641e-16,0,5.5018,3.8525e-17,0,0.00016471,0.00016471,0,-2.5858e-16,0,97.354,1176.8,FLYING
14.292,-4.8631e-16,0,5.5018,3.8415e-17,0,0.00016451,0.00016451,0,-2.6929e-16,0,97.354,1176.8,FLYING
14.295,-4.8622e-16,0,5.5018,3.8299e-17,0,0.00016432,0.00016432,0,-2.7982e-16,0,97.353,1176.8,FLYING
14.297,-4.8612e-16,0,5.5018,3.818e-17,0,0.00016413,0.00016413,0,-2.9018e-16,0,97.353,1176.8,FLYING
14.3,-4.8603e-16,0,5.5018,3.8056e-17,0,0.00016393,0.00016393,0,-3.0037e-16,0,97.352,1176.8,FLYING
14.302,-4.8593e-16,0,5.5018,3.7927e-17,0,0.00016374,0.00016374,0,-3.1038e-16,0,97.352,1176.8,FLYING
14.305,-4.8584e-16,0,5.5018,3.7794e-17,0,0.00016354,0.00016354,0,-3.1989e-16,0,97.351,1176.8,FLYING
14.307,-4.8574e-16,0,5.5018,3.7657e-17,0,0.00016335,0.00016335,0,-3.2905e-16,0,97.351,1176.8,FLYING
14.31,-4.8565e-16,0,5.5018,3.7517e-17,0,0.00016316,0.00016316,0,-3.3787e-16,0,97.35,1176.8,FLYING
14.312,-4.8556e-16,0,5.5018,3.7372e-17,0,0.00016296,0.00016296,0,-3.4635e-16,0,97.35,1176.8,FLYING
14.315,-4.8546e-16,0,5.5018,3.7224e-17,0,0.00016277,0.00016277,0,-3.5466e-16,0,97.35,1176.8,FLYING
14.317,-4.8537e-16,0,5.5018,3.7072e-17,0,0.00016258,0.00016258,0,-3.6279e-16,0,97.349,1176.8,FLYING
14.32,-4.8528e-16,0,5.5018,3.6917e-17,0,0.00016239,0.00016239,0,-3.7059e-16,0,97.349,1176.8,FLYING
14.322,-4.8519e-16,0,5.5018,3.6758e-17,0,0.00016219,0.00016219,0,-3.7804e-16,0,97.348,1176.8,FLYING
14.325,-4.8509e-16,0,5.5018,3.6596e-17,0,0.000162,0.000162,0,-3.8515e-16,0,97.348,1176.8,FLYING
14.327,-4.85e-16,0,5.5018,3.6432e-17,0,0.00016181,0.00016181,0,-3.9209e-16,0,97.347,1176.8,FLYING
14.33,-4.8491e-16,0,5.5018,3.6264e-17,0,0.00016162,0.00016162,0,-3.9886e-16,0,97.347,1176.8,FLYING
14.332,-4.8482e-16,0,5.5018,3.6093e-17,0,0.00016143,0.00016143,0,-4.0529e-16,0,97.346,1176.8,FLYING
14.335,-4.8473e-16,0,5.5018,3.592e-17,0,0.00016124,0.00016124,0,-4.1138e-16,0,97.346,1176.8,FLYING
14.337,-4.8464e-16,0,5.5018,3.5744e-17,0,0.00016105,0.00016105,0,-4.1712e-16,0,97.345,1176.8,FLYING
14.34,-4.8455e-16,0,5.5018,3.5565e-17,0,0.00016086,0.00016086,0,-4.2253e-16,0,97.345,1176.8,FLYING
14.342,-4.8447e-16,0,5.5018,3.5385e-17,0,0.00016066,0.00016066,0,-4.2776e-16,0,97.344,1176.8,FLYING
14.345,-4.8438e-16,0,5.5018,3.5201e-17,0,0.00016047,0.00016047,0,-4.3266e-16,0,97.344,1176.8,FLYING
14.347,-4.8429e-16,0,5.5018,3.5016e-17,0,0.00016028,0.00016028,0,-4.3704e-16,0,97.344,1176.8,FLYING
14.35,-4.842e-16,0,5.5018,3.4829e-17,0,0.0001601,0.0001601,0,-4.4109e-16,0,97.343,1176.8,FLYING
14.352,-4.8412e-16,0,5.5018,3.4641e-17,0,0.00015991,0.00015991,0,-4.4496e-16,0,97.343,1176.8,FLYING
14.355,-4.8403e-16,0,5.5018,3.445e-17,0,0.00015972,0.00015972,0,-4.4849e-16,0,97.342,1176.8,FLYING
14.357,-4.8395e-16,0,5.5018,3.4258e-17,0,0.00015953,0.00015953,0,-4.5186e-16,0,97.342,1176.8,FLYING
14.36,-4.8386e-16,0,5.5018,3.4065e-17,0,0.00015934,0.00015934,0,-4.5488e-16,0,97.341,1176.8,FLYING
14.362,-4.8378e-16,0,5.5018,3.387e-17,0,0.00015915,0.00015915,0,-4.5756e-16,0,97.341,1176.8,FLYING
14.365,-4.8369e-16,0,5.5018,3.3675e-17,0,0.00015896,0.00015896,0,-4.6007e-16,0,97.34,1176.8,FLYING
14.367,-4.8361e-16,0,5.5018,3.3478e-17,0,0.00015877,0.00015877,0,-4.6225e-16,0,97.34,1176.8,FLYING
14.37,-4.8352e-16,0,5.5018,3.328e-17,0,0.00015859,0.00015859,0,-4.6408e-16,0,97.339,1176.8,FLYING
14.372,-4.8344e-16,0,5.5018,3.3081e-17,0,0.0001584,0.0001584,0,-4.6557e-16,0,97.339,1176.8,FLYING
14.375,-4.8336e-16,0,5.5018,3.2882e-17,0,0.00015821,0.00015821,0,-4.669e-16,0,97.339,1176.8,FLYING
14.377,-4.8328e-16,0,5.5018,3.2682e-17,0,0.00015802,0.00015802,0,-4.6788e-16,0,97.338,1176.8,FLYING
14.38,-4.832e-16,0,5.5018,3.2482e-17,0,0.00015784,0.00015784,0,-4.6869e-16,0,97.338,1176.8,FLYING
14.382,-4.8312e-16,0,5.5018,3.2282e-17,0,0.00015765,0.00015765,0,-4.6934e-16,0,97.337,1176.8,FLYING
14.385,-4.8304e-16,0,5.5018,3.2081e-17,0,0.00015746,0.00015746,0,-4.6964e-16,0,97.337,1176.8,FLYING
14.387,-4.8296e-16,0,5.5018,3.188e-17,0,0.00015728,0.00015728,0,-4.696e-16,0,97.336,1176.8,FLYING
14.39,-4.8288e-16,0,5.5018,3.1679e-17,0,0.00015709,0.00015709,0,-4.6923e-16,0,97.336,1176.8,FLYING
14.392,-4.828e-16,0,5.5018,3.1478e-17,0,0.00015691,0.00015691,0,-4.6852e-16,0,97.335,1176.8,FLYING
14.395,-4.8272e-16,0,5.5018,3.1278e-17,0,0.00015672,0.00015672,0,-4.6763e-16,0,97.335,1176.8,FLYING
14.397,-4.8264e-16,0,5.5018,3.1077e-17,0,0.00015653,0.00015653,0,-4.6641e-16,0,97.334,1176.8,FLYING
14.4,-4.8257e-16,0,5.5019,3.0878e-17,0,0.00015635,0.00015635,0,-4.6502e-16,0,97.334,1176.8,FLYING
14.402,-4.8249e-16,0,5.5019,3.0679e-17,0,0.00015616,0.00015616,0,-4.6346e-16,0,97.334,1176.8,FLYING
14.405,-4.8241e-16,0,5.5019,3.0481e-17,0,0.00015598,0.00015598,0,-4.6156e-16,0,97.333,1176.8,FLYING
14.407,-4.8234e-16,0,5.5019,3.0283e-17,0,0.00015579,0.00015579,0,-4.5932e-16,0,97.333,1176.8,FLYING
14.41,-4.8226e-16,0,5.5019,3.0087e-17,0,0.00015561,0.00015561,0,-4.5691e-16,0,97.332,1176.8,FLYING
14.412,-4.8219e-16,0,5.5019,2.9891e-17,0,0.00015543,0.00015543,0,-4.5434e-16,0,97.332,1176.8,FLYING
14.415,-4.8211e-16,0,5.5019,2.9697e-17,0,0.00015524,0.00015524,0,-4.5159e-16,0,97.331,1176.8,FLYING
14.417,-4.8204e-16,0,5.5019,2.9503e-17,0,0.00015506,0.00015506,0,-4.4851e-16,0,97.331,1176.8,FLYING
14.42,-4.8197e-16,0,5.5019,2.9312e-17,0,0.00015488,0.00015488,0,-4.4509e-16,0,97.33,1176.8,FLYING
14.422,-4.8189e-16,0,5.5019,2.9121e-17,0,0.00015469,0.00015469,0,-4.4132e-16,0,97.33,1176.8,FLYING
14.425,-4.8182e-16,0,5.5019,2.8932e-17,0,0.00015451,0.00015451,0,-4.3723e-16,0,97.329,1176.8,FLYING
14.427,-4.8175e-16,0,5.5019,2.8745e-17,0,0.00015433,0.00015433,0,-4.3262e-16,0,97.329,1176.8,FLYING
14.43,-4.8168e-16,0,5.5019,2.856e-17,0,0.00015414,0.00015414,0,-4.2784e-16,0,97.329,1176.8,FLYING
14.432,-4.8161e-16,0,5.5019,2.8377e-17,0,0.00015396,0.00015396,0,-4.2273e-16,0,97.328,1176.8,FLYING
14.435,-4.8154e-16,0,5.5019,2.8196e-17,0,0.00015378,0.00015378,0,-4.1728e-16,0,97.328,1176.8,FLYING
14.437,-4.8147e-16,0,5.5019,2.8018e-17,0,0.0001536,0.0001536,0,-4.1166e-16,0,97.327,1176.8,FLYING
14.44,-4.814e-16,0,5.5019,2.7841e-17,0,0.00015342,0.00015342,0,-4.0587e-16,0,97.327,1176.8,FLYING
14.442,-4.8133e-16,0,5.5019,2.7668e-17,0,0.00015323,0.00015323,0,-3.9974e-16,0,97.326,1176.8,FLYING
14.445,-4.8126e-16,0,5.5019,2.7497e-17,0,0.00015305,0.00015305,0,-3.9345e-16,0,97.326,1176.8,FLYING
14.447,-4.8119e-16,0,5.5019,2.7328e-17,0,0.00015287,0.00015287,0,-3.8682e-16,0,97.325,1176.8,FLYING
14.45,-4.8112e-16,0,5.5019,2.7163e-17,0,0.00015269,0.00015269,0,-3.7985e-16,0,97.325,1176.8,FLYING
14.452,-4.8105e-16,0,5.5019,2.7e-17,0,0.00015251,0.00015251,0,-3.7254e-16,0,97.324,1176.8,FLYING
14.455,-4.8099e-16,0,5.5019,2.6841e-17,0,0.00015233,0.00015233,0,-3.649e-16,0,97.324,1176.8,FLYING
14.457,-4.8092e-16,0,5.5019,2.6685e-17,0,0.00015215,0.00015215,0,-3.5692e-16,0,97.323,1176.8,FLYING
14.46,-4.8085e-16,0,5.5019,2.6532e-17,0,0.00015197,0.00015197,0,-3.4843e-16,0,97.323,1176.8,FLYING
14.462,-4.8079e-16,0,5.5019,2.6383e-17,0,0.00015179,0.00015179,0,-3.3943e-16,0,97.323,1176.8,FLYING
14.465,-4.8072e-16,0,5.5019,2.6238e-17,0,0.00015161,0.00015161,0,-3.3027e-16,0,97.322,1176.8,FLYING
14.467,-4.8066e-16,0,5.5019,2.6096e-17,0,0.00015143,0.00015143,0,-3.2077e-16,0,97.322,1176.8,FLYING
14.47,-4.8059e-16,0,5.5019,2.5959e-17,0,0.00015125,0.00015125,0,-3.1093e-16,0,97.321,1176.8,FLYING
14.472,-4.8053e-16,0,5.5019,2.5826e-17,0,0.00015107,0.00015107,0,-3.0093e-16,0,97.321,1176.8,FLYING
14.475,-4.8046e-16,0,5.5019,2.5697e-17,0,0.00015089,0.00015089,0,-2.9059e-16,0,97.32,1176.8,FLYING
14.477,-4.804e-16,0,5.5019,2.5573e-17,0,0.00015072,0.00015072,0,-2.8025e-16,0,97.32,1176.8,FLYING
14.48,-4.8034e-16,0,5.5019,2.5453e-17,0,0.00015054,0.00015054,0,-2.7009e-16,0,97.319,1176.8,FLYING
14.482,-4.8027e-16,0,5.5019,2.5337e-17,0,0.00015036,0.00015036,0,-2.5992e-16,0,97.319,1176.8,FLYING
14.485,-4.8021e-16,0,5.5019,2.5226e-17,0,0.00015018,0.00015018,0,-2.4976e-16,0,97.318,1176.8,FLYING
14.487,-4.8015e-16,0,5.5019,2.5119e-17,0,0.00015,0.00015,0,-2.396e-16,0,97.318,1176.8,FLYING
14.49,-4.8008e-16,0,5.5019,2.5017e-17,0,0.00014983,0.00014983,0,-2.2945e-16,0,97.318,1176.8,FLYING
14.492,-4.8002e-16,0,5.5019,2.4919e-17,0,0.00014965,0.00014965,0,-2.193e-16,0,97.317,1176.8,FLYING
14.495,-4.7996e-16,0,5.5019,2.4825e-17,0,0.00014947,0.00014947,0,-2.0932e-16,0,97.317,1176.8,FLYING
14.497,-4.799e-16,0,5.5019,2.4735e-17,0,0.00014929,0.00014929,0,-1.9934e-16,0,97.316,1176.8,FLYING
14.5,-4.7984e-16,0,5.5019,2.465e-17,0,0.00014912,0.00014912,0,-1.8936e-16,0,97.316,1176.8,FLYING
14.502,-4.7977e-16,0,5.5019,2.4569e-17,0,0.00014894,0.00014894,0,-1.7939e-16,0,97.315,1176.8,FLYING
14.505,-4.7971e-16,0,5.5019,2.4492e-17,0,0.00014877,0.00014877,0,-1.6959e-16,0,97.315,1176.8,FLYING
14.507,-4.7965e-16,0,5.5019,2.442e-17,0,0.00014859,0.00014859,0,-1.5996e-16,0,97.314,1176.8,FLYING
14.51,-4.7959e-16,0,5.5019,2.4351e-17,0,0.00014841,0.00014841,0,-1.505e-16,0,97.314,1176.8,FLYING
14.512,-4.7953e-16,0,5.5019,2.4287e-17,0,0.00014824,0.00014824,0,-1.4105e-16,0,97.313,1176.8,FLYING
14.515,-4.7947e-16,0,5.5019,2.4226e-17,0,0.00014806,0.00014806,0,-1.3159e-16,0,97.313,1176.8,FLYING
14.517,-4.7941e-16,0,5.5019,2.417e-17,0,0.00014789,0.00014789,0,-1.2214e-16,0,97.313,1176.8,FLYING
14.52,-4.7935e-16,0,5.5019,2.4118e-17,0,0.00014771,0.00014771,0,-1.1287e-16,0,97.312,1176.8,FLYING
14.522,-4.7929e-16,0,5.5019,2.407e-17,0,0.00014754,0.00014754,0,-1.0393e-16,0,97.312,1176.8,FLYING
14.525,-4.7923e-16,0,5.5019,2.4025e-17,0,0.00014736,0.00014736,0,-9.5165e-17,0,97.311,1176.8,FLYING
14.527,-4.7917e-16,0,5.5019,2.3984e-17,0,0.00014719,0.00014719,0,-8.6572e-17,0,97.311,1176.8,FLYING
14.53,-4.7911e-16,0,5.5019,2.3947e-17,0,0.00014701,0.00014701,0,-7.8321e-17,0,97.31,1176.8,FLYING
14.532,-4.7905e-16,0,5.5019,2.3914e-17,0,0.00014684,0.00014684,0,-7.0581e-17,0,97.31,1176.8,FLYING
14.535,-4.7899e-16,0,5.5019,2.3884e-17,0,0.00014667,0.00014667,0,-6.3182e-17,0,97.309,1176.8,FLYING
14.537,-4.7893e-16,0,5.5019,2.3857e-17,0,0.00014649,0.00014649,0,-5.5954e-17,0,97.309,1176.8,FLYING
14.54,-4.7887e-16,0,5.5019,2.3833e-17,0,0.00014632,0.00014632,0,-4.9067e-17,0,97.308,1176.8,FLYING
14.542,-4.7881e-16,0,5.5019,2.3812e-17,0,0.00014615,0.00014615,0,-4.2522e-17,0,97.308,1176.8,FLYING
14.545,-4.7875e-16,0,5.5019,2.3793e-17,0,0.00014597,0.00014597,0,-3.6487e-17,0,97.308,1176.8,FLYING
14.547,-4.7869e-16,0,5.5019,2.3778e-17,0,0.0001458,0.0001458,0,-3.0792e-17,0,97.307,1176.8,FLYING
14.55,-4.7863e-16,0,5.5019,2.3765e-17,0,0.00014563,0.00014563,0,-2.5608e-17,0,97.307,1176.8,FLYING
14.552,-4.7857e-16,0,5.5019,2.3754e-17,0,0.00014546,0.00014546,0,-2.0595e-17,0,97.306,1176.8,FLYING
14.555,-4.7851e-16,0,5.5019,2.3745e-17,0,0.00014528,0.00014528,0,-1.5923e-17,0,97.306,1176.8,FLYING
14.557,-4.7845e-16,0,5.5019,2.3738e-17,0,0.00014511,0.00014511,0,-1.1251e-17,0,97.305,1176.8,FLYING
14.56,-4.784e-16,0,5.5019,2.3733e-17,0,0.00014494,0.00014494,0,-6.5812e-18,0,97.305,1176.8,FLYING
14.562,-4.7834e-16,0,5.5019,2.373e-17,0,0.00014477,0.00014477,0,-1.7425e-18,0,97.304,1176.8,FLYING
14.565,-4.7828e-16,0,5.5019,2.373e-17,0,0.0001446,0.0001446,0,3.095e-18,0,97.304,1176.8,FLYING
14.567,-4.7822e-16,0,5.5019,2.3731e-17,0,0.00014443,0.00014443,0,7.9312e-18,0,97.303,1176.8,FLYING
14.57,-4.7816e-16,0,5.5019,2.3734e-17,0,0.00014426,0.00014426,0,1.2766e-17,0,97.303,1176.8,FLYING
14.572,-4.781e-16,0,5.5019,2.374e-17,0,0.00014409,0.00014409,0,1.76e-17,0,97.303,1176.8,FLYING
14.575,-4.7804e-16,0,5.5019,2.3747e-17,0,0.00014392,0.00014392,0,2.2263e-17,0,97.302,1176.8,FLYING
14.577,-4.7798e-16,0,5.5019,2.3757e-17,0,0.00014374,0.00014374,0,2.6925e-17,0,97.302,1176.8,FLYING
14.58,-4.7792e-16,0,5.5019,2.3768e-17,0,0.00014357,0.00014357,0,3.1586e-17,0,97.301,1176.8,FLYING
14.582,-4.7786e-16,0,5.5019,2.3782e-17,0,0.0001434,0.0001434,0,3.6076e-17,0,97.301,1176.8,FLYING
14.585,-4.778e-16,0,5.5019,2.3797e-17,0,0.00014324,0.00014324,0,4.0734e-17,0,97.3,1176.8,FLYING
14.587,-4.7774e-16,0,5.5019,2.3815e-17,0,0.00014307,0.00014307,0,4.5391e-17,0,97.3,1176.8,FLYING
14.59,-4.7768e-16,0,5.5019,2.3834e-17,0,0.0001429,0.0001429,0,4.9878e-17,0,97.299,1176.8,FLYING
14.592,-4.7762e-16,0,5.5019,2.3856e-17,0,0.00014273,0.00014273,0,5.4193e-17,0,97.299,1176.8,FLYING
14.595,-4.7756e-16,0,5.5019,2.3879e-17,0,0.00014256,0.00014256,0,5.8508e-17,0,97.298,1176.8,FLYING
14.597,-4.775e-16,0,5.5019,2.3904e-17,0,0.00014239,0.00014239,0,6.2652e-17,0,97.298,1176.8,FLYING
14.6,-4.7744e-16,0,5.5019,2.3931e-17,0,0.00014222,0.00014222,0,6.6455e-17,0,97.297,1176.8,FLYING
14.602,-4.7738e-16,0,5.5019,2.3959e-17,0,0.00014205,0.00014205,0,6.9749e-17,0,97.297,1176.8,FLYING
14.605,-4.7732e-16,0,5.5019,2.3989e-17,0,0.00014189,0.00014189,0,7.2533e-17,0,97.297,1176.8,FLYING
14.607,-4.7726e-16,0,5.5019,2.402e-17,0,0.00014172,0.00014172,0,7.4977e-17,0,97.296,1176.8,FLYING
14.61,-4.772e-16,0,5.5019,2.4052e-17,0,0.00014155,0.00014155,0,7.6912e-17,0,97.296,1176.8,FLYING
14.612,-4.7714e-16,0,5.5019,2.4085e-17,0,0.00014138,0.00014138,0,7.8507e-17,0,97.295,1176.8,FLYING
14.615,-4.7708e-16,0,5.5019,2.4119e-17,0,0.00014121,0.00014121,0,7.9592e-17,0,97.295,1176.8,FLYING
14.617,-4.7702e-16,0,5.5019,2.4153e-17,0,0.00014105,0.00014105,0,8.0169e-17,0,97.294,1176.8,FLYING
14.62,-4.7696e-16,0,5.5019,2.4187e-17,0,0.00014088,0.00014088,0,8.0406e-17,0,97.294,1176.8,FLYING
14.622,-4.769e-16,0,5.5019,2.4221e-17,0,0.00014071,0.00014071,0,8.0134e-17,0,97.293,1176.8,FLYING
14.625,-4.7684e-16,0,5.5019,2.4256e-17,0,0.00014055,0.00014055,0,7.9353e-17,0,97.293,1176.8,FLYING
14.627,-4.7678e-16,0,5.5019,2.429e-17,0,0.00014038,0.00014038,0,7.8063e-17,0,97.292,1176.8,FLYING
14.63,-4.7672e-16,0,5.5019,2.4323e-17,0,0.00014022,0.00014022,0,7.6605e-17,0,97.292,1176.8,FLYING
14.632,-4.7666e-16,0,5.5019,2.4356e-17,0,0.00014005,0.00014005,0,7.4807e-17,0,97.292,1176.8,FLYING
14.635,-4.766e-16,0,5.5019,2.4388e-17,0,0.00013988,0.00013988,0,7.2671e-17,0,97.291,1176.8,FLYING
14.637,-4.7654e-16,0,5.5019,2.4419e-17,0,0.00013972,0.00013972,0,7.0026e-17,0,97.291,1176.8,FLYING
14.64,-4.7648e-16,0,5.5019,2.4449e-17,0,0.00013955,0.00013955,0,6.6873e-17,0,97.29,1176.8,FLYING
14.642,-4.7641e-16,0,5.5019,2.4477e-17,0,0.00013939,0.00013939,0,6.372e-17,0,97.29,1176.8,FLYING
14.645,-4.7635e-16,0,5.5019,2.4505e-17,0,0.00013922,0.00013922,0,6.0399e-17,0,97.289,1176.8,FLYING
14.647,-4.7629e-16,0,5.5019,2.453e-17,0,0.00013906,0.00013906,0,5.6909e-17,0,97.289,1176.8,FLYING
14.65,-4.7623e-16,0,5.5019,2.4555e-17,0,0.00013889,0.00013889,0,5.3251e-17,0,97.288,1176.8,FLYING
14.652,-4.7617e-16,0,5.5019,2.4578e-17,0,0.00013873,0.00013873,0,4.9763e-17,0,97.288,1176.8,FLYING
14.655,-4.7611e-16,0,5.5019,2.4599e-17,0,0.00013857,0.00013857,0,4.6615e-17,0,97.287,1176.8,FLYING
14.657,-4.7605e-16,0,5.5019,2.4619e-17,0,0.0001384,0.0001384,0,4.3637e-17,0,97.287,1176.8,FLYING
14.66,-4.7598e-16,0,5.5019,2.4638e-17,0,0.00013824,0.00013824,0,4.083e-17,0,97.287,1176.8,FLYING
14.662,-4.7592e-16,0,5.5019,2.4655e-17,0,0.00013807,0.00013807,0,3.8363e-17,0,97.286,1176.8,FLYING
14.665,-4.7586e-16,0,5.5019,2.4671e-17,0,0.00013791,0.00013791,0,3.6066e-17,0,97.286,1176.8,FLYING
14.667,-4.758e-16,0,5.5019,2.4687e-17,0,0.00013775,0.00013775,0,3.4108e-17,0,97.285,1176.8,FLYING
14.67,-4.7574e-16,0,5.5019,2.4701e-17,0,0.00013758,0.00013758,0,3.2661e-17,0,97.285,1176.8,FLYING
14.672,-4.7568e-16,0,5.5019,2.4715e-17,0,0.00013742,0.00013742,0,3.1213e-17,0,97.284,1176.8,FLYING
14.675,-4.7561e-16,0,5.5019,2.4729e-17,0,0.00013726,0.00013726,0,2.9766e-17,0,97.284,1176.8,FLYING
14.677,-4.7555e-16,0,5.5019,2.4742e-17,0,0.0001371,0.0001371,0,2.815e-17,0,97.283,1176.8,FLYING
14.68,-4.7549e-16,0,5.5019,2.4754e-17,0,0.00013693,0.00013693,0,2.6704e-17,0,97.283,1176.8,FLYING
14.682,-4.7543e-16,0,5.5019,2.4765e-17,0,0.00013677,0.00013677,0,2.5088e-17,0,97.282,1176.8,FLYING
14.685,-4.7537e-16,0,5.5019,2.4776e-17,0,0.00013661,0.00013661,0,2.3303e-17,0,97.282,1176.8,FLYING
14.687,-4.753e-16,0,5.5019,2.4786e-17,0,0.00013645,0.00013645,0,2.1519e-17,0,97.282,1176.8,FLYING
14.69,-4.7524e-16,0,5.5019,2.4795e-17,0,0.00013629,0.00013629,0,1.9565e-17,0,97.281,1176.8,FLYING
14.692,-4.7518e-16,0,5.5019,2.4803e-17,0,0.00013613,0.00013613,0,1.7612e-17,0,97.281,1176.8,FLYING
14.695,-4.7512e-16,0,5.5019,2.4811e-17,0,0.00013597,0.00013597,0,1.549e-17,0,97.28,1176.8,FLYING
14.697,-4.7506e-16,0,5.5019,2.4817e-17,0,0.0001358,0.0001358,0,1.3368e-17,0,97.28,1176.8,FLYING
14.7,-4.7499e-16,0,5.5019,2.4823e-17,0,0.00013564,0.00013564,0,1.1417e-17,0,97.279,1176.8,FLYING
14.702,-4.7493e-16,0,5.5019,2.4828e-17,0,0.00013548,0.00013548,0,9.466e-18,0,97.279,1176.8,FLYING
14.705,-4.7487e-16,0,5.5019,2.4832e-17,0,0.00013532,0.00013532,0,7.6851e-18,0,97.278,1176.8,FLYING
14.707,-4.7481e-16,0,5.5019,2.4835e-17,0,0.00013516,0.00013516,0,6.2439e-18,0,97.278,1176.8,FLYING
14.71,-4.7475e-16,0,5.5019,2.4838e-17,0,0.000135,0.000135,0,4.9727e-18,0,97.277,1176.8,FLYING
14.712,-4.7468e-16,0,5.5019,2.484e-17,0,0.00013484,0.00013484,0,4.0411e-18,0,97.277,1176.8,FLYING
14.715,-4.7462e-16,0,5.5019,2.4842e-17,0,0.00013468,0.00013468,0,3.449e-18,0,97.277,1176.8,FLYING
14.717,-4.7456e-16,0,5.5019,2.4843e-17,0,0.00013452,0.00013452,0,3.0266e-18,0,97.276,1176.8,FLYING
14.72,-4.745e-16,0,5.5019,2.4845e-17,0,0.00013437,0.00013437,0,2.9437e-18,0,97.276,1176.8,FLYING
14.722,-4.7444e-16,0,5.5019,2.4846e-17,0,0.00013421,0.00013421,0,3.0303e-18,0,97.275,1176.8,FLYING
14.725,-4.7437e-16,0,5.5019,2.4847e-17,0,0.00013405,0.00013405,0,3.117e-18,0,97.275,1176.8,FLYING
14.727,-4.7431e-16,0,5.5019,2.4849e-17,0,0.00013389,0.00013389,0,3.3732e-18,0,97.274,1176.8,FLYING
14.73,-4.7425e-16,0,5.5019,2.485e-17,0,0.00013373,0.00013373,0,3.6294e-18,0,97.274,1176.8,FLYING
14.732,-4.7419e-16,0,5.5019,2.4852e-17,0,0.00013357,0.00013357,0,3.7159e-18,0,97.273,1176.8,FLYING
14.735,-4.7412e-16,0,5.5019,2.4853e-17,0,0.00013341,0.00013341,0,3.8024e-18,0,97.273,1176.8,FLYING
14.737,-4.7406e-16,0,5.5019,2.4855e-17,0,0.00013326,0.00013326,0,4.0585e-18,0,97.272,1176.8,FLYING
14.74,-4.74e-16,0,5.5019,2.4857e-17,0,0.0001331,0.0001331,0,4.1449e-18,0,97.272,1176.8,FLYING
14.742,-4.7394e-16,0,5.5019,2.4858e-17,0,0.00013294,0.00013294,0,4.4009e-18,0,97.271,1176.8,FLYING
14.745,-4.7388e-16,0,5.5019,2.486e-17,0,0.00013278,0.00013278,0,4.9961e-18,0,97.271,1176.8,FLYING
14.747,-4.7381e-16,0,5.5019,2.4862e-17,0,0.00013263,0.00013263,0,5.5912e-18,0,97.271,1176.8,FLYING
14.75,-4.7375e-16,0,5.5019,2.4865e-17,0,0.00013247,0.00013247,0,6.0164e-18,0,97.27,1176.8,FLYING
14.752,-4.7369e-16,0,5.5019,2.4867e-17,0,0.00013231,0.00013231,0,6.6112e-18,0,97.27,1176.8,FLYING
14.755,-4.7363e-16,0,5.5019,2.487e-17,0,0.00013216,0.00013216,0,7.0362e-18,0,97.269,1176.8,FLYING
14.757,-4.7357e-16,0,5.5019,2.4873e-17,0,0.000132,0.000132,0,7.4611e-18,0,97.269,1176.8,FLYING
14.76,-4.735e-16,0,5.5019,2.4876e-17,0,0.00013184,0.00013184,0,7.886e-18,0,97.268,1176.8,FLYING
14.762,-4.7344e-16,0,5.5019,2.488e-17,0,0.00013169,0.00013169,0,8.141e-18,0,97.268,1176.8,FLYING
14.765,-4.7338e-16,0,5.5019,2.4883e-17,0,0.00013153,0.00013153,0,8.2264e-18,0,97.267,1176.8,FLYING
14.767,-4.7332e-16,0,5.5019,2.4887e-17,0,0.00013138,0.00013138,0,8.3117e-18,0,97.267,1176.8,FLYING
14.77,-4.7325e-16,0,5.5019,2.489e-17,0,0.00013122,0.00013122,0,8.3971e-18,0,97.266,1176.8,FLYING
14.772,-4.7319e-16,0,5.5019,2.4894e-17,0,0.00013107,0.00013107,0,8.4824e-18,0,97.266,1176.8,FLYING
14.775,-4.7313e-16,0,5.5019,2.4897e-17,0,0.00013091,0.00013091,0,8.5677e-18,0,97.266,1176.8,FLYING
14.777,-4.7307e-16,0,5.5019,2.4901e-17,0,0.00013076,0.00013076,0,8.6529e-18,0,97.265,1176.8,FLYING
14.78,-4.7301e-16,0,5.5019,2.4905e-17,0,0.0001306,0.0001306,0,8.7382e-18,0,97.265,1176.8,FLYING
14.782,-4.7294e-16,0,5.5019,2.4909e-17,0,0.00013045,0.00013045,0,8.8234e-18,0,97.264,1176.8,FLYING
14.785,-4.7288e-16,0,5.5019,2.4912e-17,0,0.00013029,0.00013029,0,9.0783e-18,0,97.264,1176.8,FLYING
14.787,-4.7282e-16,0,5.5019,2.4916e-17,0,0.00013014,0.00013014,0,9.333e-18,0,97.263,1176.8,FLYING
14.79,-4.7276e-16,0,5.5019,2.492e-17,0,0.00012998,0.00012998,0,9.5877e-18,0,97.263,1176.8,FLYING
14.792,-4.7269e-16,0,5.5019,2.4924e-17,0,0.00012983,0.00012983,0,9.8424e-18,0,97.262,1176.8,FLYING
14.795,-4.7263e-16,0,5.5019,2.4929e-17,0,0.00012968,0.00012968,0,1.0097e-17,0,97.262,1176.8,FLYING
14.797,-4.7257e-16,0,5.5019,2.4933e-17,0,0.00012952,0.00012952,0,1.0182e-17,0,97.261,1176.8,FLYING
14.8,-4.7251e-16,0,5.5019,2.4937e-17,0,0.00012937,0.00012937,0,1.0267e-17,0,97.261,1176.8,FLYING
14.802,-4.7244e-16,0,5.5019,2.4942e-17,0,0.00012922,0.00012922,0,1.0352e-17,0,97.261,1176.8,FLYING
14.805,-4.7238e-16,0,5.5019,2.4946e-17,0,0.00012906,0.00012906,0,1.0606e-17,0,97.26,1176.8,FLYING
14.807,-4.7232e-16,0,5.5019,2.4951e-17,0,0.00012891,0.00012891,0,1.12e-17,0,97.26,1176.8,FLYING
14.81,-4.7226e-16,0,5.5019,2.4955e-17,0,0.00012876,0.00012876,0,1.1793e-17,0,97.259,1176.8,FLYING
14.812,-4.722e-16,0,5.5019,2.496e-17,0,0.00012861,0.00012861,0,1.2217e-17,0,97.259,1176.8,FLYING
14.815,-4.7213e-16,0,5.5019,2.4966e-17,0,0.00012845,0.00012845,0,1.2471e-17,0,97.258,1176.8,FLYING
14.817,-4.7207e-16,0,5.5019,2.4971e-17,0,0.0001283,0.0001283,0,1.2894e-17,0,97.258,1176.8,FLYING
14.82,-4.7201e-16,0,5.5019,2.4977e-17,0,0.00012815,0.00012815,0,1.3318e-17,0,97.257,1176.8,FLYING
14.822,-4.7195e-16,0,5.5019,2.4982e-17,0,0.000128,0.000128,0,1.3741e-17,0,97.257,1176.8,FLYING
14.825,-4.7188e-16,0,5.5019,2.4988e-17,0,0.00012785,0.00012785,0,1.3995e-17,0,97.256,1176.8,FLYING
14.827,-4.7182e-16,0,5.5019,2.4994e-17,0,0.0001277,0.0001277,0,1.4248e-17,0,97.256,1176.8,FLYING
14.83,-4.7176e-16,0,5.5019,2.5e-17,0,0.00012755,0.00012755,0,1.4671e-17,0,97.256,1176.8,FLYING
14.832,-4.717e-16,0,5.5019,2.5006e-17,0,0.00012739,0.00012739,0,1.4755e-17,0,97.255,1176.8,FLYING
14.835,-4.7163e-16,0,5.5019,2.5013e-17,0,0.00012724,0.00012724,0,1.4839e-17,0,97.255,1176.8,FLYING
14.837,-4.7157e-16,0,5.5019,2.5019e-17,0,0.00012709,0.00012709,0,1.4753e-17,0,97.254,1176.8,FLYING
14.84,-4.7151e-16,0,5.5019,2.5025e-17,0,0.00012694,0.00012694,0,1.4667e-17,0,97.254,1176.8,FLYING
14.842,-4.7145e-16,0,5.5019,2.5032e-17,0,0.00012679,0.00012679,0,1.4412e-17,0,97.253,1176.8,FLYING
14.845,-4.7138e-16,0,5.5019,2.5038e-17,0,0.00012664,0.00012664,0,1.4326e-17,0,97.253,1176.8,FLYING
14.847,-4.7132e-16,0,5.5019,2.5044e-17,0,0.00012649,0.00012649,0,1.407e-17,0,97.252,1176.8,FLYING
14.85,-4.7126e-16,0,5.5019,2.505e-17,0,0.00012634,0.00012634,0,1.3645e-17,0,97.252,1176.8,FLYING
14.852,-4.7119e-16,0,5.5019,2.5056e-17,0,0.00012619,0.00012619,0,1.3051e-17,0,97.251,1176.8,FLYING
14.855,-4.7113e-16,0,5.5019,2.5061e-17,0,0.00012604,0.00012604,0,1.2626e-17,0,97.251,1176.8,FLYING
14.857,-4.7107e-16,0,5.5019,2.5067e-17,0,0.0001259,0.0001259,0,1.2201e-17,0,97.25,1176.8,FLYING
14.86,-4.7101e-16,0,5.5019,2.5072e-17,0,0.00012575,0.00012575,0,1.1777e-17,0,97.25,1176.8,FLYING
14.862,-4.7094e-16,0,5.5019,2.5077e-17,0,0.0001256,0.0001256,0,1.1352e-17,0,97.25,1176.8,FLYING
14.865,-4.7088e-16,0,5.5019,2.5082e-17,0,0.00012545,0.00012545,0,1.0758e-17,0,97.249,1176.8,FLYING
14.867,-4.7082e-16,0,5.5019,2.5087e-17,0,0.0001253,0.0001253,0,1.0165e-17,0,97.249,1176.8,FLYING
14.87,-4.7076e-16,0,5.5019,2.5091e-17,0,0.00012515,0.00012515,0,9.4014e-18,0,97.248,1176.8,FLYING
14.872,-4.7069e-16,0,5.5019,2.5095e-17,0,0.000125,0.000125,0,8.4687e-18,0,97.248,1176.8,FLYING
14.875,-4.7063e-16,0,5.5019,2.5099e-17,0,0.00012486,0.00012486,0,7.7058e-18,0,97.247,1176.8,FLYING
14.877,-4.7057e-16,0,5.5019,2.5102e-17,0,0.00012471,0.00012471,0,6.9432e-18,0,97.247,1176.8,FLYING
14.88,-4.705e-16,0,5.5019,2.5105e-17,0,0.00012456,0.00012456,0,6.1807e-18,0,97.246,1176.8,FLYING
14.882,-4.7044e-16,0,5.5019,2.5107e-17,0,0.00012441,0.00012441,0,5.4184e-18,0,97.246,1176.8,FLYING
14.885,-4.7038e-16,0,5.5019,2.511e-17,0,0.00012427,0.00012427,0,4.4867e-18,0,97.245,1176.8,FLYING
14.887,-4.7032e-16,0,5.5019,2.5112e-17,0,0.00012412,0.00012412,0,3.5552e-18,0,97.245,1176.8,FLYING
14.89,-4.7025e-16,0,5.5019,2.5113e-17,0,0.00012397,0.00012397,0,2.624e-18,0,97.245,1176.8,FLYING
14.892,-4.7019e-16,0,5.5019,2.5114e-17,0,0.00012383,0.00012383,0,1.5233e-18,0,97.244,1176.8,FLYING
14.895,-4.7013e-16,0,5.5019,2.5115e-17,0,0.00012368,0.00012368,0,5.9255e-19,0,97.244,1176.8,FLYING
14.897,-4.7007e-16,0,5.5019,2.5115e-17,0,0.00012353,0.00012353,0,-3.3796e-19,0,97.243,1176.8,FLYING
14.9,-4.7e-16,0,5.5019,2.5115e-17,0,0.00012339,0.00012339,0,-1.2682e-18,0,97.243,1176.8,FLYING
14.902,-4.6994e-16,0,5.5019,2.5115e-17,0,0.00012324,0.00012324,0,-2.1983e-18,0,97.242,1176.8,FLYING
14.905,-4.6988e-16,0,5.5019,2.5114e-17,0,0.0001231,0.0001231,0,-2.9585e-18,0,97.242,1176.8,FLYING
14.907,-4.6981e-16,0,5.5019,2.5112e-17,0,0.00012295,0.00012295,0,-3.7185e-18,0,97.241,1176.8,FLYING
14.91,-4.6975e-16,0,5.5019,2.5111e-17,0,0.0001228,0.0001228,0,-4.3087e-18,0,97.241,1176.8,FLYING
14.912,-4.6969e-16,0,5.5019,2.5109e-17,0,0.00012266,0.00012266,0,-5.0683e-18,0,97.24,1176.8,FLYING
14.915,-4.6963e-16,0,5.5019,2.5107e-17,0,0.00012251,0.00012251,0,-5.8278e-18,0,97.24,1176.8,FLYING
14.917,-4.6956e-16,0,5.5019,2.5104e-17,0,0.00012237,0.00012237,0,-6.7567e-18,0,97.24,1176.8,FLYING
14.92,-4.695e-16,0,5.5019,2.5101e-17,0,0.00012222,0.00012222,0,-7.3461e-18,0,97.239,1176.8,FLYING
14.922,-4.6944e-16,0,5.5019,2.5098e-17,0,0.00012208,0.00012208,0,-7.7658e-18,0,97.239,1176.8,FLYING
14.925,-4.6937e-16,0,5.5019,2.5095e-17,0,0.00012193,0.00012193,0,-8.0157e-18,0,97.238,1176.8,FLYING
14.927,-4.6931e-16,0,5.5019,2.5091e-17,0,0.00012179,0.00012179,0,-7.9263e-18,0,97.238,1176.8,FLYING
14.93,-4.6925e-16,0,5.5019,2.5088e-17,0,0.00012165,0.00012165,0,-7.328e-18,0,97.237,1176.8,FLYING
14.932,-4.6919e-16,0,5.5019,2.5085e-17,0,0.0001215,0.0001215,0,-6.7298e-18,0,97.237,1176.8,FLYING
14.935,-4.6912e-16,0,5.5019,2.5082e-17,0,0.00012136,0.00012136,0,-6.3015e-18,0,97.236,1176.8,FLYING
14.937,-4.6906e-16,0,5.5019,2.5079e-17,0,0.00012122,0.00012122,0,-5.8733e-18,0,97.236,1176.8,FLYING
14.94,-4.69e-16,0,5.5019,2.5077e-17,0,0.00012107,0.00012107,0,-5.4451e-18,0,97.235,1176.8,FLYING
14.942,-4.6894e-16,0,5.5019,2.5075e-17,0,0.00012093,0.00012093,0,-5.1867e-18,0,97.235,1176.8,FLYING
14.945,-4.6887e-16,0,5.5019,2.5072e-17,0,0.00012079,0.00012079,0,-4.7588e-18,0,97.235,1176.8,FLYING
14.947,-4.6881e-16,0,5.5019,2.507e-17,0,0.00012064,0.00012064,0,-4.5005e-18,0,97.234,1176.8,FLYING
14.95,-4.6875e-16,0,5.5019,2.5068e-17,0,0.0001205,0.0001205,0,-4.0727e-18,0,97.234,1176.8,FLYING
14.952,-4.6869e-16,0,5.5019,2.5067e-17,0,0.00012036,0.00012036,0,-3.8147e-18,0,97.233,1176.8,FLYING
14.955,-4.6862e-16,0,5.5019,2.5065e-17,0,0.00012021,0.00012021,0,-3.5567e-18,0,97.233,1176.8,FLYING
14.957,-4.6856e-16,0,5.5019,2.5063e-17,0,0.00012007,0.00012007,0,-3.2987e-18,0,97.232,1176.8,FLYING
14.96,-4.685e-16,0,5.5019,2.5062e-17,0,0.00011993,0.00011993,0,-3.2105e-18,0,97.232,1176.8,FLYING
14.962,-4.6843e-16,0,5.5019,2.5061e-17,0,0.00011979,0.00011979,0,-3.2919e-18,0,97.231,1176.8,FLYING
14.965,-4.6837e-16,0,5.5019,2.5059e-17,0,0.00011965,0.00011965,0,-3.3733e-18,0,97.231,1176.8,FLYING
14.967,-4.6831e-16,0,5.5019,2.5058e-17,0,0.00011951,0.00011951,0,-3.4547e-18,0,97.23,1176.8,FLYING
14.97,-4.6825e-16,0,5.5019,2.5056e-17,0,0.00011936,0.00011936,0,-3.5361e-18,0,97.23,1176.8,FLYING
14.972,-4.6818e-16,0,5.5019,2.5055e-17,0,0.00011922,0.00011922,0,-3.787e-18,0,97.23,1176.8,FLYING
14.975,-4.6812e-16,0,5.5019,2.5053e-17,0,0.00011908,0.00011908,0,-4.0379e-18,0,97.229,1176.8,FLYING
14.977,-4.6806e-16,0,5.5019,2.5051e-17,0,0.00011894,0.00011894,0,-4.4584e-18,0,97.229,1176.8,FLYING
14.98,-4.68e-16,0,5.5019,2.505e-17,0,0.0001188,0.0001188,0,-4.7091e-18,0,97.228,1176.8,FLYING
14.982,-4.6793e-16,0,5.5019,2.5048e-17,0,0.00011866,0.00011866,0,-4.7902e-18,0,97.228,1176.8,FLYING
14.985,-4.6787e-16,0,5.5019,2.5046e-17,0,0.00011852,0.00011852,0,-4.7016e-18,0,97.227,1176.8,FLYING
14.987,-4.6781e-16,0,5.5019,2.5043e-17,0,0.00011838,0.00011838,0,-4.2737e-18,0,97.227,1176.8,FLYING
14.99,-4.6775e-16,0,5.5019,2.5042e-17,0,0.00011824,0.00011824,0,-3.6764e-18,0,97.226,1176.8,FLYING
14.992,-4.6768e-16,0,5.5019,2.504e-17,0,0.0001181,0.0001181,0,-2.5702e-18,0,97.226,1176.8,FLYING
14.995,-4.6762e-16,0,5.5019,2.5039e-17,0,0.00011796,0.00011796,0,-1.4644e-18,0,97.225,1176.8,FLYING
14.997,-4.6756e-16,0,5.5019,2.5038e-17,0,0.00011782,0.00011782,0,-5.285e-19,0,97.225,1176.8,FLYING
15,-4.675e-16,0,5.5019,2.5038e-17,0,0.00011768,0.00011768,0,4.0719e-19,0,97.224,1176.8,FLYING
15.002,-4.6743e-16,0,5.5019,2.5038e-17,0,0.00011754,0.00011754,0,1.3426e-18,0,97.224,1176.8,FLYING
15.005,-4.6737e-16,0,5.5019,2.5039e-17,0,0.0001174,0.0001174,0,2.1082e-18,0,97.224,1176.8,FLYING
15.007,-4.6731e-16,0,5.5019,2.504e-17,0,0.00011726,0.00011726,0,2.704e-18,0,97.223,1176.8,FLYING
15.01,-4.6724e-16,0,5.5019,2.5041e-17,0,0.00011712,0.00011712,0,3.2996e-18,0,97.223,1176.8,FLYING
15.012,-4.6718e-16,0,5.5019,2.5042e-17,0,0.00011699,0.00011699,0,3.7255e-18,0,97.222,1176.8,FLYING
15.015,-4.6712e-16,0,5.5019,2.5044e-17,0,0.00011685,0.00011685,0,4.1512e-18,0,97.222,1176.8,FLYING
15.017,-4.6706e-16,0,5.5019,2.5046e-17,0,0.00011671,0.00011671,0,4.5768e-18,0,97.221,1176.8,FLYING
15.02,-4.6699e-16,0,5.5019,2.5048e-17,0,0.00011657,0.00011657,0,4.8327e-18,0,97.221,1176.8,FLYING
15.022,-4.6693e-16,0,5.5019,2.505e-17,0,0.00011643,0.00011643,0,5.0886e-18,0,97.22,1176.8,FLYING
15.025,-4.6687e-16,0,5.5019,2.5052e-17,0,0.0001163,0.0001163,0,5.1747e-18,0,97.22,1176.8,FLYING
15.027,-4.6681e-16,0,5.5019,2.5054e-17,0,0.00011616,0.00011616,0,5.0912e-18,0,97.219,1176.8,FLYING
15.03,-4.6674e-16,0,5.5019,2.5056e-17,0,0.00011602,0.00011602,0,4.8381e-18,0,97.219,1176.8,FLYING
15.032,-4.6668e-16,0,5.5019,2.5058e-17,0,0.00011588,0.00011588,0,4.585e-18,0,97.219,1176.8,FLYING
15.035,-4.6662e-16,0,5.5019,2.506e-17,0,0.00011575,0.00011575,0,4.5017e-18,0,97.218,1176.8,FLYING
15.037,-4.6656e-16,0,5.5019,2.5062e-17,0,0.00011561,0.00011561,0,4.5879e-18,0,97.218,1176.8,FLYING
15.04,-4.6649e-16,0,5.5019,2.5064e-17,0,0.00011547,0.00011547,0,4.6742e-18,0,97.217,1176.8,FLYING
15.042,-4.6643e-16,0,5.5019,2.5066e-17,0,0.00011534,0.00011534,0,4.5908e-18,0,97.217,1176.8,FLYING
15.045,-4.6637e-16,0,5.5019,2.5068e-17,0,0.0001152,0.0001152,0,4.5074e-18,0,97.216,1176.8,FLYING
15.047,-4.6631e-16,0,5.5019,2.507e-17,0,0.00011506,0.00011506,0,4.4241e-18,0,97.216,1176.8,FLYING
15.05,-4.6624e-16,0,5.5019,2.5072e-17,0,0.00011493,0.00011493,0,4.1711e-18,0,97.215,1176.8,FLYING
15.052,-4.6618e-16,0,5.5019,2.5074e-17,0,0.00011479,0.00011479,0,3.7486e-18,0,97.215,1176.8,FLYING
15.055,-4.6612e-16,0,5.5019,2.5075e-17,0,0.00011466,0.00011466,0,3.1566e-18,0,97.214,1176.8,FLYING
15.057,-4.6605e-16,0,5.5019,2.5077e-17,0,0.00011452,0.00011452,0,2.5647e-18,0,97.214,1176.8,FLYING
15.06,-4.6599e-16,0,5.5019,2.5078e-17,0,0.00011438,0.00011438,0,1.9729e-18,0,97.214,1176.8,FLYING
15.062,-4.6593e-16,0,5.5019,2.5079e-17,0,0.00011425,0.00011425,0,1.3813e-18,0,97.213,1176.8,FLYING
15.065,-4.6587e-16,0,5.5019,2.5079e-17,0,0.00011411,0.00011411,0,6.2024e-19,0,97.213,1176.8,FLYING
15.067,-4.658e-16,0,5.5019,2.508e-17,0,0.00011398,0.00011398,0,-1.4065e-19,0,97.212,1176.8,FLYING
15.07,-4.6574e-16,0,5.5019,2.508e-17,0,0.00011384,0.00011384,0,-1.071e-18,0,97.212,1176.8,FLYING
15.072,-4.6568e-16,0,5.5019,2.5079e-17,0,0.00011371,0.00011371,0,-2.1707e-18,0,97.211,1176.8,FLYING
15.075,-4.6562e-16,0,5.5019,2.5078e-17,0,0.00011357,0.00011357,0,-3.4398e-18,0,97.211,1176.8,FLYING
15.077,-4.6555e-16,0,5.5019,2.5077e-17,0,0.00011344,0.00011344,0,-4.7086e-18,0,97.21,1176.8,FLYING
15.08,-4.6549e-16,0,5.5019,2.5075e-17,0,0.00011331,0.00011331,0,-5.977e-18,0,97.21,1176.8,FLYING
15.082,-4.6543e-16,0,5.5019,2.5072e-17,0,0.00011317,0.00011317,0,-7.2451e-18,0,97.209,1176.8,FLYING
15.085,-4.6536e-16,0,5.5019,2.5069e-17,0,0.00011304,0.00011304,0,-8.513e-18,0,97.209,1176.8,FLYING
15.087,-4.653e-16,0,5.5019,2.5065e-17,0,0.0001129,0.0001129,0,-9.7805e-18,0,97.209,1176.8,FLYING
15.09,-4.6524e-16,0,5.5019,2.5061e-17,0,0.00011277,0.00011277,0,-1.1217e-17,0,97.208,1176.8,FLYING
15.092,-4.6518e-16,0,5.5019,2.5056e-17,0,0.00011264,0.00011264,0,-1.2823e-17,0,97.208,1176.8,FLYING
15.095,-4.6511e-16,0,5.5019,2.5051e-17,0,0.0001125,0.0001125,0,-1.4429e-17,0,97.207,1176.8,FLYING
15.097,-4.6505e-16,0,5.5019,2.5045e-17,0,0.00011237,0.00011237,0,-1.6034e-17,0,97.207,1176.8,FLYING
15.1,-4.6499e-16,0,5.5019,2.5038e-17,0,0.00011224,0.00011224,0,-1.7639e-17,0,97.206,1176.8,FLYING
15.102,-4.6493e-16,0,5.5019,2.503e-17,0,0.0001121,0.0001121,0,-1.9413e-17,0,97.206,1176.8,FLYING
15.105,-4.6486e-16,0,5.5019,2.5022e-17,0,0.00011197,0.00011197,0,-2.1357e-17,0,97.205,1176.8,FLYING
15.107,-4.648e-16,0,5.5019,2.5013e-17,0,0.00011184,0.00011184,0,-2.3299e-17,0,97.205,1176.8,FLYING
15.11,-4.6474e-16,0,5.5019,2.5003e-17,0,0.00011171,0.00011171,0,-2.4902e-17,0,97.204,1176.8,FLYING
15.112,-4.6468e-16,0,5.5019,2.4992e-17,0,0.00011158,0.00011158,0,-2.6166e-17,0,97.204,1176.8,FLYING
15.115,-4.6461e-16,0,5.5019,2.4981e-17,0,0.00011144,0.00011144,0,-2.709e-17,0,97.204,1176.8,FLYING
15.117,-4.6455e-16,0,5.5019,2.4969e-17,0,0.00011131,0.00011131,0,-2.7674e-17,0,97.203,1176.8,FLYING
15.12,-4.6449e-16,0,5.5019,2.4958e-17,0,0.00011118,0.00011118,0,-2.7919e-17,0,97.203,1176.8,FLYING
15.122,-4.6443e-16,0,5.5019,2.4946e-17,0,0.00011105,0.00011105,0,-2.7825e-17,0,97.202,1176.8,FLYING
15.125,-4.6436e-16,0,5.5019,2.4934e-17,0,0.00011092,0.00011092,0,-2.7561e-17,0,97.202,1176.8,FLYING
15.127,-4.643e-16,0,5.5019,2.4922e-17,0,0.00011079,0.00011079,0,-2.7127e-17,0,97.201,1176.8,FLYING
15.13,-4.6424e-16,0,5.5019,2.491e-17,0,0.00011065,0.00011065,0,-2.6354e-17,0,97.201,1176.8,FLYING
15.132,-4.6418e-16,0,5.5019,2.4899e-17,0,0.00011052,0.00011052,0,-2.5412e-17,0,97.2,1176.8,FLYING
15.135,-4.6412e-16,0,5.5019,2.4888e-17,0,0.00011039,0.00011039,0,-2.4301e-17,0,97.2,1176.8,FLYING
15.137,-4.6405e-16,0,5.5019,2.4878e-17,0,0.00011026,0.00011026,0,-2.3189e-17,0,97.199,1176.8,FLYING
15.14,-4.6399e-16,0,5.5019,2.4868e-17,0,0.00011013,0.00011013,0,-2.2248e-17,0,97.199,1176.8,FLYING
15.142,-4.6393e-16,0,5.5019,2.4858e-17,0,0.00011,0.00011,0,-2.1307e-17,0,97.198,1176.8,FLYING
15.145,-4.6387e-16,0,5.5019,2.4849e-17,0,0.00010987,0.00010987,0,-2.0366e-17,0,97.198,1176.8,FLYING
15.147,-4.638e-16,0,5.5019,2.4841e-17,0,0.00010974,0.00010974,0,-1.9425e-17,0,97.198,1176.8,FLYING
15.15,-4.6374e-16,0,5.5019,2.4832e-17,0,0.00010961,0.00010961,0,-1.8315e-17,0,97.197,1176.8,FLYING
15.152,-4.6368e-16,0,5.5019,2.4824e-17,0,0.00010948,0.00010948,0,-1.7375e-17,0,97.197,1176.8,FLYING
15.155,-4.6362e-16,0,5.5019,2.4817e-17,0,0.00010935,0.00010935,0,-1.6435e-17,0,97.196,1176.8,FLYING
15.157,-4.6356e-16,0,5.5019,2.481e-17,0,0.00010922,0.00010922,0,-1.5496e-17,0,97.196,1176.8,FLYING
15.16,-4.6349e-16,0,5.5019,2.4803e-17,0,0.00010909,0.00010909,0,-1.4726e-17,0,97.195,1176.8,FLYING
15.162,-4.6343e-16,0,5.502,2.4797e-17,0,0.00010896,0.00010896,0,-1.3787e-17,0,97.195,1176.8,FLYING
15.165,-4.6337e-16,0,5.502,2.4791e-17,0,0.00010884,0.00010884,0,-1.2848e-17,0,97.194,1176.8,FLYING
15.167,-4.6331e-16,0,5.502,2.4786e-17,0,0.00010871,0.00010871,0,-1.1909e-17,0,97.194,1176.8,FLYING
15.17,-4.6325e-16,0,5.502,2.478e-17,0,0.00010858,0.00010858,0,-1.0461e-17,0,97.193,1176.8,FLYING
15.172,-4.6318e-16,0,5.502,2.4776e-17,0,0.00010845,0.00010845,0,-8.675e-18,0,97.193,1176.8,FLYING
15.175,-4.6312e-16,0,5.502,2.4772e-17,0,0.00010832,0.00010832,0,-6.7195e-18,0,97.193,1176.8,FLYING
15.177,-4.6306e-16,0,5.502,2.4769e-17,0,0.00010819,0.00010819,0,-4.4253e-18,0,97.192,1176.8,FLYING
15.18,-4.63e-16,0,5.502,2.4768e-17,0,0.00010807,0.00010807,0,-1.7923e-18,0,97.192,1176.8,FLYING
15.182,-4.6294e-16,0,5.502,2.4767e-17,0,0.00010794,0.00010794,0,1.1793e-18,0,97.191,1176.8,FLYING
15.185,-4.6288e-16,0,5.502,2.4767e-17,0,0.00010781,0.00010781,0,4.3197e-18,0,97.191,1176.8,FLYING
15.187,-4.6281e-16,0,5.502,2.4769e-17,0,0.00010768,0.00010768,0,7.4594e-18,0,97.19,1176.8,FLYING
15.19,-4.6275e-16,0,5.502,2.4772e-17,0,0.00010755,0.00010755,0,1.0429e-17,0,97.19,1176.8,FLYING
15.192,-4.6269e-16,0,5.502,2.4777e-17,0,0.00010743,0.00010743,0,1.3228e-17,0,97.189,1176.8,FLYING
15.195,-4.6263e-16,0,5.502,2.4782e-17,0,0.0001073,0.0001073,0,1.6026e-17,0,97.189,1176.8,FLYING
15.197,-4.6257e-16,0,5.502,2.4789e-17,0,0.00010717,0.00010717,0,1.8993e-17,0,97.188,1176.8,FLYING
15.2,-4.625e-16,0,5.502,2.4797e-17,0,0.00010705,0.00010705,0,2.2129e-17,0,97.188,1176.8,FLYING
15.202,-4.6244e-16,0,5.502,2.4807e-17,0,0.00010692,0.00010692,0,2.5434e-17,0,97.188,1176.8,FLYING
15.205,-4.6238e-16,0,5.502,2.4818e-17,0,0.00010679,0.00010679,0,2.8907e-17,0,97.187,1176.8,FLYING
15.207,-4.6232e-16,0,5.502,2.483e-17,0,0.00010667,0.00010667,0,3.238e-17,0,97.187,1176.8,FLYING
15.21,-4.6226e-16,0,5.502,2.4844e-17,0,0.00010654,0.00010654,0,3.5682e-17,0,97.186,1176.8,FLYING
15.212,-4.6219e-16,0,5.502,2.4859e-17,0,0.00010642,0.00010642,0,3.8984e-17,0,97.186,1176.8,FLYING
15.215,-4.6213e-16,0,5.502,2.4876e-17,0,0.00010629,0.00010629,0,4.2115e-17,0,97.185,1176.8,FLYING
15.217,-4.6207e-16,0,5.502,2.4894e-17,0,0.00010616,0.00010616,0,4.5415e-17,0,97.185,1176.8,FLYING
15.22,-4.6201e-16,0,5.502,2.4913e-17,0,0.00010604,0.00010604,0,4.8544e-17,0,97.184,1176.8,FLYING
15.222,-4.6194e-16,0,5.502,2.4934e-17,0,0.00010591,0.00010591,0,5.1673e-17,0,97.184,1176.8,FLYING
15.225,-4.6188e-16,0,5.502,2.4956e-17,0,0.00010579,0.00010579,0,5.4631e-17,0,97.183,1176.8,FLYING
15.227,-4.6182e-16,0,5.502,2.498e-17,0,0.00010566,0.00010566,0,5.7419e-17,0,97.183,1176.8,FLYING
15.23,-4.6176e-16,0,5.502,2.5004e-17,0,0.00010554,0.00010554,0,6.0375e-17,0,97.183,1176.8,FLYING
15.232,-4.6169e-16,0,5.502,2.503e-17,0,0.00010541,0.00010541,0,6.3501e-17,0,97.182,1176.8,FLYING
15.235,-4.6163e-16,0,5.502,2.5057e-17,0,0.00010529,0.00010529,0,6.6626e-17,0,97.182,1176.8,FLYING
15.237,-4.6157e-16,0,5.502,2.5086e-17,0,0.00010516,0.00010516,0,6.958e-17,0,97.181,1176.8,FLYING
15.24,-4.6151e-16,0,5.502,2.5115e-17,0,0.00010504,0.00010504,0,7.2364e-17,0,97.181,1176.8,FLYING
15.242,-4.6144e-16,0,5.502,2.5146e-17,0,0.00010491,0.00010491,0,7.5148e-17,0,97.18,1176.8,FLYING
15.245,-4.6138e-16,0,5.502,2.5179e-17,0,0.00010479,0.00010479,0,7.7931e-17,0,97.18,1176.8,FLYING
15.247,-4.6132e-16,0,5.502,2.5212e-17,0,0.00010467,0.00010467,0,8.0713e-17,0,97.179,1176.8,FLYING
15.25,-4.6125e-16,0,5.502,2.5246e-17,0,0.00010454,0.00010454,0,8.3494e-17,0,97.179,1176.8,FLYING
15.252,-4.6119e-16,0,5.502,2.5282e-17,0,0.00010442,0.00010442,0,8.6274e-17,0,97.178,1176.8,FLYING
15.255,-4.6113e-16,0,5.502,2.5319e-17,0,0.00010429,0.00010429,0,8.9054e-17,0,97.178,1176.8,FLYING
15.257,-4.6106e-16,0,5.502,2.5357e-17,0,0.00010417,0.00010417,0,9.1834e-17,0,97.177,1176.8,FLYING
15.26,-4.61e-16,0,5.502,2.5397e-17,0,0.00010405,0.00010405,0,9.4782e-17,0,97.177,1176.8,FLYING
15.262,-4.6094e-16,0,5.502,2.5437e-17,0,0.00010393,0.00010393,0,9.7899e-17,0,97.177,1176.8,FLYING
15.265,-4.6087e-16,0,5.502,2.5479e-17,0,0.0001038,0.0001038,0,1.0118e-16,0,97.176,1176.8,FLYING
15.267,-4.6081e-16,0,5.502,2.5522e-17,0,0.00010368,0.00010368,0,1.0447e-16,0,97.176,1176.8,FLYING
15.27,-4.6075e-16,0,5.502,2.5567e-17,0,0.00010356,0.00010356,0,1.0792e-16,0,97.175,1176.8,FLYING
15.272,-4.6068e-16,0,5.502,2.5613e-17,0,0.00010343,0.00010343,0,1.1104e-16,0,97.175,1176.8,FLYING
15.275,-4.6062e-16,0,5.502,2.5661e-17,0,0.00010331,0.00010331,0,1.1398e-16,0,97.174,1176.8,FLYING
15.277,-4.6055e-16,0,5.502,2.5709e-17,0,0.00010319,0.00010319,0,1.1658e-16,0,97.174,1176.8,FLYING
15.28,-4.6049e-16,0,5.502,2.5759e-17,0,0.00010307,0.00010307,0,1.1868e-16,0,97.173,1176.8,FLYING
15.282,-4.6042e-16,0,5.502,2.581e-17,0,0.00010295,0.00010295,0,1.2043e-16,0,97.173,1176.8,FLYING
15.285,-4.6036e-16,0,5.502,2.5862e-17,0,0.00010282,0.00010282,0,1.2185e-16,0,97.172,1176.8,FLYING
15.287,-4.6029e-16,0,5.502,2.5914e-17,0,0.0001027,0.0001027,0,1.2292e-16,0,97.172,1176.8,FLYING
15.29,-4.6023e-16,0,5.502,2.5966e-17,0,0.00010258,0.00010258,0,1.2349e-16,0,97.172,1176.8,FLYING
15.292,-4.6016e-16,0,5.502,2.6019e-17,0,0.00010246,0.00010246,0,1.2371e-16,0,97.171,1176.8,FLYING
15.295,-4.601e-16,0,5.502,2.6072e-17,0,0.00010234,0.00010234,0,1.2377e-16,0,97.171,1176.8,FLYING
15.297,-4.6003e-16,0,5.502,2.6125e-17,0,0.00010222,0.00010222,0,1.2349e-16,0,97.17,1176.8,FLYING
15.3,-4.5997e-16,0,5.502,2.6178e-17,0,0.0001021,0.0001021,0,1.2286e-16,0,97.17,1176.8,FLYING
15.302,-4.599e-16,0,5.502,2.6231e-17,0,0.00010198,0.00010198,0,1.2173e-16,0,97.169,1176.8,FLYING
15.305,-4.5984e-16,0,5.502,2.6283e-17,0,0.00010185,0.00010185,0,1.2026e-16,0,97.169,1176.8,FLYING
15.307,-4.5977e-16,0,5.502,2.6334e-17,0,0.00010173,0.00010173,0,1.1846e-16,0,97.168,1176.8,FLYING
15.31,-4.5971e-16,0,5.502,2.6385e-17,0,0.00010161,0.00010161,0,1.1631e-16,0,97.168,1176.8,FLYING
15.312,-4.5964e-16,0,5.502,2.6435e-17,0,0.00010149,0.00010149,0,1.1382e-16,0,97.167,1176.8,FLYING
15.315,-4.5957e-16,0,5.502,2.6483e-17,0,0.00010137,0.00010137,0,1.1083e-16,0,97.167,1176.8,FLYING
15.317,-4.5951e-16,0,5.502,2.6531e-17,0,0.00010125,0.00010125,0,1.0733e-16,0,97.167,1176.8,FLYING
15.32,-4.5944e-16,0,5.502,2.6577e-17,0,0.00010113,0.00010113,0,1.0331e-16,0,97.166,1176.8,FLYING
15.322,-4.5937e-16,0,5.502,2.6621e-17,0,0.00010101,0.00010101,0,9.8796e-17,0,97.166,1176.8,FLYING
15.325,-4.5931e-16,0,5.502,2.6663e-17,0,0.00010089,0.00010089,0,9.377e-17,0,97.165,1176.8,FLYING
15.327,-4.5924e-16,0,5.502,2.6703e-17,0,0.00010078,0.00010078,0,8.8406e-17,0,97.165,1176.8,FLYING
15.33,-4.5917e-16,0,5.502,2.6741e-17,0,0.00010066,0.00010066,0,8.2704e-17,0,97.164,1176.8,FLYING
15.332,-4.5911e-16,0,5.502,2.6776e-17,0,0.00010054,0.00010054,0,7.6664e-17,0,97.164,1176.8,FLYING
15.335,-4.5904e-16,0,5.502,2.6809e-17,0,0.00010042,0.00010042,0,7.0116e-17,0,97.163,1176.8,FLYING
15.337,-4.5897e-16,0,5.502,2.6839e-17,0,0.0001003,0.0001003,0,6.3232e-17,0,97.163,1176.8,FLYING
15.34,-4.5891e-16,0,5.502,2.6866e-17,0,0.00010018,0.00010018,0,5.6009e-17,0,97.162,1176.8,FLYING
15.342,-4.5884e-16,0,5.502,2.689e-17,0,0.00010006,0.00010006,0,4.8619e-17,0,97.162,1176.8,FLYING
15.345,-4.5877e-16,0,5.502,2.6911e-17,0,9.9943e-05,9.9943e-05,0,4.0721e-17,0,97.162,1176.8,FLYING
15.347,-4.587e-16,0,5.502,2.6928e-17,0,9.9825e-05,9.9825e-05,0,3.2826e-17,0,97.161,1176.8,FLYING
15.35,-4.5864e-16,0,5.502,2.6942e-17,0,9.9707e-05,9.9707e-05,0,2.4763e-17,0,97.161,1176.8,FLYING
15.352,-4.5857e-16,0,5.502,2.6953e-17,0,9.9589e-05,9.9589e-05,0,1.6532e-17,0,97.16,1176.8,FLYING
15.355,-4.585e-16,0,5.502,2.696e-17,0,9.9471e-05,9.9471e-05,0,8.4735e-18,0,97.16,1176.8,FLYING
15.357,-4.5843e-16,0,5.502,2.6964e-17,0,9.9354e-05,9.9354e-05,0,7.5579e-19,0,97.159,1176.8,FLYING
15.36,-4.5837e-16,0,5.502,2.6964e-17,0,9.9236e-05,9.9236e-05,0,-6.7903e-18,0,97.159,1176.8,FLYING
15.362,-4.583e-16,0,5.502,2.6961e-17,0,9.9119e-05,9.9119e-05,0,-1.3995e-17,0,97.158,1176.8,FLYING
15.365,-4.5823e-16,0,5.502,2.6955e-17,0,9.9001e-05,9.9001e-05,0,-2.1029e-17,0,97.158,1176.8,FLYING
15.367,-4.5816e-16,0,5.502,2.6946e-17,0,9.8884e-05,9.8884e-05,0,-2.7552e-17,0,97.157,1176.8,FLYING
15.37,-4.581e-16,0,5.502,2.6934e-17,0,9.8767e-05,9.8767e-05,0,-3.3734e-17,0,97.157,1176.8,FLYING
15.372,-4.5803e-16,0,5.502,2.692e-17,0,9.865e-05,9.865e-05,0,-3.9745e-17,0,97.157,1176.8,FLYING
15.375,-4.5796e-16,0,5.502,2.6903e-17,0,9.8534e-05,9.8534e-05,0,-4.5584e-17,0,97.156,1176.8,FLYING
15.377,-4.579e-16,0,5.502,2.6883e-17,0,9.8417e-05,9.8417e-05,0,-5.1083e-17,0,97.156,1176.8,FLYING
15.38,-4.5783e-16,0,5.502,2.6862e-17,0,9.8301e-05,9.8301e-05,0,-5.6072e-17,0,97.155,1176.8,FLYING
15.382,-4.5776e-16,0,5.502,2.6838e-17,0,9.8184e-05,9.8184e-05,0,-6.055e-17,0,97.155,1176.8,FLYING
15.385,-4.5769e-16,0,5.502,2.6812e-17,0,9.8068e-05,9.8068e-05,0,-6.4689e-17,0,97.154,1176.8,FLYING
15.387,-4.5763e-16,0,5.502,2.6784e-17,0,9.7952e-05,9.7952e-05,0,-6.8656e-17,0,97.154,1176.8,FLYING
15.39,-4.5756e-16,0,5.502,2.6755e-17,0,9.7836e-05,9.7836e-05,0,-7.2114e-17,0,97.153,1176.8,FLYING
15.392,-4.5749e-16,0,5.502,2.6724e-17,0,9.7721e-05,9.7721e-05,0,-7.5401e-17,0,97.153,1176.8,FLYING
15.395,-4.5743e-16,0,5.502,2.6692e-17,0,9.7605e-05,9.7605e-05,0,-7.8348e-17,0,97.152,1176.8,FLYING
15.397,-4.5736e-16,0,5.502,2.6658e-17,0,9.7489e-05,9.7489e-05,0,-8.0955e-17,0,97.152,1176.8,FLYING
15.4,-4.5729e-16,0,5.502,2.6623e-17,0,9.7374e-05,9.7374e-05,0,-8.3222e-17,0,97.151,1176.8,FLYING
15.402,-4.5723e-16,0,5.502,2.6588e-17,0,9.7259e-05,9.7259e-05,0,-8.498e-17,0,97.151,1176.8,FLYING
15.405,-4.5716e-16,0,5.502,2.6551e-17,0,9.7144e-05,9.7144e-05,0,-8.6398e-17,0,97.151,1176.8,FLYING
15.407,-4.5709e-16,0,5.502,2.6514e-17,0,9.7029e-05,9.7029e-05,0,-8.7476e-17,0,97.15,1176.8,FLYING
15.41,-4.5703e-16,0,5.502,2.6477e-17,0,9.6914e-05,9.6914e-05,0,-8.8385e-17,0,97.15,1176.8,FLYING
15.412,-4.5696e-16,0,5.502,2.6439e-17,0,9.6799e-05,9.6799e-05,0,-8.9124e-17,0,97.149,1176.8,FLYING
15.415,-4.569e-16,0,5.502,2.6401e-17,0,9.6685e-05,9.6685e-05,0,-8.9523e-17,0,97.149,1176.8,FLYING
15.417,-4.5683e-16,0,5.502,2.6363e-17,0,9.6571e-05,9.6571e-05,0,-8.9583e-17,0,97.148,1176.8,FLYING
15.42,-4.5676e-16,0,5.502,2.6324e-17,0,9.6456e-05,9.6456e-05,0,-8.9473e-17,0,97.148,1176.8,FLYING
15.422,-4.567e-16,0,5.502,2.6286e-17,0,9.6342e-05,9.6342e-05,0,-8.9024e-17,0,97.147,1176.8,FLYING
15.425,-4.5663e-16,0,5.502,2.6248e-17,0,9.6228e-05,9.6228e-05,0,-8.8405e-17,0,97.147,1176.8,FLYING
15.427,-4.5657e-16,0,5.502,2.621e-17,0,9.6114e-05,9.6114e-05,0,-8.7617e-17,0,97.146,1176.8,FLYING
15.43,-4.565e-16,0,5.502,2.6173e-17,0,9.6001e-05,9.6001e-05,0,-8.649e-17,0,97.146,1176.8,FLYING
15.432,-4.5644e-16,0,5.502,2.6136e-17,0,9.5887e-05,9.5887e-05,0,-8.5194e-17,0,97.146,1176.8,FLYING
15.435,-4.5637e-16,0,5.502,2.6099e-17,0,9.5774e-05,9.5774e-05,0,-8.3558e-17,0,97.145,1176.8,FLYING
15.437,-4.5631e-16,0,5.502,2.6064e-17,0,9.566e-05,9.566e-05,0,-8.1754e-17,0,97.145,1176.8,FLYING
15.44,-4.5624e-16,0,5.502,2.6029e-17,0,9.5547e-05,9.5547e-05,0,-7.978e-17,0,97.144,1176.8,FLYING
15.442,-4.5618e-16,0,5.502,2.5994e-17,0,9.5434e-05,9.5434e-05,0,-7.7637e-17,0,97.144,1176.8,FLYING
15.445,-4.5611e-16,0,5.502,2.5961e-17,0,9.5321e-05,9.5321e-05,0,-7.5155e-17,0,97.143,1176.8,FLYING
15.447,-4.5605e-16,0,5.502,2.5929e-17,0,9.5208e-05,9.5208e-05,0,-7.2505e-17,0,97.143,1176.8,FLYING
15.45,-4.5598e-16,0,5.502,2.5898e-17,0,9.5096e-05,9.5096e-05,0,-6.9515e-17,0,97.142,1176.8,FLYING
15.452,-4.5592e-16,0,5.502,2.5868e-17,0,9.4983e-05,9.4983e-05,0,-6.6188e-17,0,97.142,1176.8,FLYING
15.455,-4.5585e-16,0,5.502,2.584e-17,0,9.4871e-05,9.4871e-05,0,-6.2691e-17,0,97.141,1176.8,FLYING
15.457,-4.5579e-16,0,5.502,2.5813e-17,0,9.4759e-05,9.4759e-05,0,-5.8687e-17,0,97.141,1176.8,FLYING
15.46,-4.5572e-16,0,5.502,2.5788e-17,0,9.4646e-05,9.4646e-05,0,-5.4513e-17,0,97.141,1176.8,FLYING
15.462,-4.5566e-16,0,5.502,2.5765e-17,0,9.4534e-05,9.4534e-05,0,-4.9832e-17,0,97.14,1176.8,FLYING
15.465,-4.5559e-16,0,5.502,2.5743e-17,0,9.4423e-05,9.4423e-05,0,-4.4644e-17,0,97.14,1176.8,FLYING
15.467,-4.5553e-16,0,5.502,2.5724e-17,0,9.4311e-05,9.4311e-05,0,-3.9117e-17,0,97.139,1176.8,FLYING
15.47,-4.5547e-16,0,5.502,2.5707e-17,0,9.4199e-05,9.4199e-05,0,-3.3252e-17,0,97.139,1176.8,FLYING
15.472,-4.554e-16,0,5.502,2.5693e-17,0,9.4088e-05,9.4088e-05,0,-2.722e-17,0,97.138,1176.8,FLYING
15.475,-4.5534e-16,0,5.502,2.5682e-17,0,9.3977e-05,9.3977e-05,0,-2.1019e-17,0,97.138,1176.8,FLYING
15.477,-4.5527e-16,0,5.502,2.5673e-17,0,9.3865e-05,9.3865e-05,0,-1.465e-17,0,97.137,1176.8,FLYING
15.48,-4.5521e-16,0,5.502,2.5666e-17,0,9.3754e-05,9.3754e-05,0,-8.1127e-18,0,97.137,1176.8,FLYING
15.482,-4.5515e-16,0,5.502,2.5663e-17,0,9.3643e-05,9.3643e-05,0,-1.2381e-18,0,97.136,1176.8,FLYING
15.485,-4.5508e-16,0,5.502,2.5662e-17,0,9.3533e-05,9.3533e-05,0,5.9741e-18,0,97.136,1176.8,FLYING
15.487,-4.5502e-16,0,5.502,2.5665e-17,0,9.3422e-05,9.3422e-05,0,1.3524e-17,0,97.136,1176.8,FLYING
15.49,-4.5495e-16,0,5.502,2.5671e-17,0,9.3311e-05,9.3311e-05,0,2.1241e-17,0,97.135,1176.8,FLYING
15.492,-4.5489e-16,0,5.502,2.568e-17,0,9.3201e-05,9.3201e-05,0,2.9296e-17,0,97.135,1176.8,FLYING
15.495,-4.5482e-16,0,5.502,2.5692e-17,0,9.3091e-05,9.3091e-05,0,3.7518e-17,0,97.134,1176.8,FLYING
15.497,-4.5476e-16,0,5.502,2.5708e-17,0,9.2981e-05,9.2981e-05,0,4.5908e-17,0,97.134,1176.8,FLYING
15.5,-4.547e-16,0,5.502,2.5728e-17,0,9.2871e-05,9.2871e-05,0,5.4465e-17,0,97.133,1176.8,FLYING
15.502,-4.5463e-16,0,5.502,2.5751e-17,0,9.2761e-05,9.2761e-05,0,6.2851e-17,0,97.133,1176.8,FLYING
15.505,-4.5457e-16,0,5.502,2.5778e-17,0,9.2651e-05,9.2651e-05,0,7.1065e-17,0,97.132,1176.8,FLYING
15.507,-4.545e-16,0,5.502,2.5809e-17,0,9.2541e-05,9.2541e-05,0,7.9446e-17,0,97.132,1176.8,FLYING
15.51,-4.5444e-16,0,5.502,2.5843e-17,0,9.2432e-05,9.2432e-05,0,8.7826e-17,0,97.131,1176.8,FLYING
15.512,-4.5437e-16,0,5.502,2.588e-17,0,9.2323e-05,9.2323e-05,0,9.6373e-17,0,97.131,1176.8,FLYING
15.515,-4.5431e-16,0,5.502,2.5921e-17,0,9.2213e-05,9.2213e-05,0,1.0492e-16,0,97.13,1176.8,FLYING
15.517,-4.5424e-16,0,5.502,2.5966e-17,0,9.2104e-05,9.2104e-05,0,1.1346e-16,0,97.13,1176.8,FLYING
15.52,-4.5418e-16,0,5.502,2.6015e-17,0,9.1995e-05,9.1995e-05,0,1.2183e-16,0,97.13,1176.8,FLYING
15.522,-4.5411e-16,0,5.502,2.6067e-17,0,9.1886e-05,9.1886e-05,0,1.302e-16,0,97.129,1176.8,FLYING
15.525,-4.5405e-16,0,5.502,2.6123e-17,0,9.1778e-05,9.1778e-05,0,1.3857e-16,0,97.129,1176.8,FLYING
15.527,-4.5398e-16,0,5.502,2.6182e-17,0,9.1669e-05,9.1669e-05,0,1.471e-16,0,97.128,1176.8,FLYING
15.53,-4.5392e-16,0,5.502,2.6245e-17,0,9.1561e-05,9.1561e-05,0,1.5563e-16,0,97.128,1176.8,FLYING
15.532,-4.5385e-16,0,5.502,2.6312e-17,0,9.1452e-05,9.1452e-05,0,1.6416e-16,0,97.127,1176.8,FLYING
15.535,-4.5379e-16,0,5.502,2.6382e-17,0,9.1344e-05,9.1344e-05,0,1.7269e-16,0,97.127,1176.8,FLYING
15.537,-4.5372e-16,0,5.502,2.6456e-17,0,9.1236e-05,9.1236e-05,0,1.8122e-16,0,97.126,1176.8,FLYING
15.54,-4.5365e-16,0,5.502,2.6533e-17,0,9.1128e-05,9.1128e-05,0,1.8974e-16,0,97.126,1176.8,FLYING
15.542,-4.5359e-16,0,5.502,2.6614e-17,0,9.102e-05,9.102e-05,0,1.9843e-16,0,97.125,1176.8,FLYING
15.545,-4.5352e-16,0,5.502,2.6699e-17,0,9.0913e-05,9.0913e-05,0,2.0712e-16,0,97.125,1176.8,FLYING
15.547,-4.5345e-16,0,5.502,2.6788e-17,0,9.0805e-05,9.0805e-05,0,2.1564e-16,0,97.125,1176.8,FLYING
15.55,-4.5339e-16,0,5.502,2.688e-17,0,9.0698e-05,9.0698e-05,0,2.2415e-16,0,97.124,1176.8,FLYING
15.552,-4.5332e-16,0,5.502,2.6976e-17,0,9.059e-05,9.059e-05,0,2.325e-16,0,97.124,1176.8,FLYING
15.555,-4.5325e-16,0,5.502,2.7076e-17,0,9.0483e-05,9.0483e-05,0,2.405e-16,0,97.123,1176.8,FLYING
15.557,-4.5318e-16,0,5.502,2.7179e-17,0,9.0376e-05,9.0376e-05,0,2.4833e-16,0,97.123,1176.8,FLYING
15.56,-4.5311e-16,0,5.502,2.7285e-17,0,9.0269e-05,9.0269e-05,0,2.5582e-16,0,97.122,1176.8,FLYING
15.562,-4.5305e-16,0,5.502,2.7394e-17,0,9.0162e-05,9.0162e-05,0,2.6296e-16,0,97.122,1176.8,FLYING
15.565,-4.5298e-16,0,5.502,2.7507e-17,0,9.0056e-05,9.0056e-05,0,2.6994e-16,0,97.121,1176.8,FLYING
15.567,-4.5291e-16,0,5.502,2.7622e-17,0,8.9949e-05,8.9949e-05,0,2.7641e-16,0,97.121,1176.8,FLYING
15.57,-4.5284e-16,0,5.502,2.7741e-17,0,8.9843e-05,8.9843e-05,0,2.827e-16,0,97.12,1176.8,FLYING
15.572,-4.5277e-16,0,5.502,2.7862e-17,0,8.9736e-05,8.9736e-05,0,2.8866e-16,0,97.12,1176.8,FLYING
15.575,-4.527e-16,0,5.502,2.7985e-17,0,8.963e-05,8.963e-05,0,2.9427e-16,0,97.12,1176.8,FLYING
15.577,-4.5263e-16,0,5.502,2.8111e-17,0,8.9524e-05,8.9524e-05,0,2.9954e-16,0,97.119,1176.8,FLYING
15.58,-4.5256e-16,0,5.502,2.8239e-17,0,8.9418e-05,8.9418e-05,0,3.0447e-16,0,97.119,1176.8,FLYING
15.582,-4.5249e-16,0,5.502,2.8369e-17,0,8.9312e-05,8.9312e-05,0,3.0906e-16,0,97.118,1176.8,FLYING
15.585,-4.5242e-16,0,5.502,2.8502e-17,0,8.9207e-05,8.9207e-05,0,3.1331e-16,0,97.118,1176.8,FLYING
15.587,-4.5234e-16,0,5.502,2.8636e-17,0,8.9101e-05,8.9101e-05,0,3.1739e-16,0,97.117,1176.8,FLYING
15.59,-4.5227e-16,0,5.502,2.8772e-17,0,8.8996e-05,8.8996e-05,0,3.213e-16,0,97.117,1176.8,FLYING
15.592,-4.522e-16,0,5.502,2.8909e-17,0,8.8891e-05,8.8891e-05,0,3.247e-16,0,97.116,1176.8,FLYING
15.595,-4.5213e-16,0,5.502,2.9048e-17,0,8.8785e-05,8.8785e-05,0,3.2776e-16,0,97.116,1176.8,FLYING
15.597,-4.5205e-16,0,5.502,2.9188e-17,0,8.868e-05,8.868e-05,0,3.3031e-16,0,97.115,1176.8,FLYING
15.6,-4.5198e-16,0,5.502,2.933e-17,0,8.8575e-05,8.8575e-05,0,3.3252e-16,0,97.115,1176.8,FLYING
15.602,-4.5191e-16,0,5.502,2.9472e-17,0,8.8471e-05,8.8471e-05,0,3.3439e-16,0,97.115,1176.8,FLYING
15.605,-4.5183e-16,0,5.502,2.9615e-17,0,8.8366e-05,8.8366e-05,0,3.3575e-16,0,97.114,1176.8,FLYING
15.607,-4.5176e-16,0,5.502,2.9759e-17,0,8.8261e-05,8.8261e-05,0,3.3695e-16,0,97.114,1176.8,FLYING
15.61,-4.5168e-16,0,5.502,2.9903e-17,0,8.8157e-05,8.8157e-05,0,3.3763e-16,0,97.113,1176.8,FLYING
15.612,-4.5161e-16,0,5.502,3.0047e-17,0,8.8053e-05,8.8053e-05,0,3.3797e-16,0,97.113,1176.8,FLYING
15.615,-4.5153e-16,0,5.502,3.0192e-17,0,8.7948e-05,8.7948e-05,0,3.3797e-16,0,97.112,1176.8,FLYING
15.617,-4.5146e-16,0,5.502,3.0336e-17,0,8.7844e-05,8.7844e-05,0,3.3764e-16,0,97.112,1176.8,FLYING
15.62,-4.5138e-16,0,5.502,3.0481e-17,0,8.774e-05,8.774e-05,0,3.3696e-16,0,97.111,1176.8,FLYING
15.622,-4.513e-16,0,5.502,3.0625e-17,0,8.7637e-05,8.7637e-05,0,3.3595e-16,0,97.111,1176.8,FLYING
15.625,-4.5123e-16,0,5.502,3.0769e-17,0,8.7533e-05,8.7533e-05,0,3.3442e-16,0,97.11,1176.8,FLYING
15.627,-4.5115e-16,0,5.502,3.0912e-17,0,8.7429e-05,8.7429e-05,0,3.3256e-16,0,97.11,1176.8,FLYING
15.63,-4.5107e-16,0,5.502,3.1054e-17,0,8.7326e-05,8.7326e-05,0,3.3036e-16,0,97.11,1176.8,FLYING
15.632,-4.51e-16,0,5.502,3.1196e-17,0,8.7223e-05,8.7223e-05,0,3.2782e-16,0,97.109,1176.8,FLYING
15.635,-4.5092e-16,0,5.502,3.1336e-17,0,8.7119e-05,8.7119e-05,0,3.2494e-16,0,97.109,1176.8,FLYING
15.637,-4.5084e-16,0,5.502,3.1475e-17,0,8.7016e-05,8.7016e-05,0,3.2189e-16,0,97.108,1176.8,FLYING
15.64,-4.5076e-16,0,5.502,3.1613e-17,0,8.6913e-05,8.6913e-05,0,3.1851e-16,0,97.108,1176.8,FLYING
15.642,-4.5068e-16,0,5.502,3.1749e-17,0,8.6811e-05,8.6811e-05,0,3.1462e-16,0,97.107,1176.8,FLYING
15.645,-4.506e-16,0,5.502,3.1884e-17,0,8.6708e-05,8.6708e-05,0,3.1021e-16,0,97.107,1176.8,FLYING
15.647,-4.5052e-16,0,5.502,3.2016e-17,0,8.6605e-05,8.6605e-05,0,3.053e-16,0,97.106,1176.8,FLYING
15.65,-4.5044e-16,0,5.502,3.2147e-17,0,8.6503e-05,8.6503e-05,0,2.9989e-16,0,97.106,1176.8,FLYING
15.652,-4.5036e-16,0,5.502,3.2275e-17,0,8.6401e-05,8.6401e-05,0,2.9396e-16,0,97.105,1176.8,FLYING
15.655,-4.5028e-16,0,5.502,3.2401e-17,0,8.6298e-05,8.6298e-05,0,2.8787e-16,0,97.105,1176.8,FLYING
15.657,-4.502e-16,0,5.502,3.2524e-17,0,8.6196e-05,8.6196e-05,0,2.8178e-16,0,97.104,1176.8,FLYING
15.66,-4.5011e-16,0,5.502,3.2645e-17,0,8.6094e-05,8.6094e-05,0,2.7569e-16,0,97.104,1176.8,FLYING
15.662,-4.5003e-16,0,5.502,3.2763e-17,0,8.5992e-05,8.5992e-05,0,2.6943e-16,0,97.104,1176.8,FLYING
15.665,-4.4995e-16,0,5.502,3.2878e-17,0,8.5891e-05,8.5891e-05,0,2.6284e-16,0,97.103,1176.8,FLYING
15.667,-4.4987e-16,0,5.502,3.2991e-17,0,8.5789e-05,8.5789e-05,0,2.5607e-16,0,97.103,1176.8,FLYING
15.67,-4.4979e-16,0,5.502,3.31e-17,0,8.5687e-05,8.5687e-05,0,2.4897e-16,0,97.102,1176.8,FLYING
15.672,-4.497e-16,0,5.502,3.3207e-17,0,8.5586e-05,8.5586e-05,0,2.4153e-16,0,97.102,1176.8,FLYING
15.675,-4.4962e-16,0,5.502,3.331e-17,0,8.5485e-05,8.5485e-05,0,2.3359e-16,0,97.101,1176.8,FLYING
15.677,-4.4954e-16,0,5.502,3.341e-17,0,8.5384e-05,8.5384e-05,0,2.2547e-16,0,97.101,1176.8,FLYING
15.68,-4.4945e-16,0,5.502,3.3506e-17,0,8.5283e-05,8.5283e-05,0,2.1702e-16,0,97.1,1176.8,FLYING
15.682,-4.4937e-16,0,5.502,3.3599e-17,0,8.5182e-05,8.5182e-05,0,2.0824e-16,0,97.1,1176.8,FLYING
15.685,-4.4928e-16,0,5.502,3.3688e-17,0,8.5081e-05,8.5081e-05,0,1.9911e-16,0,97.099,1176.8,FLYING
15.687,-4.492e-16,0,5.502,3.3774e-17,0,8.498e-05,8.498e-05,0,1.8948e-16,0,97.099,1176.8,FLYING
15.69,-4.4911e-16,0,5.502,3.3855e-17,0,8.488e-05,8.488e-05,0,1.7951e-16,0,97.099,1176.8,FLYING
15.692,-4.4903e-16,0,5.502,3.3931e-17,0,8.4779e-05,8.4779e-05,0,1.6955e-16,0,97.098,1176.8,FLYING
15.695,-4.4894e-16,0,5.502,3.4004e-17,0,8.4679e-05,8.4679e-05,0,1.5992e-16,0,97.098,1176.8,FLYING
15.697,-4.4886e-16,0,5.502,3.4072e-17,0,8.4579e-05,8.4579e-05,0,1.5064e-16,0,97.097,1176.8,FLYING
15.7,-4.4877e-16,0,5.502,3.4137e-17,0,8.4479e-05,8.4479e-05,0,1.4153e-16,0,97.097,1176.8,FLYING
15.702,-4.4869e-16,0,5.502,3.4197e-17,0,8.4379e-05,8.4379e-05,0,1.3276e-16,0,97.096,1176.8,FLYING
15.705,-4.486e-16,0,5.502,3.4254e-17,0,8.4279e-05,8.4279e-05,0,1.2416e-16,0,97.096,1176.8,FLYING
15.707,-4.4852e-16,0,5.502,3.4307e-17,0,8.4179e-05,8.4179e-05,0,1.1574e-16,0,97.095,1176.8,FLYING
15.71,-4.4843e-16,0,5.502,3.4357e-17,0,8.408e-05,8.408e-05,0,1.0766e-16,0,97.095,1176.8,FLYING
15.712,-4.4835e-16,0,5.502,3.4403e-17,0,8.398e-05,8.398e-05,0,9.9913e-17,0,97.094,1176.8,FLYING
15.715,-4.4826e-16,0,5.502,3.4446e-17,0,8.3881e-05,8.3881e-05,0,9.2342e-17,0,97.094,1176.8,FLYING
15.717,-4.4817e-16,0,5.502,3.4485e-17,0,8.3782e-05,8.3782e-05,0,8.5112e-17,0,97.094,1176.8,FLYING
15.72,-4.4809e-16,0,5.502,3.4522e-17,0,8.3683e-05,8.3683e-05,0,7.8223e-17,0,97.093,1176.8,FLYING
15.722,-4.48e-16,0,5.502,3.4555e-17,0,8.3584e-05,8.3584e-05,0,7.1676e-17,0,97.093,1176.8,FLYING
15.725,-4.4791e-16,0,5.502,3.4586e-17,0,8.3485e-05,8.3485e-05,0,6.5469e-17,0,97.092,1176.8,FLYING
15.727,-4.4783e-16,0,5.502,3.4614e-17,0,8.3386e-05,8.3386e-05,0,5.9603e-17,0,97.092,1176.8,FLYING
15.73,-4.4774e-16,0,5.502,3.4639e-17,0,8.3287e-05,8.3287e-05,0,5.4247e-17,0,97.091,1176.8,FLYING
15.732,-4.4765e-16,0,5.502,3.4663e-17,0,8.3189e-05,8.3189e-05,0,4.9232e-17,0,97.091,1176.8,FLYING
15.735,-4.4757e-16,0,5.502,3.4684e-17,0,8.309e-05,8.309e-05,0,4.4388e-17,0,97.09,1176.8,FLYING
15.737,-4.4748e-16,0,5.502,3.4703e-17,0,8.2992e-05,8.2992e-05,0,3.9715e-17,0,97.09,1176.8,FLYING
15.74,-4.4739e-16,0,5.502,3.472e-17,0,8.2894e-05,8.2894e-05,0,3.5212e-17,0,97.089,1176.8,FLYING
15.742,-4.4731e-16,0,5.502,3.4735e-17,0,8.2796e-05,8.2796e-05,0,3.122e-17,0,97.089,1176.8,FLYING
15.745,-4.4722e-16,0,5.502,3.4748e-17,0,8.2698e-05,8.2698e-05,0,2.7059e-17,0,97.089,1176.8,FLYING
15.747,-4.4713e-16,0,5.502,3.476e-17,0,8.26e-05,8.26e-05,0,2.2898e-17,0,97.088,1176.8,FLYING
15.75,-4.4705e-16,0,5.502,3.4769e-17,0,8.2502e-05,8.2502e-05,0,1.8739e-17,0,97.088,1176.8,FLYING
15.752,-4.4696e-16,0,5.502,3.4777e-17,0,8.2405e-05,8.2405e-05,0,1.4581e-17,0,97.087,1176.8,FLYING
15.755,-4.4687e-16,0,5.502,3.4784e-17,0,8.2307e-05,8.2307e-05,0,1.0764e-17,0,97.087,1176.8,FLYING
15.757,-4.4679e-16,0,5.502,3.4788e-17,0,8.221e-05,8.221e-05,0,7.4558e-18,0,97.086,1176.8,FLYING
15.76,-4.467e-16,0,5.502,3.4791e-17,0,8.2112e-05,8.2112e-05,0,4.488e-18,0,97.086,1176.8,FLYING
15.762,-4.4661e-16,0,5.502,3.4793e-17,0,8.2015e-05,8.2015e-05,0,1.8602e-18,0,97.085,1176.8,FLYING
15.765,-4.4652e-16,0,5.502,3.4794e-17,0,8.1918e-05,8.1918e-05,0,-4.2764e-19,0,97.085,1176.8,FLYING
15.767,-4.4644e-16,0,5.502,3.4794e-17,0,8.1821e-05,8.1821e-05,0,-2.8846e-18,0,97.084,1176.8,FLYING
15.77,-4.4635e-16,0,5.502,3.4793e-17,0,8.1724e-05,8.1724e-05,0,-5.3409e-18,0,97.084,1176.8,FLYING
15.772,-4.4626e-16,0,5.502,3.479e-17,0,8.1628e-05,8.1628e-05,0,-7.7966e-18,0,97.084,1176.8,FLYING
15.775,-4.4618e-16,0,5.502,3.4787e-17,0,8.1531e-05,8.1531e-05,0,-1.0421e-17,0,97.083,1176.8,FLYING
15.777,-4.4609e-16,0,5.502,3.4783e-17,0,8.1435e-05,8.1435e-05,0,-1.3215e-17,0,97.083,1176.8,FLYING
15.78,-4.46e-16,0,5.502,3.4777e-17,0,8.1338e-05,8.1338e-05,0,-1.6008e-17,0,97.082,1176.8,FLYING
15.782,-4.4592e-16,0,5.502,3.477e-17,0,8.1242e-05,8.1242e-05,0,-1.88e-17,0,97.082,1176.8,FLYING
15.785,-4.4583e-16,0,5.502,3.4762e-17,0,8.1146e-05,8.1146e-05,0,-2.1761e-17,0,97.081,1176.8,FLYING
15.787,-4.4574e-16,0,5.502,3.4753e-17,0,8.105e-05,8.105e-05,0,-2.4892e-17,0,97.081,1176.8,FLYING
15.79,-4.4566e-16,0,5.502,3.4742e-17,0,8.0954e-05,8.0954e-05,0,-2.8191e-17,0,97.08,1176.8,FLYING
15.792,-4.4557e-16,0,5.502,3.473e-17,0,8.0858e-05,8.0858e-05,0,-3.1319e-17,0,97.08,1176.8,FLYING
15.795,-4.4548e-16,0,5.502,3.4717e-17,0,8.0763e-05,8.0763e-05,0,-3.4447e-17,0,97.079,1176.8,FLYING
15.797,-4.4539e-16,0,5.502,3.4702e-17,0,8.0667e-05,8.0667e-05,0,-3.7574e-17,0,97.079,1176.8,FLYING
15.8,-4.4531e-16,0,5.502,3.4686e-17,0,8.0572e-05,8.0572e-05,0,-4.053e-17,0,97.078,1176.8,FLYING
15.802,-4.4522e-16,0,5.502,3.4669e-17,0,8.0476e-05,8.0476e-05,0,-4.3656e-17,0,97.078,1176.8,FLYING
15.805,-4.4513e-16,0,5.502,3.465e-17,0,8.0381e-05,8.0381e-05,0,-4.678e-17,0,97.078,1176.8,FLYING
15.807,-4.4505e-16,0,5.502,3.463e-17,0,8.0286e-05,8.0286e-05,0,-4.9735e-17,0,97.077,1176.8,FLYING
15.81,-4.4496e-16,0,5.502,3.4609e-17,0,8.0191e-05,8.0191e-05,0,-5.2688e-17,0,97.077,1176.8,FLYING
15.812,-4.4488e-16,0,5.502,3.4586e-17,0,8.0096e-05,8.0096e-05,0,-5.581e-17,0,97.076,1176.8,FLYING
15.815,-4.4479e-16,0,5.502,3.4562e-17,0,8.0001e-05,8.0001e-05,0,-5.9102e-17,0,97.076,1176.8,FLYING
15.817,-4.447e-16,0,5.502,3.4537e-17,0,7.9907e-05,7.9907e-05,0,-6.2562e-17,0,97.075,1176.8,FLYING
15.82,-4.4462e-16,0,5.502,3.451e-17,0,7.9812e-05,7.9812e-05,0,-6.6021e-17,0,97.075,1176.8,FLYING
15.822,-4.4453e-16,0,5.502,3.4482e-17,0,7.9718e-05,7.9718e-05,0,-6.9479e-17,0,97.074,1176.8,FLYING
15.825,-4.4444e-16,0,5.502,3.4452e-17,0,7.9624e-05,7.9624e-05,0,-7.2597e-17,0,97.074,1176.8,FLYING
15.827,-4.4436e-16,0,5.502,3.4421e-17,0,7.9529e-05,7.9529e-05,0,-7.5545e-17,0,97.073,1176.8,FLYING
15.83,-4.4427e-16,0,5.502,3.4389e-17,0,7.9435e-05,7.9435e-05,0,-7.8323e-17,0,97.073,1176.8,FLYING
15.832,-4.4419e-16,0,5.502,3.4355e-17,0,7.9341e-05,7.9341e-05,0,-8.093e-17,0,97.073,1176.8,FLYING
15.835,-4.441e-16,0,5.502,3.4321e-17,0,7.9247e-05,7.9247e-05,0,-8.3027e-17,0,97.072,1176.8,FLYING
15.837,-4.4401e-16,0,5.502,3.4285e-17,0,7.9154e-05,7.9154e-05,0,-8.4785e-17,0,97.072,1176.8,FLYING
15.84,-4.4393e-16,0,5.502,3.4249e-17,0,7.906e-05,7.906e-05,0,-8.6203e-17,0,97.071,1176.8,FLYING
15.842,-4.4384e-16,0,5.502,3.4212e-17,0,7.8966e-05,7.8966e-05,0,-8.7281e-17,0,97.071,1176.8,FLYING
15.845,-4.4376e-16,0,5.502,3.4174e-17,0,7.8873e-05,7.8873e-05,0,-8.819e-17,0,97.07,1176.8,FLYING
15.847,-4.4367e-16,0,5.502,3.4137e-17,0,7.878e-05,7.878e-05,0,-8.8929e-17,0,97.07,1176.8,FLYING
15.85,-4.4359e-16,0,5.502,3.4099e-17,0,7.8686e-05,7.8686e-05,0,-8.9498e-17,0,97.069,1176.8,FLYING
15.852,-4.435e-16,0,5.502,3.406e-17,0,7.8593e-05,7.8593e-05,0,-8.9727e-17,0,97.069,1176.8,FLYING
15.855,-4.4342e-16,0,5.502,3.4022e-17,0,7.85e-05,7.85e-05,0,-8.9787e-17,0,97.068,1176.8,FLYING
15.857,-4.4333e-16,0,5.502,3.3984e-17,0,7.8408e-05,7.8408e-05,0,-8.9677e-17,0,97.068,1176.8,FLYING
15.86,-4.4325e-16,0,5.502,3.3945e-17,0,7.8315e-05,7.8315e-05,0,-8.9228e-17,0,97.068,1176.8,FLYING
15.862,-4.4316e-16,0,5.502,3.3907e-17,0,7.8222e-05,7.8222e-05,0,-8.844e-17,0,97.067,1176.8,FLYING
15.865,-4.4308e-16,0,5.502,3.3869e-17,0,7.813e-05,7.813e-05,0,-8.7312e-17,0,97.067,1176.8,FLYING
15.867,-4.4299e-16,0,5.502,3.3832e-17,0,7.8037e-05,7.8037e-05,0,-8.5676e-17,0,97.066,1176.8,FLYING
15.87,-4.4291e-16,0,5.502,3.3795e-17,0,7.7945e-05,7.7945e-05,0,-8.3702e-17,0,97.066,1176.8,FLYING
15.872,-4.4282e-16,0,5.502,3.3759e-17,0,7.7853e-05,7.7853e-05,0,-8.1388e-17,0,97.065,1176.8,FLYING
15.875,-4.4274e-16,0,5.502,3.3725e-17,0,7.776e-05,7.776e-05,0,-7.8906e-17,0,97.065,1176.8,FLYING
15.877,-4.4266e-16,0,5.502,3.3691e-17,0,7.7668e-05,7.7668e-05,0,-7.6084e-17,0,97.064,1176.8,FLYING
15.88,-4.4257e-16,0,5.502,3.3658e-17,0,7.7577e-05,7.7577e-05,0,-7.2925e-17,0,97.064,1176.8,FLYING
15.882,-4.4249e-16,0,5.502,3.3627e-17,0,7.7485e-05,7.7485e-05,0,-6.9257e-17,0,97.063,1176.8,FLYING
15.885,-4.424e-16,0,5.502,3.3597e-17,0,7.7393e-05,7.7393e-05,0,-6.5081e-17,0,97.063,1176.8,FLYING
15.887,-4.4232e-16,0,5.502,3.357e-17,0,7.7302e-05,7.7302e-05,0,-6.0567e-17,0,97.063,1176.8,FLYING
15.89,-4.4224e-16,0,5.502,3.3544e-17,0,7.721e-05,7.721e-05,0,-5.5545e-17,0,97.062,1176.8,FLYING
15.892,-4.4215e-16,0,5.502,3.352e-17,0,7.7119e-05,7.7119e-05,0,-5.0355e-17,0,97.062,1176.8,FLYING
15.895,-4.4207e-16,0,5.502,3.3498e-17,0,7.7027e-05,7.7027e-05,0,-4.4996e-17,0,97.061,1176.8,FLYING
15.897,-4.4198e-16,0,5.502,3.3479e-17,0,7.6936e-05,7.6936e-05,0,-3.9639e-17,0,97.061,1176.8,FLYING
15.9,-4.419e-16,0,5.502,3.3462e-17,0,7.6845e-05,7.6845e-05,0,-3.4453e-17,0,97.06,1176.8,FLYING
15.902,-4.4182e-16,0,5.502,3.3447e-17,0,7.6754e-05,7.6754e-05,0,-2.9268e-17,0,97.06,1176.8,FLYING
15.905,-4.4173e-16,0,5.502,3.3435e-17,0,7.6664e-05,7.6664e-05,0,-2.4254e-17,0,97.059,1176.8,FLYING
15.907,-4.4165e-16,0,5.502,3.3424e-17,0,7.6573e-05,7.6573e-05,0,-1.9072e-17,0,97.059,1176.8,FLYING
15.91,-4.4157e-16,0,5.502,3.3416e-17,0,7.6482e-05,7.6482e-05,0,-1.3891e-17,0,97.058,1176.8,FLYING
15.912,-4.4148e-16,0,5.502,3.341e-17,0,7.6392e-05,7.6392e-05,0,-8.7109e-18,0,97.058,1176.8,FLYING
15.915,-4.414e-16,0,5.502,3.3407e-17,0,7.6301e-05,7.6301e-05,0,-3.5324e-18,0,97.057,1176.8,FLYING
15.917,-4.4132e-16,0,5.502,3.3405e-17,0,7.6211e-05,7.6211e-05,0,1.6448e-18,0,97.057,1176.8,FLYING
15.92,-4.4123e-16,0,5.502,3.3406e-17,0,7.6121e-05,7.6121e-05,0,6.6511e-18,0,97.057,1176.8,FLYING
15.922,-4.4115e-16,0,5.502,3.3409e-17,0,7.6031e-05,7.6031e-05,0,1.1656e-17,0,97.056,1176.8,FLYING
15.925,-4.4107e-16,0,5.502,3.3414e-17,0,7.5941e-05,7.5941e-05,0,1.666e-17,0,97.056,1176.8,FLYING
15.927,-4.4098e-16,0,5.502,3.3421e-17,0,7.5851e-05,7.5851e-05,0,2.1493e-17,0,97.055,1176.8,FLYING
15.93,-4.409e-16,0,5.502,3.343e-17,0,7.5761e-05,7.5761e-05,0,2.6324e-17,0,97.055,1176.8,FLYING
15.932,-4.4081e-16,0,5.502,3.3441e-17,0,7.5672e-05,7.5672e-05,0,3.0985e-17,0,97.054,1176.8,FLYING
15.935,-4.4073e-16,0,5.502,3.3454e-17,0,7.5582e-05,7.5582e-05,0,3.5475e-17,0,97.054,1176.8,FLYING
15.937,-4.4065e-16,0,5.502,3.347e-17,0,7.5493e-05,7.5493e-05,0,3.9794e-17,0,97.053,1176.8,FLYING
15.94,-4.4056e-16,0,5.502,3.3487e-17,0,7.5403e-05,7.5403e-05,0,4.3943e-17,0,97.053,1176.8,FLYING
15.942,-4.4048e-16,0,5.502,3.3505e-17,0,7.5314e-05,7.5314e-05,0,4.826e-17,0,97.052,1176.8,FLYING
15.945,-4.404e-16,0,5.502,3.3526e-17,0,7.5225e-05,7.5225e-05,0,5.2407e-17,0,97.052,1176.8,FLYING
15.947,-4.4031e-16,0,5.502,3.3549e-17,0,7.5136e-05,7.5136e-05,0,5.6552e-17,0,97.052,1176.8,FLYING
15.95,-4.4023e-16,0,5.502,3.3573e-17,0,7.5047e-05,7.5047e-05,0,6.0527e-17,0,97.051,1176.8,FLYING
15.952,-4.4014e-16,0,5.502,3.3599e-17,0,7.4958e-05,7.4958e-05,0,6.467e-17,0,97.051,1176.8,FLYING
15.955,-4.4006e-16,0,5.502,3.3626e-17,0,7.487e-05,7.487e-05,0,6.8813e-17,0,97.05,1176.8,FLYING
15.957,-4.3998e-16,0,5.502,3.3656e-17,0,7.4781e-05,7.4781e-05,0,7.3124e-17,0,97.05,1176.8,FLYING
15.96,-4.3989e-16,0,5.502,3.3687e-17,0,7.4693e-05,7.4693e-05,0,7.7264e-17,0,97.049,1176.8,FLYING
15.962,-4.3981e-16,0,5.502,3.372e-17,0,7.4604e-05,7.4604e-05,0,8.1403e-17,0,97.049,1176.8,FLYING
15.965,-4.3972e-16,0,5.502,3.3755e-17,0,7.4516e-05,7.4516e-05,0,8.5541e-17,0,97.048,1176.8,FLYING
15.967,-4.3964e-16,0,5.502,3.3792e-17,0,7.4428e-05,7.4428e-05,0,8.9509e-17,0,97.048,1176.8,FLYING
15.97,-4.3955e-16,0,5.502,3.383e-17,0,7.434e-05,7.434e-05,0,9.3475e-17,0,97.047,1176.8,FLYING
15.972,-4.3947e-16,0,5.502,3.387e-17,0,7.4252e-05,7.4252e-05,0,9.7271e-17,0,97.047,1176.8,FLYING
15.975,-4.3938e-16,0,5.502,3.3911e-17,0,7.4164e-05,7.4164e-05,0,1.0107e-16,0,97.047,1176.8,FLYING
15.977,-4.393e-16,0,5.502,3.3955e-17,0,7.4076e-05,7.4076e-05,0,1.0469e-16,0,97.046,1176.8,FLYING
15.98,-4.3921e-16,0,5.502,3.4e-17,0,7.3989e-05,7.3989e-05,0,1.0831e-16,0,97.046,1176.8,FLYING
15.982,-4.3913e-16,0,5.502,3.4046e-17,0,7.3901e-05,7.3901e-05,0,1.1194e-16,0,97.045,1176.8,FLYING
15.985,-4.3904e-16,0,5.502,3.4094e-17,0,7.3814e-05,7.3814e-05,0,1.1573e-16,0,97.045,1176.8,FLYING
15.987,-4.3896e-16,0,5.502,3.4143e-17,0,7.3726e-05,7.3726e-05,0,1.1935e-16,0,97.044,1176.8,FLYING
15.99,-4.3887e-16,0,5.502,3.4194e-17,0,7.3639e-05,7.3639e-05,0,1.2314e-16,0,97.044,1176.8,FLYING
15.992,-4.3879e-16,0,5.502,3.4247e-17,0,7.3552e-05,7.3552e-05,0,1.2693e-16,0,97.043,1176.8,FLYING
15.995,-4.387e-16,0,5.502,3.4301e-17,0,7.3465e-05,7.3465e-05,0,1.3054e-16,0,97.043,1176.8,FLYING
15.997,-4.3862e-16,0,5.502,3.4357e-17,0,7.3378e-05,7.3378e-05,0,1.3399e-16,0,97.042,1176.8,FLYING
16,-4.3853e-16,0,5.502,3.4415e-17,0,7.3291e-05,7.3291e-05,0,1.3744e-16,0,97.042,1176.8,FLYING
16.002,-4.3844e-16,0,5.502,3.4473e-17,0,7.3205e-05,7.3205e-05,0,1.4088e-16,0,97.042,1176.8,FLYING
16.005,-4.3836e-16,0,5.502,3.4534e-17,0,7.3118e-05,7.3118e-05,0,1.4433e-16,0,97.041,1176.8,FLYING
16.007,-4.3827e-16,0,5.502,3.4595e-17,0,7.3031e-05,7.3031e-05,0,1.4777e-16,0,97.041,1176.8,FLYING
16.01,-4.3818e-16,0,5.502,3.4659e-17,0,7.2945e-05,7.2945e-05,0,1.5105e-16,0,97.04,1176.8,FLYING
16.012,-4.381e-16,0,5.502,3.4723e-17,0,7.2859e-05,7.2859e-05,0,1.5432e-16,0,97.04,1176.8,FLYING
16.015,-4.3801e-16,0,5.502,3.4789e-17,0,7.2773e-05,7.2773e-05,0,1.5742e-16,0,97.039,1176.8,FLYING
16.017,-4.3792e-16,0,5.502,3.4857e-17,0,7.2686e-05,7.2686e-05,0,1.6052e-16,0,97.039,1176.8,FLYING
16.02,-4.3784e-16,0,5.502,3.4925e-17,0,7.26e-05,7.26e-05,0,1.6362e-16,0,97.038,1176.8,FLYING
16.022,-4.3775e-16,0,5.502,3.4995e-17,0,7.2515e-05,7.2515e-05,0,1.6672e-16,0,97.038,1176.8,FLYING
16.025,-4.3766e-16,0,5.502,3.5067e-17,0,7.2429e-05,7.2429e-05,0,1.6965e-16,0,97.037,1176.8,FLYING
16.027,-4.3757e-16,0,5.502,3.5139e-17,0,7.2343e-05,7.2343e-05,0,1.7258e-16,0,97.037,1176.8,FLYING
16.03,-4.3749e-16,0,5.502,3.5213e-17,0,7.2257e-05,7.2257e-05,0,1.7568e-16,0,97.037,1176.8,FLYING
16.032,-4.374e-16,0,5.502,3.5288e-17,0,7.2172e-05,7.2172e-05,0,1.7861e-16,0,97.036,1176.8,FLYING
16.035,-4.3731e-16,0,5.502,3.5365e-17,0,7.2087e-05,7.2087e-05,0,1.8136e-16,0,97.036,1176.8,FLYING
16.037,-4.3722e-16,0,5.502,3.5442e-17,0,7.2001e-05,7.2001e-05,0,1.8395e-16,0,97.035,1176.8,FLYING
16.04,-4.3713e-16,0,5.502,3.5521e-17,0,7.1916e-05,7.1916e-05,0,1.8603e-16,0,97.035,1176.8,FLYING
16.042,-4.3704e-16,0,5.502,3.5601e-17,0,7.1831e-05,7.1831e-05,0,1.8776e-16,0,97.034,1176.8,FLYING
16.045,-4.3695e-16,0,5.502,3.5681e-17,0,7.1746e-05,7.1746e-05,0,1.8899e-16,0,97.034,1176.8,FLYING
16.047,-4.3686e-16,0,5.502,3.5762e-17,0,7.1661e-05,7.1661e-05,0,1.8971e-16,0,97.033,1176.8,FLYING
16.05,-4.3677e-16,0,5.502,3.5843e-17,0,7.1576e-05,7.1576e-05,0,1.9009e-16,0,97.033,1176.8,FLYING
16.052,-4.3668e-16,0,5.502,3.5924e-17,0,7.1492e-05,7.1492e-05,0,1.903e-16,0,97.032,1176.8,FLYING
16.055,-4.3659e-16,0,5.502,3.6006e-17,0,7.1407e-05,7.1407e-05,0,1.9e-16,0,97.032,1176.8,FLYING
16.057,-4.365e-16,0,5.502,3.6087e-17,0,7.1323e-05,7.1323e-05,0,1.8919e-16,0,97.031,1176.8,FLYING
16.06,-4.3641e-16,0,5.502,3.6168e-17,0,7.1238e-05,7.1238e-05,0,1.8821e-16,0,97.031,1176.8,FLYING
16.062,-4.3632e-16,0,5.502,3.6249e-17,0,7.1154e-05,7.1154e-05,0,1.8707e-16,0,97.031,1176.8,FLYING
16.065,-4.3623e-16,0,5.502,3.6329e-17,0,7.107e-05,7.107e-05,0,1.8541e-16,0,97.03,1176.8,FLYING
16.067,-4.3614e-16,0,5.502,3.6408e-17,0,7.0986e-05,7.0986e-05,0,1.8342e-16,0,97.03,1176.8,FLYING
16.07,-4.3605e-16,0,5.502,3.6486e-17,0,7.0902e-05,7.0902e-05,0,1.8108e-16,0,97.029,1176.8,FLYING
16.072,-4.3596e-16,0,5.502,3.6564e-17,0,7.0818e-05,7.0818e-05,0,1.7841e-16,0,97.029,1176.8,FLYING
16.075,-4.3587e-16,0,5.502,3.664e-17,0,7.0734e-05,7.0734e-05,0,1.7523e-16,0,97.028,1176.8,FLYING
16.077,-4.3578e-16,0,5.502,3.6715e-17,0,7.065e-05,7.065e-05,0,1.7188e-16,0,97.028,1176.8,FLYING
16.08,-4.3568e-16,0,5.502,3.6789e-17,0,7.0567e-05,7.0567e-05,0,1.6802e-16,0,97.027,1176.8,FLYING
16.082,-4.3559e-16,0,5.502,3.6861e-17,0,7.0483e-05,7.0483e-05,0,1.6366e-16,0,97.027,1176.8,FLYING
16.085,-4.355e-16,0,5.502,3.6931e-17,0,7.04e-05,7.04e-05,0,1.5896e-16,0,97.026,1176.8,FLYING
16.087,-4.3541e-16,0,5.502,3.6999e-17,0,7.0317e-05,7.0317e-05,0,1.5391e-16,0,97.026,1176.8,FLYING
16.09,-4.3531e-16,0,5.502,3.7065e-17,0,7.0233e-05,7.0233e-05,0,1.4854e-16,0,97.026,1176.8,FLYING
16.092,-4.3522e-16,0,5.502,3.7128e-17,0,7.015e-05,7.015e-05,0,1.4265e-16,0,97.025,1176.8,FLYING
16.095,-4.3513e-16,0,5.502,3.7189e-17,0,7.0067e-05,7.0067e-05,0,1.3642e-16,0,97.025,1176.8,FLYING
16.097,-4.3503e-16,0,5.502,3.7248e-17,0,6.9984e-05,6.9984e-05,0,1.2986e-16,0,97.024,1176.8,FLYING
16.1,-4.3494e-16,0,5.502,3.7303e-17,0,6.9902e-05,6.9902e-05,0,1.2296e-16,0,97.024,1176.8,FLYING
16.102,-4.3485e-16,0,5.502,3.7356e-17,0,6.9819e-05,6.9819e-05,0,1.1572e-16,0,97.023,1176.8,FLYING
16.105,-4.3475e-16,0,5.502,3.7405e-17,0,6.9736e-05,6.9736e-05,0,1.0815e-16,0,97.023,1176.8,FLYING
16.107,-4.3466e-16,0,5.502,3.7452e-17,0,6.9654e-05,6.9654e-05,0,1.0007e-16,0,97.022,1176.8,FLYING
16.11,-4.3457e-16,0,5.502,3.7494e-17,0,6.9571e-05,6.9571e-05,0,9.1479e-17,0,97.022,1176.8,FLYING
16.112,-4.3447e-16,0,5.502,3.7534e-17,0,6.9489e-05,6.9489e-05,0,8.2384e-17,0,97.021,1176.8,FLYING
16.115,-4.3438e-16,0,5.502,3.7569e-17,0,6.9407e-05,6.9407e-05,0,7.3121e-17,0,97.021,1176.8,FLYING
16.117,-4.3429e-16,0,5.502,3.76e-17,0,6.9325e-05,6.9325e-05,0,6.3861e-17,0,97.021,1176.8,FLYING
16.12,-4.3419e-16,0,5.502,3.7627e-17,0,6.9243e-05,6.9243e-05,0,5.4433e-17,0,97.02,1176.8,FLYING
16.122,-4.341e-16,0,5.502,3.7651e-17,0,6.9161e-05,6.9161e-05,0,4.5347e-17,0,97.02,1176.8,FLYING
16.125,-4.34e-16,0,5.502,3.767e-17,0,6.9079e-05,6.9079e-05,0,3.6602e-17,0,97.019,1176.8,FLYING
16.127,-4.3391e-16,0,5.502,3.7686e-17,0,6.8997e-05,6.8997e-05,0,2.8199e-17,0,97.019,1176.8,FLYING
16.13,-4.3381e-16,0,5.502,3.7698e-17,0,6.8916e-05,6.8916e-05,0,2.0137e-17,0,97.018,1176.8,FLYING
16.132,-4.3372e-16,0,5.502,3.7706e-17,0,6.8834e-05,6.8834e-05,0,1.2247e-17,0,97.018,1176.8,FLYING
16.135,-4.3363e-16,0,5.502,3.7712e-17,0,6.8753e-05,6.8753e-05,0,4.8674e-18,0,97.017,1176.8,FLYING
16.137,-4.3353e-16,0,5.502,3.7714e-17,0,6.8671e-05,6.8671e-05,0,-2.3405e-18,0,97.017,1176.8,FLYING
16.14,-4.3344e-16,0,5.502,3.7713e-17,0,6.859e-05,6.859e-05,0,-9.3769e-18,0,97.016,1176.8,FLYING
16.142,-4.3334e-16,0,5.502,3.7709e-17,0,6.8509e-05,6.8509e-05,0,-1.5903e-17,0,97.016,1176.8,FLYING
16.145,-4.3325e-16,0,5.502,3.7702e-17,0,6.8428e-05,6.8428e-05,0,-2.2088e-17,0,97.016,1176.8,FLYING
16.147,-4.3315e-16,0,5.502,3.7692e-17,0,6.8347e-05,6.8347e-05,0,-2.8101e-17,0,97.015,1176.8,FLYING
16.15,-4.3306e-16,0,5.502,3.768e-17,0,6.8266e-05,6.8266e-05,0,-3.3944e-17,0,97.015,1176.8,FLYING
16.152,-4.3297e-16,0,5.502,3.7666e-17,0,6.8185e-05,6.8185e-05,0,-3.9615e-17,0,97.014,1176.8,FLYING
16.155,-4.3287e-16,0,5.502,3.7649e-17,0,6.8105e-05,6.8105e-05,0,-4.5116e-17,0,97.014,1176.8,FLYING
16.157,-4.3278e-16,0,5.502,3.763e-17,0,6.8024e-05,6.8024e-05,0,-5.0276e-17,0,97.013,1176.8,FLYING
16.16,-4.3268e-16,0,5.502,3.7608e-17,0,6.7943e-05,6.7943e-05,0,-5.5095e-17,0,97.013,1176.8,FLYING
16.162,-4.3259e-16,0,5.502,3.7585e-17,0,6.7863e-05,6.7863e-05,0,-5.9574e-17,0,97.012,1176.8,FLYING
16.165,-4.325e-16,0,5.502,3.7559e-17,0,6.7783e-05,6.7783e-05,0,-6.3712e-17,0,97.012,1176.8,FLYING
16.167,-4.324e-16,0,5.502,3.7532e-17,0,6.7703e-05,6.7703e-05,0,-6.768e-17,0,97.011,1176.8,FLYING
16.17,-4.3231e-16,0,5.502,3.7503e-17,0,6.7623e-05,6.7623e-05,0,-7.1308e-17,0,97.011,1176.8,FLYING
16.172,-4.3222e-16,0,5.502,3.7472e-17,0,6.7543e-05,6.7543e-05,0,-7.4595e-17,0,97.011,1176.8,FLYING
16.175,-4.3212e-16,0,5.502,3.744e-17,0,6.7463e-05,6.7463e-05,0,-7.7542e-17,0,97.01,1176.8,FLYING
16.177,-4.3203e-16,0,5.502,3.7407e-17,0,6.7383e-05,6.7383e-05,0,-8.015e-17,0,97.01,1176.8,FLYING
16.18,-4.3193e-16,0,5.502,3.7373e-17,0,6.7303e-05,6.7303e-05,0,-8.2247e-17,0,97.009,1176.8,FLYING
16.182,-4.3184e-16,0,5.502,3.7338e-17,0,6.7223e-05,6.7223e-05,0,-8.4005e-17,0,97.009,1176.8,FLYING
16.185,-4.3175e-16,0,5.502,3.7302e-17,0,6.7144e-05,6.7144e-05,0,-8.5423e-17,0,97.008,1176.8,FLYING
16.187,-4.3165e-16,0,5.502,3.7265e-17,0,6.7064e-05,6.7064e-05,0,-8.6502e-17,0,97.008,1176.8,FLYING
16.19,-4.3156e-16,0,5.502,3.7228e-17,0,6.6985e-05,6.6985e-05,0,-8.7241e-17,0,97.007,1176.8,FLYING
16.192,-4.3147e-16,0,5.502,3.7191e-17,0,6.6906e-05,6.6906e-05,0,-8.7811e-17,0,97.007,1176.8,FLYING
16.195,-4.3138e-16,0,5.502,3.7153e-17,0,6.6827e-05,6.6827e-05,0,-8.821e-17,0,97.006,1176.8,FLYING
16.197,-4.3128e-16,0,5.502,3.7116e-17,0,6.6748e-05,6.6748e-05,0,-8.844e-17,0,97.006,1176.8,FLYING
16.2,-4.3119e-16,0,5.502,3.7078e-17,0,6.6669e-05,6.6669e-05,0,-8.833e-17,0,97.005,1176.8,FLYING
16.202,-4.311e-16,0,5.502,3.704e-17,0,6.659e-05,6.659e-05,0,-8.8051e-17,0,97.005,1176.8,FLYING
16.205,-4.3101e-16,0,5.502,3.7002e-17,0,6.6511e-05,6.6511e-05,0,-8.7433e-17,0,97.005,1176.8,FLYING
16.207,-4.3091e-16,0,5.502,3.6965e-17,0,6.6432e-05,6.6432e-05,0,-8.6645e-17,0,97.004,1176.8,FLYING
16.21,-4.3082e-16,0,5.502,3.6928e-17,0,6.6354e-05,6.6354e-05,0,-8.5518e-17,0,97.004,1176.8,FLYING
16.212,-4.3073e-16,0,5.502,3.6891e-17,0,6.6275e-05,6.6275e-05,0,-8.4052e-17,0,97.003,1176.8,FLYING
16.215,-4.3064e-16,0,5.502,3.6855e-17,0,6.6197e-05,6.6197e-05,0,-8.2757e-17,0,97.003,1176.8,FLYING
16.217,-4.3054e-16,0,5.502,3.682e-17,0,6.6118e-05,6.6118e-05,0,-8.1461e-17,0,97.002,1176.8,FLYING
16.22,-4.3045e-16,0,5.502,3.6785e-17,0,6.604e-05,6.604e-05,0,-8.0336e-17,0,97.002,1176.8,FLYING
16.222,-4.3036e-16,0,5.502,3.6751e-17,0,6.5962e-05,6.5962e-05,0,-7.921e-17,0,97.001,1176.8,FLYING
16.225,-4.3027e-16,0,5.502,3.6717e-17,0,6.5884e-05,6.5884e-05,0,-7.8085e-17,0,97.001,1176.8,FLYING
16.227,-4.3018e-16,0,5.502,3.6683e-17,0,6.5806e-05,6.5806e-05,0,-7.6961e-17,0,97,1176.8,FLYING
16.23,-4.3009e-16,0,5.502,3.665e-17,0,6.5728e-05,6.5728e-05,0,-7.6006e-17,0,97,1176.8,FLYING
16.232,-4.2999e-16,0,5.502,3.6618e-17,0,6.5651e-05,6.5651e-05,0,-7.5051e-17,0,97,1176.8,FLYING
16.235,-4.299e-16,0,5.502,3.6586e-17,0,6.5573e-05,6.5573e-05,0,-7.4267e-17,0,96.999,1176.8,FLYING
16.237,-4.2981e-16,0,5.502,3.6554e-17,0,6.5495e-05,6.5495e-05,0,-7.3482e-17,0,96.999,1176.8,FLYING
16.24,-4.2972e-16,0,5.502,3.6523e-17,0,6.5418e-05,6.5418e-05,0,-7.2698e-17,0,96.998,1176.8,FLYING
16.242,-4.2963e-16,0,5.502,3.6491e-17,0,6.534e-05,6.534e-05,0,-7.1914e-17,0,96.998,1176.8,FLYING
16.245,-4.2954e-16,0,5.502,3.6461e-17,0,6.5263e-05,6.5263e-05,0,-7.113e-17,0,96.997,1176.8,FLYING
16.247,-4.2945e-16,0,5.502,3.643e-17,0,6.5186e-05,6.5186e-05,0,-7.0516e-17,0,96.997,1176.8,FLYING
16.25,-4.2936e-16,0,5.502,3.64e-17,0,6.5109e-05,6.5109e-05,0,-7.0071e-17,0,96.996,1176.8,FLYING
16.252,-4.2926e-16,0,5.502,3.637e-17,0,6.5032e-05,6.5032e-05,0,-6.9288e-17,0,96.996,1176.8,FLYING
16.255,-4.2917e-16,0,5.502,3.634e-17,0,6.4955e-05,6.4955e-05,0,-6.8674e-17,0,96.995,1176.8,FLYING
16.257,-4.2908e-16,0,5.502,3.6311e-17,0,6.4878e-05,6.4878e-05,0,-6.823e-17,0,96.995,1176.8,FLYING
16.26,-4.2899e-16,0,5.502,3.6282e-17,0,6.4801e-05,6.4801e-05,0,-6.7617e-17,0,96.995,1176.8,FLYING
16.262,-4.289e-16,0,5.502,3.6253e-17,0,6.4724e-05,6.4724e-05,0,-6.7004e-17,0,96.994,1176.8,FLYING
16.265,-4.2881e-16,0,5.502,3.6224e-17,0,6.4648e-05,6.4648e-05,0,-6.6221e-17,0,96.994,1176.8,FLYING
16.267,-4.2872e-16,0,5.502,3.6196e-17,0,6.4571e-05,6.4571e-05,0,-6.5439e-17,0,96.993,1176.8,FLYING
16.27,-4.2863e-16,0,5.502,3.6168e-17,0,6.4495e-05,6.4495e-05,0,-6.4487e-17,0,96.993,1176.8,FLYING
16.272,-4.2854e-16,0,5.502,3.614e-17,0,6.4419e-05,6.4419e-05,0,-6.3535e-17,0,96.992,1176.8,FLYING
16.275,-4.2845e-16,0,5.502,3.6113e-17,0,6.4342e-05,6.4342e-05,0,-6.2753e-17,0,96.992,1176.8,FLYING
16.277,-4.2836e-16,0,5.502,3.6086e-17,0,6.4266e-05,6.4266e-05,0,-6.1802e-17,0,96.991,1176.8,FLYING
16.28,-4.2827e-16,0,5.502,3.606e-17,0,6.419e-05,6.419e-05,0,-6.119e-17,0,96.991,1176.8,FLYING
16.282,-4.2818e-16,0,5.502,3.6034e-17,0,6.4114e-05,6.4114e-05,0,-6.0918e-17,0,96.99,1176.8,FLYING
16.285,-4.2809e-16,0,5.502,3.6008e-17,0,6.4039e-05,6.4039e-05,0,-6.1155e-17,0,96.99,1176.8,FLYING
16.287,-4.28e-16,0,5.502,3.5981e-17,0,6.3963e-05,6.3963e-05,0,-6.1561e-17,0,96.99,1176.8,FLYING
16.29,-4.2791e-16,0,5.502,3.5955e-17,0,6.3887e-05,6.3887e-05,0,-6.2476e-17,0,96.989,1176.8,FLYING
16.292,-4.2782e-16,0,5.502,3.5928e-17,0,6.3811e-05,6.3811e-05,0,-6.3899e-17,0,96.989,1176.8,FLYING
16.295,-4.2773e-16,0,5.502,3.5901e-17,0,6.3736e-05,6.3736e-05,0,-6.5662e-17,0,96.988,1176.8,FLYING
16.297,-4.2764e-16,0,5.502,3.5873e-17,0,6.3661e-05,6.3661e-05,0,-6.7933e-17,0,96.988,1176.8,FLYING
16.3,-4.2755e-16,0,5.502,3.5844e-17,0,6.3585e-05,6.3585e-05,0,-7.0543e-17,0,96.987,1176.8,FLYING
16.302,-4.2746e-16,0,5.502,3.5814e-17,0,6.351e-05,6.351e-05,0,-7.3321e-17,0,96.987,1176.8,FLYING
16.305,-4.2737e-16,0,5.502,3.5782e-17,0,6.3435e-05,6.3435e-05,0,-7.6608e-17,0,96.986,1176.8,FLYING
16.307,-4.2728e-16,0,5.502,3.5749e-17,0,6.336e-05,6.336e-05,0,-8.0233e-17,0,96.986,1176.8,FLYING
16.31,-4.2719e-16,0,5.502,3.5715e-17,0,6.3285e-05,6.3285e-05,0,-8.4197e-17,0,96.985,1176.8,FLYING
16.312,-4.271e-16,0,5.502,3.5679e-17,0,6.321e-05,6.321e-05,0,-8.8669e-17,0,96.985,1176.8,FLYING
16.315,-4.2701e-16,0,5.502,3.5641e-17,0,6.3135e-05,6.3135e-05,0,-9.3309e-17,0,96.984,1176.8,FLYING
16.317,-4.2692e-16,0,5.502,3.5601e-17,0,6.3061e-05,6.3061e-05,0,-9.8287e-17,0,96.984,1176.8,FLYING
16.32,-4.2684e-16,0,5.502,3.5559e-17,0,6.2986e-05,6.2986e-05,0,-1.0343e-16,0,96.984,1176.8,FLYING
16.322,-4.2675e-16,0,5.502,3.5515e-17,0,6.2911e-05,6.2911e-05,0,-1.0841e-16,0,96.983,1176.8,FLYING
16.325,-4.2666e-16,0,5.502,3.5469e-17,0,6.2837e-05,6.2837e-05,0,-1.1338e-16,0,96.983,1176.8,FLYING
16.327,-4.2657e-16,0,5.502,3.542e-17,0,6.2763e-05,6.2763e-05,0,-1.1819e-16,0,96.982,1176.8,FLYING
16.33,-4.2648e-16,0,5.502,3.5369e-17,0,6.2688e-05,6.2688e-05,0,-1.2299e-16,0,96.982,1176.8,FLYING
16.332,-4.2639e-16,0,5.502,3.5317e-17,0,6.2614e-05,6.2614e-05,0,-1.2796e-16,0,96.981,1176.8,FLYING
16.335,-4.2631e-16,0,5.502,3.5262e-17,0,6.254e-05,6.254e-05,0,-1.3293e-16,0,96.981,1176.8,FLYING
16.337,-4.2622e-16,0,5.502,3.5205e-17,0,6.2466e-05,6.2466e-05,0,-1.379e-16,0,96.98,1176.8,FLYING
16.34,-4.2613e-16,0,5.502,3.5146e-17,0,6.2392e-05,6.2392e-05,0,-1.4303e-16,0,96.98,1176.8,FLYING
16.342,-4.2604e-16,0,5.502,3.5085e-17,0,6.2318e-05,6.2318e-05,0,-1.4817e-16,0,96.979,1176.8,FLYING
16.345,-4.2595e-16,0,5.502,3.5022e-17,0,6.2245e-05,6.2245e-05,0,-1.533e-16,0,96.979,1176.8,FLYING
16.347,-4.2587e-16,0,5.502,3.4956e-17,0,6.2171e-05,6.2171e-05,0,-1.5827e-16,0,96.979,1176.8,FLYING
16.35,-4.2578e-16,0,5.502,3.4888e-17,0,6.2097e-05,6.2097e-05,0,-1.6323e-16,0,96.978,1176.8,FLYING
16.352,-4.2569e-16,0,5.502,3.4818e-17,0,6.2024e-05,6.2024e-05,0,-1.6819e-16,0,96.978,1176.8,FLYING
16.355,-4.2561e-16,0,5.502,3.4746e-17,0,6.1951e-05,6.1951e-05,0,-1.7332e-16,0,96.977,1176.8,FLYING
16.357,-4.2552e-16,0,5.502,3.4672e-17,0,6.1877e-05,6.1877e-05,0,-1.7828e-16,0,96.977,1176.8,FLYING
16.36,-4.2543e-16,0,5.502,3.4596e-17,0,6.1804e-05,6.1804e-05,0,-1.834e-16,0,96.976,1176.8,FLYING
16.362,-4.2535e-16,0,5.502,3.4518e-17,0,6.1731e-05,6.1731e-05,0,-1.8819e-16,0,96.976,1176.8,FLYING
16.365,-4.2526e-16,0,5.5021,3.4437e-17,0,6.1658e-05,6.1658e-05,0,-1.928e-16,0,96.975,1176.8,FLYING
16.367,-4.2517e-16,0,5.5021,3.4354e-17,0,6.1585e-05,6.1585e-05,0,-1.9725e-16,0,96.975,1176.8,FLYING
16.37,-4.2509e-16,0,5.5021,3.427e-17,0,6.1512e-05,6.1512e-05,0,-2.0152e-16,0,96.974,1176.8,FLYING
16.372,-4.25e-16,0,5.5021,3.4184e-17,0,6.1439e-05,6.1439e-05,0,-2.0546e-16,0,96.974,1176.8,FLYING
16.375,-4.2492e-16,0,5.5021,3.4096e-17,0,6.1367e-05,6.1367e-05,0,-2.0905e-16,0,96.974,1176.8,FLYING
16.377,-4.2483e-16,0,5.5021,3.4006e-17,0,6.1294e-05,6.1294e-05,0,-2.123e-16,0,96.973,1176.8,FLYING
16.38,-4.2475e-16,0,5.5021,3.3916e-17,0,6.1222e-05,6.1222e-05,0,-2.1521e-16,0,96.973,1176.8,FLYING
16.382,-4.2466e-16,0,5.5021,3.3824e-17,0,6.1149e-05,6.1149e-05,0,-2.1796e-16,0,96.972,1176.8,FLYING
16.385,-4.2458e-16,0,5.5021,3.373e-17,0,6.1077e-05,6.1077e-05,0,-2.2053e-16,0,96.972,1176.8,FLYING
16.387,-4.2449e-16,0,5.5021,3.3636e-17,0,6.1005e-05,6.1005e-05,0,-2.2293e-16,0,96.971,1176.8,FLYING
16.39,-4.2441e-16,0,5.5021,3.3541e-17,0,6.0932e-05,6.0932e-05,0,-2.2499e-16,0,96.971,1176.8,FLYING
16.392,-4.2433e-16,0,5.5021,3.3444e-17,0,6.086e-05,6.086e-05,0,-2.2672e-16,0,96.97,1176.8,FLYING
16.395,-4.2424e-16,0,5.5021,3.3347e-17,0,6.0788e-05,6.0788e-05,0,-2.2827e-16,0,96.97,1176.8,FLYING
16.397,-4.2416e-16,0,5.5021,3.325e-17,0,6.0716e-05,6.0716e-05,0,-2.2948e-16,0,96.969,1176.8,FLYING
16.4,-4.2408e-16,0,5.5021,3.3151e-17,0,6.0644e-05,6.0644e-05,0,-2.3018e-16,0,96.969,1176.8,FLYING
16.402,-4.24e-16,0,5.5021,3.3053e-17,0,6.0573e-05,6.0573e-05,0,-2.3055e-16,0,96.969,1176.8,FLYING
16.405,-4.2391e-16,0,5.5021,3.2954e-17,0,6.0501e-05,6.0501e-05,0,-2.3057e-16,0,96.968,1176.8,FLYING
16.407,-4.2383e-16,0,5.5021,3.2856e-17,0,6.0429e-05,6.0429e-05,0,-2.3043e-16,0,96.968,1176.8,FLYING
16.41,-4.2375e-16,0,5.5021,3.2757e-17,0,6.0358e-05,6.0358e-05,0,-2.2994e-16,0,96.967,1176.8,FLYING
16.412,-4.2367e-16,0,5.5021,3.2659e-17,0,6.0287e-05,6.0287e-05,0,-2.2929e-16,0,96.967,1176.8,FLYING
16.415,-4.2359e-16,0,5.5021,3.256e-17,0,6.0215e-05,6.0215e-05,0,-2.2847e-16,0,96.966,1176.8,FLYING
16.417,-4.235e-16,0,5.5021,3.2463e-17,0,6.0144e-05,6.0144e-05,0,-2.2747e-16,0,96.966,1176.8,FLYING
16.42,-4.2342e-16,0,5.5021,3.2365e-17,0,6.0073e-05,6.0073e-05,0,-2.2614e-16,0,96.965,1176.8,FLYING
16.422,-4.2334e-16,0,5.5021,3.2269e-17,0,6.0002e-05,6.0002e-05,0,-2.2447e-16,0,96.965,1176.8,FLYING
16.425,-4.2326e-16,0,5.5021,3.2173e-17,0,5.9931e-05,5.9931e-05,0,-2.2246e-16,0,96.964,1176.8,FLYING
16.427,-4.2318e-16,0,5.5021,3.2077e-17,0,5.986e-05,5.986e-05,0,-2.2011e-16,0,96.964,1176.8,FLYING
16.43,-4.231e-16,0,5.5021,3.1983e-17,0,5.9789e-05,5.9789e-05,0,-2.176e-16,0,96.964,1176.8,FLYING
16.432,-4.2302e-16,0,5.5021,3.189e-17,0,5.9718e-05,5.9718e-05,0,-2.1474e-16,0,96.963,1176.8,FLYING
16.435,-4.2294e-16,0,5.5021,3.1798e-17,0,5.9648e-05,5.9648e-05,0,-2.1155e-16,0,96.963,1176.8,FLYING
16.437,-4.2286e-16,0,5.5021,3.1708e-17,0,5.9577e-05,5.9577e-05,0,-2.0835e-16,0,96.962,1176.8,FLYING
16.44,-4.2279e-16,0,5.5021,3.1619e-17,0,5.9507e-05,5.9507e-05,0,-2.0516e-16,0,96.962,1176.8,FLYING
16.442,-4.2271e-16,0,5.5021,3.1531e-17,0,5.9436e-05,5.9436e-05,0,-2.018e-16,0,96.961,1176.8,FLYING
16.445,-4.2263e-16,0,5.5021,3.1444e-17,0,5.9366e-05,5.9366e-05,0,-1.9861e-16,0,96.961,1176.8,FLYING
16.447,-4.2255e-16,0,5.5021,3.1359e-17,0,5.9296e-05,5.9296e-05,0,-1.9559e-16,0,96.96,1176.8,FLYING
16.45,-4.2247e-16,0,5.5021,3.1276e-17,0,5.9225e-05,5.9225e-05,0,-1.9273e-16,0,96.96,1176.8,FLYING
16.452,-4.2239e-16,0,5.5021,3.1193e-17,0,5.9155e-05,5.9155e-05,0,-1.8989e-16,0,96.959,1176.8,FLYING
16.455,-4.2232e-16,0,5.5021,3.1112e-17,0,5.9085e-05,5.9085e-05,0,-1.8721e-16,0,96.959,1176.8,FLYING
16.457,-4.2224e-16,0,5.5021,3.1032e-17,0,5.9016e-05,5.9016e-05,0,-1.847e-16,0,96.958,1176.8,FLYING
16.46,-4.2216e-16,0,5.5021,3.0953e-17,0,5.8946e-05,5.8946e-05,0,-1.8219e-16,0,96.958,1176.8,FLYING
16.462,-4.2208e-16,0,5.5021,3.0875e-17,0,5.8876e-05,5.8876e-05,0,-1.7934e-16,0,96.958,1176.8,FLYING
16.465,-4.2201e-16,0,5.5021,3.0798e-17,0,5.8806e-05,5.8806e-05,0,-1.7616e-16,0,96.957,1176.8,FLYING
16.467,-4.2193e-16,0,5.5021,3.0723e-17,0,5.8737e-05,5.8737e-05,0,-1.7263e-16,0,96.957,1176.8,FLYING
16.47,-4.2185e-16,0,5.5021,3.0649e-17,0,5.8667e-05,5.8667e-05,0,-1.6894e-16,0,96.956,1176.8,FLYING
16.472,-4.2178e-16,0,5.5021,3.0577e-17,0,5.8598e-05,5.8598e-05,0,-1.6491e-16,0,96.956,1176.8,FLYING
16.475,-4.217e-16,0,5.5021,3.0506e-17,0,5.8529e-05,5.8529e-05,0,-1.6054e-16,0,96.955,1176.8,FLYING
16.477,-4.2162e-16,0,5.5021,3.0437e-17,0,5.8459e-05,5.8459e-05,0,-1.5583e-16,0,96.955,1176.8,FLYING
16.48,-4.2155e-16,0,5.5021,3.0371e-17,0,5.839e-05,5.839e-05,0,-1.5079e-16,0,96.954,1176.8,FLYING
16.482,-4.2147e-16,0,5.5021,3.0306e-17,0,5.8321e-05,5.8321e-05,0,-1.4557e-16,0,96.954,1176.8,FLYING
16.485,-4.214e-16,0,5.5021,3.0244e-17,0,5.8252e-05,5.8252e-05,0,-1.4019e-16,0,96.953,1176.8,FLYING
16.487,-4.2132e-16,0,5.5021,3.0184e-17,0,5.8183e-05,5.8183e-05,0,-1.3498e-16,0,96.953,1176.8,FLYING
16.49,-4.2125e-16,0,5.5021,3.0126e-17,0,5.8114e-05,5.8114e-05,0,-1.2994e-16,0,96.953,1176.8,FLYING
16.492,-4.2117e-16,0,5.5021,3.0071e-17,0,5.8045e-05,5.8045e-05,0,-1.249e-16,0,96.952,1176.8,FLYING
16.495,-4.211e-16,0,5.5021,3.0017e-17,0,5.7977e-05,5.7977e-05,0,-1.2003e-16,0,96.952,1176.8,FLYING
16.497,-4.2102e-16,0,5.5021,2.9966e-17,0,5.7908e-05,5.7908e-05,0,-1.1533e-16,0,96.951,1176.8,FLYING
16.5,-4.2095e-16,0,5.5021,2.9916e-17,0,5.784e-05,5.784e-05,0,-1.1081e-16,0,96.951,1176.8,FLYING
16.502,-4.2087e-16,0,5.5021,2.9869e-17,0,5.7771e-05,5.7771e-05,0,-1.0628e-16,0,96.95,1176.8,FLYING
16.505,-4.208e-16,0,5.5021,2.9824e-17,0,5.7703e-05,5.7703e-05,0,-1.0176e-16,0,96.95,1176.8,FLYING
16.507,-4.2072e-16,0,5.5021,2.978e-17,0,5.7635e-05,5.7635e-05,0,-9.7063e-17,0,96.949,1176.8,FLYING
16.51,-4.2065e-16,0,5.5021,2.9738e-17,0,5.7566e-05,5.7566e-05,0,-9.2372e-17,0,96.949,1176.8,FLYING
16.512,-4.2057e-16,0,5.5021,2.9699e-17,0,5.7498e-05,5.7498e-05,0,-8.7681e-17,0,96.948,1176.8,FLYING
16.515,-4.205e-16,0,5.5021,2.9661e-17,0,5.743e-05,5.743e-05,0,-8.2992e-17,0,96.948,1176.8,FLYING
16.517,-4.2043e-16,0,5.5021,2.9626e-17,0,5.7362e-05,5.7362e-05,0,-7.8473e-17,0,96.948,1176.8,FLYING
16.52,-4.2035e-16,0,5.5021,2.9592e-17,0,5.7295e-05,5.7295e-05,0,-7.4125e-17,0,96.947,1176.8,FLYING
16.522,-4.2028e-16,0,5.5021,2.9561e-17,0,5.7227e-05,5.7227e-05,0,-6.9948e-17,0,96.947,1176.8,FLYING
16.525,-4.202e-16,0,5.5021,2.9531e-17,0,5.7159e-05,5.7159e-05,0,-6.5772e-17,0,96.946,1176.8,FLYING
16.527,-4.2013e-16,0,5.5021,2.9503e-17,0,5.7091e-05,5.7091e-05,0,-6.1597e-17,0,96.946,1176.8,FLYING
16.53,-4.2006e-16,0,5.5021,2.9476e-17,0,5.7024e-05,5.7024e-05,0,-5.7424e-17,0,96.945,1176.8,FLYING
16.532,-4.1998e-16,0,5.5021,2.9452e-17,0,5.6956e-05,5.6956e-05,0,-5.342e-17,0,96.945,1176.8,FLYING
16.535,-4.1991e-16,0,5.5021,2.9429e-17,0,5.6889e-05,5.6889e-05,0,-4.9757e-17,0,96.944,1176.8,FLYING
16.537,-4.1984e-16,0,5.5021,2.9407e-17,0,5.6822e-05,5.6822e-05,0,-4.6265e-17,0,96.944,1176.8,FLYING
16.54,-4.1976e-16,0,5.5021,2.9388e-17,0,5.6754e-05,5.6754e-05,0,-4.2943e-17,0,96.943,1176.8,FLYING
16.542,-4.1969e-16,0,5.5021,2.9369e-17,0,5.6687e-05,5.6687e-05,0,-3.9622e-17,0,96.943,1176.8,FLYING
16.545,-4.1962e-16,0,5.5021,2.9352e-17,0,5.662e-05,5.662e-05,0,-3.6471e-17,0,96.943,1176.8,FLYING
16.547,-4.1954e-16,0,5.5021,2.9337e-17,0,5.6553e-05,5.6553e-05,0,-3.3491e-17,0,96.942,1176.8,FLYING
16.55,-4.1947e-16,0,5.5021,2.9322e-17,0,5.6486e-05,5.6486e-05,0,-3.0511e-17,0,96.942,1176.8,FLYING
16.552,-4.194e-16,0,5.5021,2.9309e-17,0,5.642e-05,5.642e-05,0,-2.7872e-17,0,96.941,1176.8,FLYING
16.555,-4.1932e-16,0,5.5021,2.9297e-17,0,5.6353e-05,5.6353e-05,0,-2.5572e-17,0,96.941,1176.8,FLYING
16.557,-4.1925e-16,0,5.5021,2.9286e-17,0,5.6286e-05,5.6286e-05,0,-2.3613e-17,0,96.94,1176.8,FLYING
16.56,-4.1918e-16,0,5.5021,2.9276e-17,0,5.622e-05,5.622e-05,0,-2.2162e-17,0,96.94,1176.8,FLYING
16.562,-4.191e-16,0,5.5021,2.9267e-17,0,5.6153e-05,5.6153e-05,0,-2.1221e-17,0,96.939,1176.8,FLYING
16.565,-4.1903e-16,0,5.5021,2.9258e-17,0,5.6087e-05,5.6087e-05,0,-2.028e-17,0,96.939,1176.8,FLYING
16.567,-4.1896e-16,0,5.5021,2.9249e-17,0,5.602e-05,5.602e-05,0,-1.934e-17,0,96.938,1176.8,FLYING
16.57,-4.1888e-16,0,5.5021,2.9241e-17,0,5.5954e-05,5.5954e-05,0,-1.8399e-17,0,96.938,1176.8,FLYING
16.572,-4.1881e-16,0,5.5021,2.9233e-17,0,5.5888e-05,5.5888e-05,0,-1.7459e-17,0,96.937,1176.8,FLYING
16.575,-4.1874e-16,0,5.5021,2.9225e-17,0,5.5822e-05,5.5822e-05,0,-1.6689e-17,0,96.937,1176.8,FLYING
16.577,-4.1866e-16,0,5.5021,2.9218e-17,0,5.5756e-05,5.5756e-05,0,-1.6088e-17,0,96.937,1176.8,FLYING
16.58,-4.1859e-16,0,5.5021,2.9211e-17,0,5.569e-05,5.569e-05,0,-1.5658e-17,0,96.936,1176.8,FLYING
16.582,-4.1852e-16,0,5.5021,2.9205e-17,0,5.5624e-05,5.5624e-05,0,-1.5397e-17,0,96.936,1176.8,FLYING
16.585,-4.1844e-16,0,5.5021,2.9198e-17,0,5.5558e-05,5.5558e-05,0,-1.4966e-17,0,96.935,1176.8,FLYING
16.587,-4.1837e-16,0,5.5021,2.9192e-17,0,5.5492e-05,5.5492e-05,0,-1.4536e-17,0,96.935,1176.8,FLYING
16.59,-4.183e-16,0,5.5021,2.9186e-17,0,5.5426e-05,5.5426e-05,0,-1.4275e-17,0,96.934,1176.8,FLYING
16.592,-4.1823e-16,0,5.5021,2.9179e-17,0,5.5361e-05,5.5361e-05,0,-1.4184e-17,0,96.934,1176.8,FLYING
16.595,-4.1815e-16,0,5.5021,2.9173e-17,0,5.5295e-05,5.5295e-05,0,-1.4093e-17,0,96.933,1176.8,FLYING
16.597,-4.1808e-16,0,5.5021,2.9167e-17,0,5.523e-05,5.523e-05,0,-1.4172e-17,0,96.933,1176.8,FLYING
16.6,-4.1801e-16,0,5.5021,2.9161e-17,0,5.5165e-05,5.5165e-05,0,-1.442e-17,0,96.932,1176.8,FLYING
16.602,-4.1793e-16,0,5.5021,2.9155e-17,0,5.5099e-05,5.5099e-05,0,-1.4838e-17,0,96.932,1176.8,FLYING
16.605,-4.1786e-16,0,5.5021,2.9149e-17,0,5.5034e-05,5.5034e-05,0,-1.5426e-17,0,96.932,1176.8,FLYING
16.607,-4.1779e-16,0,5.5021,2.9142e-17,0,5.4969e-05,5.4969e-05,0,-1.6013e-17,0,96.931,1176.8,FLYING
16.61,-4.1772e-16,0,5.5021,2.9135e-17,0,5.4904e-05,5.4904e-05,0,-1.677e-17,0,96.931,1176.8,FLYING
16.612,-4.1764e-16,0,5.5021,2.9128e-17,0,5.4839e-05,5.4839e-05,0,-1.7356e-17,0,96.93,1176.8,FLYING
16.615,-4.1757e-16,0,5.5021,2.9121e-17,0,5.4774e-05,5.4774e-05,0,-1.7774e-17,0,96.93,1176.8,FLYING
16.617,-4.175e-16,0,5.5021,2.9113e-17,0,5.4709e-05,5.4709e-05,0,-1.7851e-17,0,96.929,1176.8,FLYING
16.62,-4.1742e-16,0,5.5021,2.9105e-17,0,5.4645e-05,5.4645e-05,0,-1.7759e-17,0,96.929,1176.8,FLYING
16.622,-4.1735e-16,0,5.5021,2.9098e-17,0,5.458e-05,5.458e-05,0,-1.7328e-17,0,96.928,1176.8,FLYING
16.625,-4.1728e-16,0,5.5021,2.909e-17,0,5.4515e-05,5.4515e-05,0,-1.6728e-17,0,96.928,1176.8,FLYING
16.627,-4.1721e-16,0,5.5021,2.9083e-17,0,5.4451e-05,5.4451e-05,0,-1.5788e-17,0,96.927,1176.8,FLYING
16.63,-4.1713e-16,0,5.5021,2.9077e-17,0,5.4387e-05,5.4387e-05,0,-1.4509e-17,0,96.927,1176.8,FLYING
16.632,-4.1706e-16,0,5.5021,2.907e-17,0,5.4322e-05,5.4322e-05,0,-1.2892e-17,0,96.927,1176.8,FLYING
16.635,-4.1699e-16,0,5.5021,2.9065e-17,0,5.4258e-05,5.4258e-05,0,-1.0935e-17,0,96.926,1176.8,FLYING
16.637,-4.1692e-16,0,5.5021,2.906e-17,0,5.4194e-05,5.4194e-05,0,-8.6396e-18,0,96.926,1176.8,FLYING
16.64,-4.1684e-16,0,5.5021,2.9056e-17,0,5.413e-05,5.413e-05,0,-6.1752e-18,0,96.925,1176.8,FLYING
16.642,-4.1677e-16,0,5.5021,2.9054e-17,0,5.4066e-05,5.4066e-05,0,-3.5419e-18,0,96.925,1176.8,FLYING
16.645,-4.167e-16,0,5.5021,2.9052e-17,0,5.4002e-05,5.4002e-05,0,-5.6985e-19,0,96.924,1176.8,FLYING
16.647,-4.1663e-16,0,5.5021,2.9052e-17,0,5.3938e-05,5.3938e-05,0,2.9103e-18,0,96.924,1176.8,FLYING
16.65,-4.1655e-16,0,5.5021,2.9053e-17,0,5.3874e-05,5.3874e-05,0,6.3896e-18,0,96.923,1176.8,FLYING
16.652,-4.1648e-16,0,5.5021,2.9056e-17,0,5.381e-05,5.381e-05,0,9.868e-18,0,96.923,1176.8,FLYING
16.655,-4.1641e-16,0,5.5021,2.906e-17,0,5.3746e-05,5.3746e-05,0,1.3346e-17,0,96.922,1176.8,FLYING
16.657,-4.1633e-16,0,5.5021,2.9066e-17,0,5.3683e-05,5.3683e-05,0,1.6822e-17,0,96.922,1176.8,FLYING
16.66,-4.1626e-16,0,5.5021,2.9073e-17,0,5.3619e-05,5.3619e-05,0,2.0298e-17,0,96.922,1176.8,FLYING
16.662,-4.1619e-16,0,5.5021,2.9082e-17,0,5.3556e-05,5.3556e-05,0,2.3943e-17,0,96.921,1176.8,FLYING
16.665,-4.1612e-16,0,5.5021,2.9092e-17,0,5.3493e-05,5.3493e-05,0,2.7586e-17,0,96.921,1176.8,FLYING
16.667,-4.1604e-16,0,5.5021,2.9104e-17,0,5.3429e-05,5.3429e-05,0,3.1229e-17,0,96.92,1176.8,FLYING
16.67,-4.1597e-16,0,5.5021,2.9117e-17,0,5.3366e-05,5.3366e-05,0,3.4701e-17,0,96.92,1176.8,FLYING
16.672,-4.159e-16,0,5.5021,2.9132e-17,0,5.3303e-05,5.3303e-05,0,3.8003e-17,0,96.919,1176.8,FLYING
16.675,-4.1583e-16,0,5.5021,2.9148e-17,0,5.324e-05,5.324e-05,0,4.1134e-17,0,96.919,1176.8,FLYING
16.677,-4.1575e-16,0,5.5021,2.9166e-17,0,5.3177e-05,5.3177e-05,0,4.4264e-17,0,96.918,1176.8,FLYING
16.68,-4.1568e-16,0,5.5021,2.9185e-17,0,5.3114e-05,5.3114e-05,0,4.7394e-17,0,96.918,1176.8,FLYING
16.682,-4.1561e-16,0,5.5021,2.9205e-17,0,5.3051e-05,5.3051e-05,0,5.0693e-17,0,96.917,1176.8,FLYING
16.685,-4.1553e-16,0,5.5021,2.9227e-17,0,5.2988e-05,5.2988e-05,0,5.399e-17,0,96.917,1176.8,FLYING
16.687,-4.1546e-16,0,5.5021,2.925e-17,0,5.2926e-05,5.2926e-05,0,5.7287e-17,0,96.917,1176.8,FLYING
16.69,-4.1539e-16,0,5.5021,2.9274e-17,0,5.2863e-05,5.2863e-05,0,6.0583e-17,0,96.916,1176.8,FLYING
16.692,-4.1531e-16,0,5.5021,2.93e-17,0,5.2801e-05,5.2801e-05,0,6.3879e-17,0,96.916,1176.8,FLYING
16.695,-4.1524e-16,0,5.5021,2.9328e-17,0,5.2738e-05,5.2738e-05,0,6.7003e-17,0,96.915,1176.8,FLYING
16.697,-4.1517e-16,0,5.5021,2.9356e-17,0,5.2676e-05,5.2676e-05,0,7.0127e-17,0,96.915,1176.8,FLYING
16.7,-4.1509e-16,0,5.5021,2.9386e-17,0,5.2613e-05,5.2613e-05,0,7.3081e-17,0,96.914,1176.8,FLYING
16.702,-4.1502e-16,0,5.5021,2.9418e-17,0,5.2551e-05,5.2551e-05,0,7.5864e-17,0,96.914,1176.8,FLYING
16.705,-4.1495e-16,0,5.5021,2.945e-17,0,5.2489e-05,5.2489e-05,0,7.8477e-17,0,96.913,1176.8,FLYING
16.707,-4.1487e-16,0,5.5021,2.9484e-17,0,5.2427e-05,5.2427e-05,0,8.092e-17,0,96.913,1176.8,FLYING
16.71,-4.148e-16,0,5.5021,2.9518e-17,0,5.2365e-05,5.2365e-05,0,8.3192e-17,0,96.912,1176.8,FLYING
16.712,-4.1473e-16,0,5.5021,2.9554e-17,0,5.2303e-05,5.2303e-05,0,8.4955e-17,0,96.912,1176.8,FLYING
16.715,-4.1465e-16,0,5.5021,2.959e-17,0,5.2241e-05,5.2241e-05,0,8.6717e-17,0,96.911,1176.8,FLYING
16.717,-4.1458e-16,0,5.5021,2.9627e-17,0,5.2179e-05,5.2179e-05,0,8.8479e-17,0,96.911,1176.8,FLYING
16.72,-4.145e-16,0,5.5021,2.9665e-17,0,5.2117e-05,5.2117e-05,0,9.0241e-17,0,96.911,1176.8,FLYING
16.722,-4.1443e-16,0,5.5021,2.9704e-17,0,5.2056e-05,5.2056e-05,0,9.2002e-17,0,96.91,1176.8,FLYING
16.725,-4.1435e-16,0,5.5021,2.9743e-17,0,5.1994e-05,5.1994e-05,0,9.3763e-17,0,96.91,1176.8,FLYING
16.727,-4.1428e-16,0,5.5021,2.9783e-17,0,5.1933e-05,5.1933e-05,0,9.5523e-17,0,96.909,1176.8,FLYING
16.73,-4.1421e-16,0,5.5021,2.9824e-17,0,5.1871e-05,5.1871e-05,0,9.7113e-17,0,96.909,1176.8,FLYING
16.732,-4.1413e-16,0,5.5021,2.9866e-17,0,5.181e-05,5.181e-05,0,9.8533e-17,0,96.908,1176.8,FLYING
16.735,-4.1406e-16,0,5.5021,2.9908e-17,0,5.1749e-05,5.1749e-05,0,9.9784e-17,0,96.908,1176.8,FLYING
16.737,-4.1398e-16,0,5.5021,2.9951e-17,0,5.1687e-05,5.1687e-05,0,1.0103e-16,0,96.907,1176.8,FLYING
16.74,-4.1391e-16,0,5.5021,2.9994e-17,0,5.1626e-05,5.1626e-05,0,1.0211e-16,0,96.907,1176.8,FLYING
16.742,-4.1383e-16,0,5.5021,3.0038e-17,0,5.1565e-05,5.1565e-05,0,1.0319e-16,0,96.906,1176.8,FLYING
16.745,-4.1376e-16,0,5.5021,3.0082e-17,0,5.1504e-05,5.1504e-05,0,1.041e-16,0,96.906,1176.8,FLYING
16.747,-4.1368e-16,0,5.5021,3.0126e-17,0,5.1443e-05,5.1443e-05,0,1.0484e-16,0,96.906,1176.8,FLYING
16.75,-4.136e-16,0,5.5021,3.0171e-17,0,5.1382e-05,5.1382e-05,0,1.0558e-16,0,96.905,1176.8,FLYING
16.752,-4.1353e-16,0,5.5021,3.0216e-17,0,5.1321e-05,5.1321e-05,0,1.0615e-16,0,96.905,1176.8,FLYING
16.755,-4.1345e-16,0,5.5021,3.0262e-17,0,5.1261e-05,5.1261e-05,0,1.0672e-16,0,96.904,1176.8,FLYING
16.757,-4.1338e-16,0,5.5021,3.0307e-17,0,5.12e-05,5.12e-05,0,1.0712e-16,0,96.904,1176.8,FLYING
16.76,-4.133e-16,0,5.5021,3.0353e-17,0,5.114e-05,5.114e-05,0,1.0718e-16,0,96.903,1176.8,FLYING
16.762,-4.1323e-16,0,5.5021,3.0399e-17,0,5.1079e-05,5.1079e-05,0,1.0673e-16,0,96.903,1176.8,FLYING
16.765,-4.1315e-16,0,5.5021,3.0445e-17,0,5.1019e-05,5.1019e-05,0,1.0578e-16,0,96.902,1176.8,FLYING
16.767,-4.1307e-16,0,5.5021,3.049e-17,0,5.0958e-05,5.0958e-05,0,1.0482e-16,0,96.902,1176.8,FLYING
16.77,-4.13e-16,0,5.5021,3.0535e-17,0,5.0898e-05,5.0898e-05,0,1.0386e-16,0,96.901,1176.8,FLYING
16.772,-4.1292e-16,0,5.5021,3.0579e-17,0,5.0838e-05,5.0838e-05,0,1.0274e-16,0,96.901,1176.8,FLYING
16.775,-4.1284e-16,0,5.5021,3.0623e-17,0,5.0778e-05,5.0778e-05,0,1.0144e-16,0,96.901,1176.8,FLYING
16.777,-4.1277e-16,0,5.5021,3.0667e-17,0,5.0717e-05,5.0717e-05,0,9.9639e-17,0,96.9,1176.8,FLYING
16.78,-4.1269e-16,0,5.5021,3.0709e-17,0,5.0657e-05,5.0657e-05,0,9.7327e-17,0,96.9,1176.8,FLYING
16.782,-4.1261e-16,0,5.5021,3.0751e-17,0,5.0598e-05,5.0598e-05,0,9.4506e-17,0,96.899,1176.8,FLYING
16.785,-4.1254e-16,0,5.5021,3.0791e-17,0,5.0538e-05,5.0538e-05,0,9.1686e-17,0,96.899,1176.8,FLYING
16.787,-4.1246e-16,0,5.5021,3.0831e-17,0,5.0478e-05,5.0478e-05,0,8.8697e-17,0,96.898,1176.8,FLYING
16.79,-4.1238e-16,0,5.5021,3.0869e-17,0,5.0418e-05,5.0418e-05,0,8.5709e-17,0,96.898,1176.8,FLYING
16.792,-4.1231e-16,0,5.5021,3.0905e-17,0,5.0359e-05,5.0359e-05,0,8.2891e-17,0,96.897,1176.8,FLYING
16.795,-4.1223e-16,0,5.5021,3.0941e-17,0,5.0299e-05,5.0299e-05,0,7.9905e-17,0,96.897,1176.8,FLYING
16.797,-4.1215e-16,0,5.5021,3.0975e-17,0,5.0239e-05,5.0239e-05,0,7.7258e-17,0,96.896,1176.8,FLYING
16.8,-4.1207e-16,0,5.5021,3.1008e-17,0,5.018e-05,5.018e-05,0,7.4442e-17,0,96.896,1176.8,FLYING
16.802,-4.12e-16,0,5.5021,3.104e-17,0,5.0121e-05,5.0121e-05,0,7.1797e-17,0,96.896,1176.8,FLYING
16.805,-4.1192e-16,0,5.5021,3.1071e-17,0,5.0061e-05,5.0061e-05,0,6.9153e-17,0,96.895,1176.8,FLYING
16.807,-4.1184e-16,0,5.5021,3.11e-17,0,5.0002e-05,5.0002e-05,0,6.6509e-17,0,96.895,1176.8,FLYING
16.81,-4.1176e-16,0,5.5021,3.1129e-17,0,4.9943e-05,4.9943e-05,0,6.4035e-17,0,96.894,1176.8,FLYING
16.812,-4.1168e-16,0,5.5021,3.1156e-17,0,4.9884e-05,4.9884e-05,0,6.1562e-17,0,96.894,1176.8,FLYING
16.815,-4.1161e-16,0,5.5021,3.1182e-17,0,4.9825e-05,4.9825e-05,0,5.9089e-17,0,96.893,1176.8,FLYING
16.817,-4.1153e-16,0,5.5021,3.1208e-17,0,4.9766e-05,4.9766e-05,0,5.6618e-17,0,96.893,1176.8,FLYING
16.82,-4.1145e-16,0,5.5021,3.1232e-17,0,4.9707e-05,4.9707e-05,0,5.3977e-17,0,96.892,1176.8,FLYING
16.822,-4.1137e-16,0,5.5021,3.1255e-17,0,4.9648e-05,4.9648e-05,0,5.1337e-17,0,96.892,1176.8,FLYING
16.825,-4.1129e-16,0,5.5021,3.1277e-17,0,4.9589e-05,4.9589e-05,0,4.8867e-17,0,96.891,1176.8,FLYING
16.827,-4.1122e-16,0,5.5021,3.1298e-17,0,4.9531e-05,4.9531e-05,0,4.6398e-17,0,96.891,1176.8,FLYING
16.83,-4.1114e-16,0,5.5021,3.1318e-17,0,4.9472e-05,4.9472e-05,0,4.3929e-17,0,96.891,1176.8,FLYING
16.832,-4.1106e-16,0,5.5021,3.1336e-17,0,4.9414e-05,4.9414e-05,0,4.1631e-17,0,96.89,1176.8,FLYING
16.835,-4.1098e-16,0,5.5021,3.1354e-17,0,4.9355e-05,4.9355e-05,0,3.9333e-17,0,96.89,1176.8,FLYING
16.837,-4.109e-16,0,5.5021,3.1371e-17,0,4.9297e-05,4.9297e-05,0,3.7205e-17,0,96.889,1176.8,FLYING
16.84,-4.1082e-16,0,5.5021,3.1387e-17,0,4.9238e-05,4.9238e-05,0,3.5078e-17,0,96.889,1176.8,FLYING
16.842,-4.1075e-16,0,5.5021,3.1402e-17,0,4.918e-05,4.918e-05,0,3.2952e-17,0,96.888,1176.8,FLYING
16.845,-4.1067e-16,0,5.5021,3.1416e-17,0,4.9122e-05,4.9122e-05,0,3.0826e-17,0,96.888,1176.8,FLYING
16.847,-4.1059e-16,0,5.5021,3.1429e-17,0,4.9064e-05,4.9064e-05,0,2.887e-17,0,96.887,1176.8,FLYING
16.85,-4.1051e-16,0,5.5021,3.1442e-17,0,4.9006e-05,4.9006e-05,0,2.7254e-17,0,96.887,1176.8,FLYING
16.852,-4.1043e-16,0,5.5021,3.1453e-17,0,4.8948e-05,4.8948e-05,0,2.6147e-17,0,96.886,1176.8,FLYING
16.855,-4.1035e-16,0,5.5021,3.1465e-17,0,4.889e-05,4.889e-05,0,2.521e-17,0,96.886,1176.8,FLYING
16.857,-4.1027e-16,0,5.5021,3.1475e-17,0,4.8832e-05,4.8832e-05,0,2.4443e-17,0,96.885,1176.8,FLYING
16.86,-4.102e-16,0,5.5021,3.1486e-17,0,4.8774e-05,4.8774e-05,0,2.3846e-17,0,96.885,1176.8,FLYING
16.862,-4.1012e-16,0,5.5021,3.1496e-17,0,4.8717e-05,4.8717e-05,0,2.3588e-17,0,96.885,1176.8,FLYING
16.865,-4.1004e-16,0,5.5021,3.1506e-17,0,4.8659e-05,4.8659e-05,0,2.3669e-17,0,96.884,1176.8,FLYING
16.867,-4.0996e-16,0,5.5021,3.1516e-17,0,4.8601e-05,4.8601e-05,0,2.409e-17,0,96.884,1176.8,FLYING
16.87,-4.0988e-16,0,5.5021,3.1527e-17,0,4.8544e-05,4.8544e-05,0,2.468e-17,0,96.883,1176.8,FLYING
16.872,-4.098e-16,0,5.5021,3.1537e-17,0,4.8486e-05,4.8486e-05,0,2.544e-17,0,96.883,1176.8,FLYING
16.875,-4.0972e-16,0,5.5021,3.1548e-17,0,4.8429e-05,4.8429e-05,0,2.603e-17,0,96.882,1176.8,FLYING
16.877,-4.0964e-16,0,5.5021,3.1559e-17,0,4.8372e-05,4.8372e-05,0,2.662e-17,0,96.882,1176.8,FLYING
16.88,-4.0956e-16,0,5.5021,3.1571e-17,0,4.8315e-05,4.8315e-05,0,2.7209e-17,0,96.881,1176.8,FLYING
16.882,-4.0949e-16,0,5.5021,3.1582e-17,0,4.8257e-05,4.8257e-05,0,2.7629e-17,0,96.881,1176.8,FLYING
16.885,-4.0941e-16,0,5.5021,3.1594e-17,0,4.82e-05,4.82e-05,0,2.8049e-17,0,96.88,1176.8,FLYING
16.887,-4.0933e-16,0,5.5021,3.1606e-17,0,4.8143e-05,4.8143e-05,0,2.8299e-17,0,96.88,1176.8,FLYING
16.89,-4.0925e-16,0,5.5021,3.1618e-17,0,4.8086e-05,4.8086e-05,0,2.8719e-17,0,96.88,1176.8,FLYING
16.892,-4.0917e-16,0,5.5021,3.163e-17,0,4.8029e-05,4.8029e-05,0,2.9138e-17,0,96.879,1176.8,FLYING
16.895,-4.0909e-16,0,5.5021,3.1643e-17,0,4.7973e-05,4.7973e-05,0,2.9558e-17,0,96.879,1176.8,FLYING
16.897,-4.0901e-16,0,5.5021,3.1655e-17,0,4.7916e-05,4.7916e-05,0,2.9977e-17,0,96.878,1176.8,FLYING
16.9,-4.0893e-16,0,5.5021,3.1668e-17,0,4.7859e-05,4.7859e-05,0,3.0396e-17,0,96.878,1176.8,FLYING
16.902,-4.0885e-16,0,5.5021,3.1681e-17,0,4.7803e-05,4.7803e-05,0,3.0645e-17,0,96.877,1176.8,FLYING
16.905,-4.0877e-16,0,5.5021,3.1694e-17,0,4.7746e-05,4.7746e-05,0,3.0895e-17,0,96.877,1176.8,FLYING
16.907,-4.0869e-16,0,5.5021,3.1708e-17,0,4.769e-05,4.769e-05,0,3.1144e-17,0,96.876,1176.8,FLYING
16.91,-4.0861e-16,0,5.5021,3.1721e-17,0,4.7633e-05,4.7633e-05,0,3.1393e-17,0,96.876,1176.8,FLYING
16.912,-4.0854e-16,0,5.5021,3.1734e-17,0,4.7577e-05,4.7577e-05,0,3.1473e-17,0,96.875,1176.8,FLYING
16.915,-4.0846e-16,0,5.5021,3.1748e-17,0,4.752e-05,4.752e-05,0,3.1553e-17,0,96.875,1176.8,FLYING
16.917,-4.0838e-16,0,5.5021,3.1761e-17,0,4.7464e-05,4.7464e-05,0,3.1802e-17,0,96.875,1176.8,FLYING
16.92,-4.083e-16,0,5.5021,3.1775e-17,0,4.7408e-05,4.7408e-05,0,3.2051e-17,0,96.874,1176.8,FLYING
16.922,-4.0822e-16,0,5.5021,3.1789e-17,0,4.7352e-05,4.7352e-05,0,3.23e-17,0,96.874,1176.8,FLYING
16.925,-4.0814e-16,0,5.5021,3.1803e-17,0,4.7296e-05,4.7296e-05,0,3.2549e-17,0,96.873,1176.8,FLYING
16.927,-4.0806e-16,0,5.5021,3.1816e-17,0,4.724e-05,4.724e-05,0,3.2967e-17,0,96.873,1176.8,FLYING
16.93,-4.0798e-16,0,5.5021,3.1831e-17,0,4.7184e-05,4.7184e-05,0,3.3216e-17,0,96.872,1176.8,FLYING
16.932,-4.079e-16,0,5.5021,3.1845e-17,0,4.7128e-05,4.7128e-05,0,3.3634e-17,0,96.872,1176.8,FLYING
16.935,-4.0782e-16,0,5.5021,3.1859e-17,0,4.7073e-05,4.7073e-05,0,3.3883e-17,0,96.871,1176.8,FLYING
16.937,-4.0774e-16,0,5.5021,3.1874e-17,0,4.7017e-05,4.7017e-05,0,3.3962e-17,0,96.871,1176.8,FLYING
16.94,-4.0766e-16,0,5.5021,3.1888e-17,0,4.6961e-05,4.6961e-05,0,3.4041e-17,0,96.87,1176.8,FLYING
16.942,-4.0758e-16,0,5.5021,3.1903e-17,0,4.6906e-05,4.6906e-05,0,3.395e-17,0,96.87,1176.8,FLYING
16.945,-4.075e-16,0,5.5021,3.1917e-17,0,4.685e-05,4.685e-05,0,3.3859e-17,0,96.87,1176.8,FLYING
16.947,-4.0742e-16,0,5.5021,3.1932e-17,0,4.6795e-05,4.6795e-05,0,3.3938e-17,0,96.869,1176.8,FLYING
16.95,-4.0734e-16,0,5.5021,3.1946e-17,0,4.6739e-05,4.6739e-05,0,3.3848e-17,0,96.869,1176.8,FLYING
16.952,-4.0726e-16,0,5.5021,3.1961e-17,0,4.6684e-05,4.6684e-05,0,3.3757e-17,0,96.868,1176.8,FLYING
16.955,-4.0718e-16,0,5.5021,3.1975e-17,0,4.6629e-05,4.6629e-05,0,3.3836e-17,0,96.868,1176.8,FLYING
16.957,-4.071e-16,0,5.5021,3.199e-17,0,4.6574e-05,4.6574e-05,0,3.3915e-17,0,96.867,1176.8,FLYING
16.96,-4.0702e-16,0,5.5021,3.2004e-17,0,4.6519e-05,4.6519e-05,0,3.3994e-17,0,96.867,1176.8,FLYING
16.962,-4.0694e-16,0,5.5021,3.2019e-17,0,4.6464e-05,4.6464e-05,0,3.3903e-17,0,96.866,1176.8,FLYING
16.965,-4.0686e-16,0,5.5021,3.2033e-17,0,4.6409e-05,4.6409e-05,0,3.3812e-17,0,96.866,1176.8,FLYING
16.967,-4.0678e-16,0,5.5021,3.2048e-17,0,4.6354e-05,4.6354e-05,0,3.3891e-17,0,96.865,1176.8,FLYING
16.97,-4.067e-16,0,5.5021,3.2062e-17,0,4.6299e-05,4.6299e-05,0,3.3801e-17,0,96.865,1176.8,FLYING
16.972,-4.0662e-16,0,5.5021,3.2077e-17,0,4.6244e-05,4.6244e-05,0,3.354e-17,0,96.864,1176.8,FLYING
16.975,-4.0654e-16,0,5.5021,3.2091e-17,0,4.6189e-05,4.6189e-05,0,3.345e-17,0,96.864,1176.8,FLYING
16.977,-4.0646e-16,0,5.5021,3.2105e-17,0,4.6135e-05,4.6135e-05,0,3.3529e-17,0,96.864,1176.8,FLYING
16.98,-4.0638e-16,0,5.5021,3.212e-17,0,4.608e-05,4.608e-05,0,3.3608e-17,0,96.863,1176.8,FLYING
16.982,-4.063e-16,0,5.5021,3.2134e-17,0,4.6026e-05,4.6026e-05,0,3.3687e-17,0,96.863,1176.8,FLYING
16.985,-4.0622e-16,0,5.5021,3.2149e-17,0,4.5971e-05,4.5971e-05,0,3.3596e-17,0,96.862,1176.8,FLYING
16.987,-4.0614e-16,0,5.5021,3.2163e-17,0,4.5917e-05,4.5917e-05,0,3.3336e-17,0,96.862,1176.8,FLYING
16.99,-4.0606e-16,0,5.5021,3.2177e-17,0,4.5862e-05,4.5862e-05,0,3.3076e-17,0,96.861,1176.8,FLYING
16.992,-4.0598e-16,0,5.5021,3.2191e-17,0,4.5808e-05,4.5808e-05,0,3.2816e-17,0,96.861,1176.8,FLYING
16.995,-4.059e-16,0,5.5021,3.2205e-17,0,4.5754e-05,4.5754e-05,0,3.2216e-17,0,96.86,1176.8,FLYING
16.997,-4.0582e-16,0,5.5021,3.2219e-17,0,4.57e-05,4.57e-05,0,3.1108e-17,0,96.86,1176.8,FLYING
17,-4.0574e-16,0,5.5021,3.2232e-17,0,4.5646e-05,4.5646e-05,0,2.9661e-17,0,96.859,1176.8,FLYING
17.002,-4.0566e-16,0,5.5021,3.2245e-17,0,4.5592e-05,4.5592e-05,0,2.7875e-17,0,96.859,1176.8,FLYING
17.005,-4.0558e-16,0,5.5021,3.2257e-17,0,4.5538e-05,4.5538e-05,0,2.592e-17,0,96.859,1176.8,FLYING
17.007,-4.0549e-16,0,5.5021,3.2268e-17,0,4.5484e-05,4.5484e-05,0,2.3966e-17,0,96.858,1176.8,FLYING
17.01,-4.0541e-16,0,5.5021,3.2278e-17,0,4.543e-05,4.543e-05,0,2.2012e-17,0,96.858,1176.8,FLYING
17.012,-4.0533e-16,0,5.5021,3.2288e-17,0,4.5376e-05,4.5376e-05,0,1.9888e-17,0,96.857,1176.8,FLYING
17.015,-4.0525e-16,0,5.5021,3.2296e-17,0,4.5323e-05,4.5323e-05,0,1.7766e-17,0,96.857,1176.8,FLYING
17.017,-4.0517e-16,0,5.5021,3.2304e-17,0,4.5269e-05,4.5269e-05,0,1.5643e-17,0,96.856,1176.8,FLYING
17.02,-4.0509e-16,0,5.5021,3.2311e-17,0,4.5215e-05,4.5215e-05,0,1.3691e-17,0,96.856,1176.8,FLYING
17.022,-4.0501e-16,0,5.5021,3.2316e-17,0,4.5162e-05,4.5162e-05,0,1.174e-17,0,96.855,1176.8,FLYING
17.025,-4.0493e-16,0,5.5021,3.2322e-17,0,4.5109e-05,4.5109e-05,0,9.7886e-18,0,96.855,1176.8,FLYING
17.027,-4.0485e-16,0,5.5021,3.2326e-17,0,4.5055e-05,4.5055e-05,0,8.0076e-18,0,96.854,1176.8,FLYING
17.03,-4.0477e-16,0,5.5021,3.2329e-17,0,4.5002e-05,4.5002e-05,0,6.3967e-18,0,96.854,1176.8,FLYING
17.032,-4.0469e-16,0,5.5021,3.2332e-17,0,4.4949e-05,4.4949e-05,0,4.7862e-18,0,96.854,1176.8,FLYING
17.035,-4.0461e-16,0,5.5021,3.2334e-17,0,4.4895e-05,4.4895e-05,0,3.1762e-18,0,96.853,1176.8,FLYING
17.037,-4.0453e-16,0,5.5021,3.2335e-17,0,4.4842e-05,4.4842e-05,0,1.7361e-18,0,96.853,1176.8,FLYING
17.04,-4.0444e-16,0,5.5021,3.2336e-17,0,4.4789e-05,4.4789e-05,0,6.3568e-19,0,96.852,1176.8,FLYING
17.042,-4.0436e-16,0,5.5021,3.2336e-17,0,4.4736e-05,4.4736e-05,0,-1.2521e-19,0,96.852,1176.8,FLYING
17.045,-4.0428e-16,0,5.5021,3.2336e-17,0,4.4683e-05,4.4683e-05,0,-7.1629e-19,0,96.851,1176.8,FLYING
17.047,-4.042e-16,0,5.5021,3.2336e-17,0,4.463e-05,4.463e-05,0,-7.9833e-19,0,96.851,1176.8,FLYING
17.05,-4.0412e-16,0,5.5021,3.2336e-17,0,4.4578e-05,4.4578e-05,0,-5.4109e-19,0,96.85,1176.8,FLYING
17.052,-4.0404e-16,0,5.5021,3.2335e-17,0,4.4525e-05,4.4525e-05,0,5.534e-20,0,96.85,1176.8,FLYING
17.055,-4.0396e-16,0,5.5021,3.2335e-17,0,4.4472e-05,4.4472e-05,0,9.9088e-19,0,96.849,1176.8,FLYING
17.057,-4.0388e-16,0,5.5021,3.2336e-17,0,4.442e-05,4.442e-05,0,2.2655e-18,0,96.849,1176.8,FLYING
17.06,-4.038e-16,0,5.5021,3.2337e-17,0,4.4367e-05,4.4367e-05,0,3.7093e-18,0,96.849,1176.8,FLYING
17.062,-4.0372e-16,0,5.5021,3.2338e-17,0,4.4315e-05,4.4315e-05,0,5.3225e-18,0,96.848,1176.8,FLYING
17.065,-4.0364e-16,0,5.5021,3.2341e-17,0,4.4262e-05,4.4262e-05,0,7.2745e-18,0,96.848,1176.8,FLYING
17.067,-4.0355e-16,0,5.5021,3.2344e-17,0,4.421e-05,4.421e-05,0,9.3956e-18,0,96.847,1176.8,FLYING
17.07,-4.0347e-16,0,5.5021,3.2348e-17,0,4.4157e-05,4.4157e-05,0,1.1856e-17,0,96.847,1176.8,FLYING
17.072,-4.0339e-16,0,5.5021,3.2353e-17,0,4.4105e-05,4.4105e-05,0,1.4824e-17,0,96.846,1176.8,FLYING
17.075,-4.0331e-16,0,5.5021,3.2359e-17,0,4.4053e-05,4.4053e-05,0,1.813e-17,0,96.846,1176.8,FLYING
17.077,-4.0323e-16,0,5.5021,3.2367e-17,0,4.4001e-05,4.4001e-05,0,2.1606e-17,0,96.845,1176.8,FLYING
17.08,-4.0315e-16,0,5.5021,3.2376e-17,0,4.3949e-05,4.3949e-05,0,2.525e-17,0,96.845,1176.8,FLYING
17.082,-4.0307e-16,0,5.5021,3.2387e-17,0,4.3897e-05,4.3897e-05,0,2.9402e-17,0,96.844,1176.8,FLYING
17.085,-4.0299e-16,0,5.5021,3.24e-17,0,4.3845e-05,4.3845e-05,0,3.3384e-17,0,96.844,1176.8,FLYING
17.087,-4.0291e-16,0,5.5021,3.2414e-17,0,4.3793e-05,4.3793e-05,0,3.7364e-17,0,96.844,1176.8,FLYING
17.09,-4.0283e-16,0,5.5021,3.243e-17,0,4.3741e-05,4.3741e-05,0,4.1174e-17,0,96.843,1176.8,FLYING
17.092,-4.0275e-16,0,5.5021,3.2447e-17,0,4.369e-05,4.369e-05,0,4.4814e-17,0,96.843,1176.8,FLYING
17.095,-4.0266e-16,0,5.5021,3.2467e-17,0,4.3638e-05,4.3638e-05,0,4.8452e-17,0,96.842,1176.8,FLYING
17.097,-4.0258e-16,0,5.5021,3.2487e-17,0,4.3586e-05,4.3586e-05,0,5.192e-17,0,96.842,1176.8,FLYING
17.1,-4.025e-16,0,5.5021,3.251e-17,0,4.3535e-05,4.3535e-05,0,5.5387e-17,0,96.841,1176.8,FLYING
17.102,-4.0242e-16,0,5.5021,3.2533e-17,0,4.3483e-05,4.3483e-05,0,5.8853e-17,0,96.841,1176.8,FLYING
17.105,-4.0234e-16,0,5.5021,3.2558e-17,0,4.3432e-05,4.3432e-05,0,6.2318e-17,0,96.84,1176.8,FLYING
17.107,-4.0226e-16,0,5.5021,3.2585e-17,0,4.338e-05,4.338e-05,0,6.5613e-17,0,96.84,1176.8,FLYING
17.11,-4.0218e-16,0,5.5021,3.2613e-17,0,4.3329e-05,4.3329e-05,0,6.8737e-17,0,96.839,1176.8,FLYING
17.112,-4.0209e-16,0,5.5021,3.2643e-17,0,4.3278e-05,4.3278e-05,0,7.1691e-17,0,96.839,1176.8,FLYING
17.115,-4.0201e-16,0,5.5021,3.2673e-17,0,4.3227e-05,4.3227e-05,0,7.4475e-17,0,96.838,1176.8,FLYING
17.117,-4.0193e-16,0,5.5021,3.2705e-17,0,4.3175e-05,4.3175e-05,0,7.7427e-17,0,96.838,1176.8,FLYING
17.12,-4.0185e-16,0,5.5021,3.2738e-17,0,4.3124e-05,4.3124e-05,0,8.021e-17,0,96.838,1176.8,FLYING
17.122,-4.0177e-16,0,5.5021,3.2773e-17,0,4.3073e-05,4.3073e-05,0,8.2991e-17,0,96.837,1176.8,FLYING
17.125,-4.0169e-16,0,5.5021,3.2808e-17,0,4.3022e-05,4.3022e-05,0,8.5772e-17,0,96.837,1176.8,FLYING
17.127,-4.016e-16,0,5.5021,3.2845e-17,0,4.2971e-05,4.2971e-05,0,8.8552e-17,0,96.836,1176.8,FLYING
17.13,-4.0152e-16,0,5.5021,3.2883e-17,0,4.2921e-05,4.2921e-05,0,9.1501e-17,0,96.836,1176.8,FLYING
17.132,-4.0144e-16,0,5.5021,3.2922e-17,0,4.287e-05,4.287e-05,0,9.4279e-17,0,96.835,1176.8,FLYING
17.135,-4.0136e-16,0,5.5021,3.2962e-17,0,4.2819e-05,4.2819e-05,0,9.7057e-17,0,96.835,1176.8,FLYING
17.137,-4.0127e-16,0,5.5021,3.3004e-17,0,4.2768e-05,4.2768e-05,0,9.9835e-17,0,96.834,1176.8,FLYING
17.14,-4.0119e-16,0,5.5021,3.3046e-17,0,4.2718e-05,4.2718e-05,0,1.0244e-16,0,96.834,1176.8,FLYING
17.142,-4.0111e-16,0,5.5021,3.309e-17,0,4.2667e-05,4.2667e-05,0,1.0505e-16,0,96.833,1176.8,FLYING
17.145,-4.0103e-16,0,5.5021,3.3135e-17,0,4.2617e-05,4.2617e-05,0,1.0748e-16,0,96.833,1176.8,FLYING
17.147,-4.0094e-16,0,5.5021,3.3181e-17,0,4.2566e-05,4.2566e-05,0,1.0941e-16,0,96.833,1176.8,FLYING
17.15,-4.0086e-16,0,5.5021,3.3228e-17,0,4.2516e-05,4.2516e-05,0,1.1083e-16,0,96.832,1176.8,FLYING
17.152,-4.0078e-16,0,5.5021,3.3275e-17,0,4.2466e-05,4.2466e-05,0,1.1207e-16,0,96.832,1176.8,FLYING
17.155,-4.0069e-16,0,5.5021,3.3323e-17,0,4.2415e-05,4.2415e-05,0,1.1315e-16,0,96.831,1176.8,FLYING
17.157,-4.0061e-16,0,5.5021,3.3372e-17,0,4.2365e-05,4.2365e-05,0,1.1406e-16,0,96.831,1176.8,FLYING
17.16,-4.0053e-16,0,5.5021,3.3421e-17,0,4.2315e-05,4.2315e-05,0,1.148e-16,0,96.83,1176.8,FLYING
17.162,-4.0044e-16,0,5.5021,3.347e-17,0,4.2265e-05,4.2265e-05,0,1.1536e-16,0,96.83,1176.8,FLYING
17.165,-4.0036e-16,0,5.5021,3.3519e-17,0,4.2215e-05,4.2215e-05,0,1.1559e-16,0,96.829,1176.8,FLYING
17.167,-4.0027e-16,0,5.5021,3.3569e-17,0,4.2165e-05,4.2165e-05,0,1.1548e-16,0,96.829,1176.8,FLYING
17.17,-4.0019e-16,0,5.5021,3.3618e-17,0,4.2115e-05,4.2115e-05,0,1.1503e-16,0,96.828,1176.8,FLYING
17.172,-4.0011e-16,0,5.5021,3.3667e-17,0,4.2065e-05,4.2065e-05,0,1.1424e-16,0,96.828,1176.8,FLYING
17.175,-4.0002e-16,0,5.5021,3.3716e-17,0,4.2016e-05,4.2016e-05,0,1.1328e-16,0,96.828,1176.8,FLYING
17.177,-3.9994e-16,0,5.5021,3.3765e-17,0,4.1966e-05,4.1966e-05,0,1.1198e-16,0,96.827,1176.8,FLYING
17.18,-3.9985e-16,0,5.5021,3.3813e-17,0,4.1916e-05,4.1916e-05,0,1.1035e-16,0,96.827,1176.8,FLYING
17.182,-3.9977e-16,0,5.5021,3.386e-17,0,4.1867e-05,4.1867e-05,0,1.0837e-16,0,96.826,1176.8,FLYING
17.185,-3.9968e-16,0,5.5021,3.3906e-17,0,4.1817e-05,4.1817e-05,0,1.0657e-16,0,96.826,1176.8,FLYING
17.187,-3.996e-16,0,5.5021,3.3952e-17,0,4.1768e-05,4.1768e-05,0,1.0459e-16,0,96.825,1176.8,FLYING
17.19,-3.9951e-16,0,5.5021,3.3996e-17,0,4.1718e-05,4.1718e-05,0,1.0262e-16,0,96.825,1176.8,FLYING
17.192,-3.9943e-16,0,5.5021,3.404e-17,0,4.1669e-05,4.1669e-05,0,1.0047e-16,0,96.824,1176.8,FLYING
17.195,-3.9934e-16,0,5.5021,3.4083e-17,0,4.162e-05,4.162e-05,0,9.8161e-17,0,96.824,1176.8,FLYING
17.197,-3.9926e-16,0,5.5021,3.4125e-17,0,4.157e-05,4.157e-05,0,9.5679e-17,0,96.823,1176.8,FLYING
17.2,-3.9917e-16,0,5.5021,3.4166e-17,0,4.1521e-05,4.1521e-05,0,9.3198e-17,0,96.823,1176.8,FLYING
17.202,-3.9909e-16,0,5.5021,3.4206e-17,0,4.1472e-05,4.1472e-05,0,9.0888e-17,0,96.823,1176.8,FLYING
17.205,-3.99e-16,0,5.5021,3.4245e-17,0,4.1423e-05,4.1423e-05,0,8.8408e-17,0,96.822,1176.8,FLYING
17.207,-3.9892e-16,0,5.5021,3.4283e-17,0,4.1374e-05,4.1374e-05,0,8.5759e-17,0,96.822,1176.8,FLYING
17.21,-3.9883e-16,0,5.5021,3.432e-17,0,4.1325e-05,4.1325e-05,0,8.3281e-17,0,96.821,1176.8,FLYING
17.212,-3.9874e-16,0,5.5021,3.4355e-17,0,4.1276e-05,4.1276e-05,0,8.0803e-17,0,96.821,1176.8,FLYING
17.215,-3.9866e-16,0,5.5021,3.439e-17,0,4.1227e-05,4.1227e-05,0,7.8156e-17,0,96.82,1176.8,FLYING
17.217,-3.9857e-16,0,5.5021,3.4423e-17,0,4.1179e-05,4.1179e-05,0,7.5679e-17,0,96.82,1176.8,FLYING
17.22,-3.9849e-16,0,5.5021,3.4456e-17,0,4.113e-05,4.113e-05,0,7.3203e-17,0,96.819,1176.8,FLYING
17.222,-3.984e-16,0,5.5021,3.4487e-17,0,4.1081e-05,4.1081e-05,0,7.0728e-17,0,96.819,1176.8,FLYING
17.225,-3.9831e-16,0,5.5021,3.4517e-17,0,4.1033e-05,4.1033e-05,0,6.7744e-17,0,96.818,1176.8,FLYING
17.227,-3.9823e-16,0,5.5021,3.4546e-17,0,4.0984e-05,4.0984e-05,0,6.4422e-17,0,96.818,1176.8,FLYING
17.23,-3.9814e-16,0,5.5021,3.4574e-17,0,4.0936e-05,4.0936e-05,0,6.0762e-17,0,96.818,1176.8,FLYING
17.232,-3.9805e-16,0,5.5021,3.46e-17,0,4.0887e-05,4.0887e-05,0,5.6593e-17,0,96.817,1176.8,FLYING
17.235,-3.9797e-16,0,5.5021,3.4624e-17,0,4.0839e-05,4.0839e-05,0,5.1917e-17,0,96.817,1176.8,FLYING
17.237,-3.9788e-16,0,5.5021,3.4646e-17,0,4.079e-05,4.079e-05,0,4.6902e-17,0,96.816,1176.8,FLYING
17.24,-3.9779e-16,0,5.5021,3.4666e-17,0,4.0742e-05,4.0742e-05,0,4.138e-17,0,96.816,1176.8,FLYING
17.242,-3.9771e-16,0,5.5021,3.4684e-17,0,4.0694e-05,4.0694e-05,0,3.586e-17,0,96.815,1176.8,FLYING
17.245,-3.9762e-16,0,5.5021,3.4699e-17,0,4.0646e-05,4.0646e-05,0,3.0171e-17,0,96.815,1176.8,FLYING
17.247,-3.9753e-16,0,5.5021,3.4712e-17,0,4.0598e-05,4.0598e-05,0,2.4313e-17,0,96.814,1176.8,FLYING
17.25,-3.9745e-16,0,5.5021,3.4723e-17,0,4.055e-05,4.055e-05,0,1.8458e-17,0,96.814,1176.8,FLYING
17.252,-3.9736e-16,0,5.5021,3.4731e-17,0,4.0502e-05,4.0502e-05,0,1.2434e-17,0,96.813,1176.8,FLYING
17.255,-3.9727e-16,0,5.5021,3.4736e-17,0,4.0454e-05,4.0454e-05,0,6.4115e-18,0,96.813,1176.8,FLYING
17.257,-3.9719e-16,0,5.5021,3.4739e-17,0,4.0406e-05,4.0406e-05,0,2.2106e-19,0,96.812,1176.8,FLYING
17.26,-3.971e-16,0,5.5021,3.4739e-17,0,4.0358e-05,4.0358e-05,0,-6.1375e-18,0,96.812,1176.8,FLYING
17.262,-3.9701e-16,0,5.5021,3.4736e-17,0,4.031e-05,4.031e-05,0,-1.2664e-17,0,96.812,1176.8,FLYING
17.265,-3.9693e-16,0,5.5021,3.4731e-17,0,4.0263e-05,4.0263e-05,0,-1.9359e-17,0,96.811,1176.8,FLYING
17.267,-3.9684e-16,0,5.5021,3.4722e-17,0,4.0215e-05,4.0215e-05,0,-2.6221e-17,0,96.811,1176.8,FLYING
17.27,-3.9675e-16,0,5.5021,3.4711e-17,0,4.0167e-05,4.0167e-05,0,-3.3252e-17,0,96.81,1176.8,FLYING
17.272,-3.9667e-16,0,5.5021,3.4697e-17,0,4.012e-05,4.012e-05,0,-4.0111e-17,0,96.81,1176.8,FLYING
17.275,-3.9658e-16,0,5.5021,3.468e-17,0,4.0072e-05,4.0072e-05,0,-4.6968e-17,0,96.809,1176.8,FLYING
17.277,-3.9649e-16,0,5.5021,3.466e-17,0,4.0025e-05,4.0025e-05,0,-5.3654e-17,0,96.809,1176.8,FLYING
17.28,-3.9641e-16,0,5.5021,3.4637e-17,0,3.9978e-05,3.9978e-05,0,-6.0339e-17,0,96.808,1176.8,FLYING
17.282,-3.9632e-16,0,5.5021,3.4611e-17,0,3.993e-05,3.993e-05,0,-6.6852e-17,0,96.808,1176.8,FLYING
17.285,-3.9623e-16,0,5.5021,3.4582e-17,0,3.9883e-05,3.9883e-05,0,-7.3533e-17,0,96.807,1176.8,FLYING
17.287,-3.9615e-16,0,5.5021,3.4551e-17,0,3.9836e-05,3.9836e-05,0,-8.0382e-17,0,96.807,1176.8,FLYING
17.29,-3.9606e-16,0,5.5021,3.4516e-17,0,3.9789e-05,3.9789e-05,0,-8.7229e-17,0,96.807,1176.8,FLYING
17.292,-3.9597e-16,0,5.5021,3.4479e-17,0,3.9742e-05,3.9742e-05,0,-9.4244e-17,0,96.806,1176.8,FLYING
17.295,-3.9589e-16,0,5.5021,3.4439e-17,0,3.9695e-05,3.9695e-05,0,-1.0143e-16,0,96.806,1176.8,FLYING
17.297,-3.958e-16,0,5.5021,3.4395e-17,0,3.9648e-05,3.9648e-05,0,-1.0861e-16,0,96.805,1176.8,FLYING
17.3,-3.9572e-16,0,5.5021,3.4349e-17,0,3.9601e-05,3.9601e-05,0,-1.1579e-16,0,96.805,1176.8,FLYING
17.302,-3.9563e-16,0,5.5021,3.4299e-17,0,3.9554e-05,3.9554e-05,0,-1.2297e-16,0,96.804,1176.8,FLYING
17.305,-3.9554e-16,0,5.5021,3.4247e-17,0,3.9507e-05,3.9507e-05,0,-1.3031e-16,0,96.804,1176.8,FLYING
17.307,-3.9546e-16,0,5.5021,3.4191e-17,0,3.946e-05,3.946e-05,0,-1.3782e-16,0,96.803,1176.8,FLYING
17.31,-3.9537e-16,0,5.5021,3.4132e-17,0,3.9414e-05,3.9414e-05,0,-1.4534e-16,0,96.803,1176.8,FLYING
17.312,-3.9529e-16,0,5.5021,3.407e-17,0,3.9367e-05,3.9367e-05,0,-1.5285e-16,0,96.802,1176.8,FLYING
17.315,-3.952e-16,0,5.5021,3.4004e-17,0,3.9321e-05,3.9321e-05,0,-1.6035e-16,0,96.802,1176.8,FLYING
17.317,-3.9512e-16,0,5.5021,3.3936e-17,0,3.9274e-05,3.9274e-05,0,-1.6786e-16,0,96.802,1176.8,FLYING
17.32,-3.9503e-16,0,5.5021,3.3864e-17,0,3.9228e-05,3.9228e-05,0,-1.7536e-16,0,96.801,1176.8,FLYING
17.322,-3.9495e-16,0,5.5021,3.3789e-17,0,3.9181e-05,3.9181e-05,0,-1.8253e-16,0,96.801,1176.8,FLYING
17.325,-3.9487e-16,0,5.5021,3.3711e-17,0,3.9135e-05,3.9135e-05,0,-1.8952e-16,0,96.8,1176.8,FLYING
17.327,-3.9478e-16,0,5.5021,3.363e-17,0,3.9089e-05,3.9089e-05,0,-1.9634e-16,0,96.8,1176.8,FLYING
17.33,-3.947e-16,0,5.5021,3.3546e-17,0,3.9042e-05,3.9042e-05,0,-2.0299e-16,0,96.799,1176.8,FLYING
17.332,-3.9461e-16,0,5.5021,3.3459e-17,0,3.8996e-05,3.8996e-05,0,-2.0946e-16,0,96.799,1176.8,FLYING
17.335,-3.9453e-16,0,5.5021,3.3369e-17,0,3.895e-05,3.895e-05,0,-2.156e-16,0,96.798,1176.8,FLYING
17.337,-3.9445e-16,0,5.5021,3.3277e-17,0,3.8904e-05,3.8904e-05,0,-2.214e-16,0,96.798,1176.8,FLYING
17.34,-3.9436e-16,0,5.5021,3.3182e-17,0,3.8858e-05,3.8858e-05,0,-2.2685e-16,0,96.797,1176.8,FLYING
17.342,-3.9428e-16,0,5.5021,3.3085e-17,0,3.8812e-05,3.8812e-05,0,-2.3197e-16,0,96.797,1176.8,FLYING
17.345,-3.942e-16,0,5.5021,3.2986e-17,0,3.8766e-05,3.8766e-05,0,-2.3691e-16,0,96.797,1176.8,FLYING
17.347,-3.9412e-16,0,5.5021,3.2885e-17,0,3.872e-05,3.872e-05,0,-2.4168e-16,0,96.796,1176.8,FLYING
17.35,-3.9404e-16,0,5.5021,3.2781e-17,0,3.8674e-05,3.8674e-05,0,-2.4594e-16,0,96.796,1176.8,FLYING
17.352,-3.9395e-16,0,5.5021,3.2676e-17,0,3.8628e-05,3.8628e-05,0,-2.4987e-16,0,96.795,1176.8,FLYING
17.355,-3.9387e-16,0,5.5021,3.2569e-17,0,3.8583e-05,3.8583e-05,0,-2.5362e-16,0,96.795,1176.8,FLYING
17.357,-3.9379e-16,0,5.5021,3.246e-17,0,3.8537e-05,3.8537e-05,0,-2.5703e-16,0,96.794,1176.8,FLYING
17.36,-3.9371e-16,0,5.5021,3.235e-17,0,3.8492e-05,3.8492e-05,0,-2.601e-16,0,96.794,1176.8,FLYING
17.362,-3.9363e-16,0,5.5021,3.2239e-17,0,3.8446e-05,3.8446e-05,0,-2.63e-16,0,96.793,1176.8,FLYING
17.365,-3.9355e-16,0,5.5021,3.2127e-17,0,3.8401e-05,3.8401e-05,0,-2.6573e-16,0,96.793,1176.8,FLYING
17.367,-3.9347e-16,0,5.5021,3.2013e-17,0,3.8355e-05,3.8355e-05,0,-2.6795e-16,0,96.792,1176.8,FLYING
17.37,-3.9339e-16,0,5.5021,3.1898e-17,0,3.831e-05,3.831e-05,0,-2.6983e-16,0,96.792,1176.8,FLYING
17.372,-3.9331e-16,0,5.5021,3.1783e-17,0,3.8264e-05,3.8264e-05,0,-2.7155e-16,0,96.791,1176.8,FLYING
17.375,-3.9323e-16,0,5.5021,3.1667e-17,0,3.8219e-05,3.8219e-05,0,-2.7292e-16,0,96.791,1176.8,FLYING
17.377,-3.9315e-16,0,5.5021,3.155e-17,0,3.8174e-05,3.8174e-05,0,-2.7395e-16,0,96.791,1176.8,FLYING
17.38,-3.9307e-16,0,5.5021,3.1433e-17,0,3.8129e-05,3.8129e-05,0,-2.7481e-16,0,96.79,1176.8,FLYING
17.382,-3.9299e-16,0,5.5021,3.1315e-17,0,3.8084e-05,3.8084e-05,0,-2.755e-16,0,96.79,1176.8,FLYING
17.385,-3.9292e-16,0,5.5021,3.1197e-17,0,3.8039e-05,3.8039e-05,0,-2.7585e-16,0,96.789,1176.8,FLYING
17.387,-3.9284e-16,0,5.5021,3.1079e-17,0,3.7994e-05,3.7994e-05,0,-2.7604e-16,0,96.789,1176.8,FLYING
17.39,-3.9276e-16,0,5.5021,3.0961e-17,0,3.7949e-05,3.7949e-05,0,-2.7605e-16,0,96.788,1176.8,FLYING
17.392,-3.9268e-16,0,5.5021,3.0843e-17,0,3.7904e-05,3.7904e-05,0,-2.7589e-16,0,96.788,1176.8,FLYING
17.395,-3.9261e-16,0,5.5021,3.0725e-17,0,3.7859e-05,3.7859e-05,0,-2.754e-16,0,96.787,1176.8,FLYING
17.397,-3.9253e-16,0,5.5021,3.0607e-17,0,3.7814e-05,3.7814e-05,0,-2.7456e-16,0,96.787,1176.8,FLYING
17.4,-3.9246e-16,0,5.5021,3.0489e-17,0,3.7769e-05,3.7769e-05,0,-2.7339e-16,0,96.786,1176.8,FLYING
17.402,-3.9238e-16,0,5.5021,3.0373e-17,0,3.7725e-05,3.7725e-05,0,-2.7188e-16,0,96.786,1176.8,FLYING
17.405,-3.923e-16,0,5.5021,3.0256e-17,0,3.768e-05,3.768e-05,0,-2.702e-16,0,96.786,1176.8,FLYING
17.407,-3.9223e-16,0,5.5021,3.0141e-17,0,3.7635e-05,3.7635e-05,0,-2.6817e-16,0,96.785,1176.8,FLYING
17.41,-3.9215e-16,0,5.5021,3.0026e-17,0,3.7591e-05,3.7591e-05,0,-2.6581e-16,0,96.785,1176.8,FLYING
17.412,-3.9208e-16,0,5.5021,2.9912e-17,0,3.7546e-05,3.7546e-05,0,-2.6312e-16,0,96.784,1176.8,FLYING
17.415,-3.92e-16,0,5.5021,2.9799e-17,0,3.7502e-05,3.7502e-05,0,-2.6025e-16,0,96.784,1176.8,FLYING
17.417,-3.9193e-16,0,5.5021,2.9688e-17,0,3.7458e-05,3.7458e-05,0,-2.5704e-16,0,96.783,1176.8,FLYING
17.42,-3.9186e-16,0,5.5021,2.9578e-17,0,3.7413e-05,3.7413e-05,0,-2.5333e-16,0,96.783,1176.8,FLYING
17.422,-3.9178e-16,0,5.5021,2.947e-17,0,3.7369e-05,3.7369e-05,0,-2.4928e-16,0,96.782,1176.8,FLYING
17.425,-3.9171e-16,0,5.5021,2.9363e-17,0,3.7325e-05,3.7325e-05,0,-2.4506e-16,0,96.782,1176.8,FLYING
17.427,-3.9164e-16,0,5.5021,2.9258e-17,0,3.7281e-05,3.7281e-05,0,-2.4067e-16,0,96.781,1176.8,FLYING
17.43,-3.9156e-16,0,5.5021,2.9155e-17,0,3.7237e-05,3.7237e-05,0,-2.3611e-16,0,96.781,1176.8,FLYING
17.432,-3.9149e-16,0,5.5021,2.9054e-17,0,3.7193e-05,3.7193e-05,0,-2.3138e-16,0,96.781,1176.8,FLYING
17.435,-3.9142e-16,0,5.5021,2.8955e-17,0,3.7149e-05,3.7149e-05,0,-2.2632e-16,0,96.78,1176.8,FLYING
17.437,-3.9135e-16,0,5.5021,2.8858e-17,0,3.7105e-05,3.7105e-05,0,-2.2075e-16,0,96.78,1176.8,FLYING
17.44,-3.9127e-16,0,5.5021,2.8764e-17,0,3.7061e-05,3.7061e-05,0,-2.1518e-16,0,96.779,1176.8,FLYING
17.442,-3.912e-16,0,5.5021,2.8672e-17,0,3.7017e-05,3.7017e-05,0,-2.0944e-16,0,96.779,1176.8,FLYING
17.445,-3.9113e-16,0,5.5021,2.8582e-17,0,3.6973e-05,3.6973e-05,0,-2.0353e-16,0,96.778,1176.8,FLYING
17.447,-3.9106e-16,0,5.5021,2.8495e-17,0,3.6929e-05,3.6929e-05,0,-1.9762e-16,0,96.778,1176.8,FLYING
17.45,-3.9099e-16,0,5.5021,2.8411e-17,0,3.6886e-05,3.6886e-05,0,-1.9172e-16,0,96.777,1176.8,FLYING
17.452,-3.9092e-16,0,5.5021,2.8329e-17,0,3.6842e-05,3.6842e-05,0,-1.8565e-16,0,96.777,1176.8,FLYING
17.455,-3.9085e-16,0,5.5021,2.8249e-17,0,3.6798e-05,3.6798e-05,0,-1.7924e-16,0,96.776,1176.8,FLYING
17.457,-3.9078e-16,0,5.5021,2.8172e-17,0,3.6755e-05,3.6755e-05,0,-1.7266e-16,0,96.776,1176.8,FLYING
17.46,-3.9071e-16,0,5.5021,2.8099e-17,0,3.6711e-05,3.6711e-05,0,-1.6574e-16,0,96.776,1176.8,FLYING
17.462,-3.9064e-16,0,5.5021,2.8028e-17,0,3.6668e-05,3.6668e-05,0,-1.59e-16,0,96.775,1176.8,FLYING
17.465,-3.9057e-16,0,5.5021,2.796e-17,0,3.6625e-05,3.6625e-05,0,-1.5226e-16,0,96.775,1176.8,FLYING
17.467,-3.905e-16,0,5.5021,2.7894e-17,0,3.6581e-05,3.6581e-05,0,-1.4568e-16,0,96.774,1176.8,FLYING
17.47,-3.9043e-16,0,5.5021,2.7832e-17,0,3.6538e-05,3.6538e-05,0,-1.3928e-16,0,96.774,1176.8,FLYING
17.472,-3.9036e-16,0,5.5021,2.7772e-17,0,3.6495e-05,3.6495e-05,0,-1.3289e-16,0,96.773,1176.8,FLYING
17.475,-3.9029e-16,0,5.5021,2.7716e-17,0,3.6451e-05,3.6451e-05,0,-1.2666e-16,0,96.773,1176.8,FLYING
17.477,-3.9022e-16,0,5.5021,2.7661e-17,0,3.6408e-05,3.6408e-05,0,-1.2043e-16,0,96.772,1176.8,FLYING
17.48,-3.9015e-16,0,5.5021,2.761e-17,0,3.6365e-05,3.6365e-05,0,-1.1421e-16,0,96.772,1176.8,FLYING
17.482,-3.9008e-16,0,5.5021,2.7561e-17,0,3.6322e-05,3.6322e-05,0,-1.0799e-16,0,96.771,1176.8,FLYING
17.485,-3.9001e-16,0,5.5021,2.7515e-17,0,3.6279e-05,3.6279e-05,0,-1.0193e-16,0,96.771,1176.8,FLYING
17.487,-3.8994e-16,0,5.5021,2.7471e-17,0,3.6236e-05,3.6236e-05,0,-9.5885e-17,0,96.771,1176.8,FLYING
17.49,-3.8987e-16,0,5.5021,2.743e-17,0,3.6193e-05,3.6193e-05,0,-9.0345e-17,0,96.77,1176.8,FLYING
17.492,-3.8981e-16,0,5.5021,2.7391e-17,0,3.6151e-05,3.6151e-05,0,-8.5146e-17,0,96.77,1176.8,FLYING
17.495,-3.8974e-16,0,5.5021,2.7355e-17,0,3.6108e-05,3.6108e-05,0,-8.0288e-17,0,96.769,1176.8,FLYING
17.497,-3.8967e-16,0,5.5021,2.7321e-17,0,3.6065e-05,3.6065e-05,0,-7.56e-17,0,96.769,1176.8,FLYING
17.5,-3.896e-16,0,5.5021,2.7288e-17,0,3.6023e-05,3.6023e-05,0,-7.1423e-17,0,96.768,1176.8,FLYING
17.502,-3.8953e-16,0,5.5021,2.7258e-17,0,3.598e-05,3.598e-05,0,-6.7755e-17,0,96.768,1176.8,FLYING
17.505,-3.8947e-16,0,5.5021,2.7229e-17,0,3.5937e-05,3.5937e-05,0,-6.3919e-17,0,96.767,1176.8,FLYING
17.507,-3.894e-16,0,5.5021,2.7201e-17,0,3.5895e-05,3.5895e-05,0,-6.0254e-17,0,96.767,1176.8,FLYING
17.51,-3.8933e-16,0,5.5021,2.7176e-17,0,3.5852e-05,3.5852e-05,0,-5.6759e-17,0,96.766,1176.8,FLYING
17.512,-3.8926e-16,0,5.5021,2.7151e-17,0,3.581e-05,3.581e-05,0,-5.3434e-17,0,96.766,1176.8,FLYING
17.515,-3.8919e-16,0,5.5021,2.7129e-17,0,3.5768e-05,3.5768e-05,0,-4.9941e-17,0,96.765,1176.8,FLYING
17.517,-3.8913e-16,0,5.5021,2.7107e-17,0,3.5725e-05,3.5725e-05,0,-4.6278e-17,0,96.765,1176.8,FLYING
17.52,-3.8906e-16,0,5.5021,2.7087e-17,0,3.5683e-05,3.5683e-05,0,-4.2787e-17,0,96.765,1176.8,FLYING
17.522,-3.8899e-16,0,5.5021,2.7069e-17,0,3.5641e-05,3.5641e-05,0,-3.9127e-17,0,96.764,1176.8,FLYING
17.525,-3.8892e-16,0,5.5021,2.7052e-17,0,3.5599e-05,3.5599e-05,0,-3.5467e-17,0,96.764,1176.8,FLYING
17.527,-3.8886e-16,0,5.5021,2.7037e-17,0,3.5556e-05,3.5556e-05,0,-3.1978e-17,0,96.763,1176.8,FLYING
17.53,-3.8879e-16,0,5.5021,2.7023e-17,0,3.5514e-05,3.5514e-05,0,-2.866e-17,0,96.763,1176.8,FLYING
17.532,-3.8872e-16,0,5.5021,2.7011e-17,0,3.5472e-05,3.5472e-05,0,-2.5682e-17,0,96.762,1176.8,FLYING
17.535,-3.8865e-16,0,5.5021,2.7e-17,0,3.543e-05,3.543e-05,0,-2.3043e-17,0,96.762,1176.8,FLYING
17.537,-3.8859e-16,0,5.5021,2.699e-17,0,3.5388e-05,3.5388e-05,0,-2.0915e-17,0,96.761,1176.8,FLYING
17.54,-3.8852e-16,0,5.5021,2.6981e-17,0,3.5347e-05,3.5347e-05,0,-1.9126e-17,0,96.761,1176.8,FLYING
17.542,-3.8845e-16,0,5.5021,2.6973e-17,0,3.5305e-05,3.5305e-05,0,-1.7846e-17,0,96.76,1176.8,FLYING
17.545,-3.8838e-16,0,5.5021,2.6966e-17,0,3.5263e-05,3.5263e-05,0,-1.7076e-17,0,96.76,1176.8,FLYING
17.547,-3.8832e-16,0,5.5021,2.6958e-17,0,3.5221e-05,3.5221e-05,0,-1.6475e-17,0,96.76,1176.8,FLYING
17.55,-3.8825e-16,0,5.5021,2.6951e-17,0,3.518e-05,3.518e-05,0,-1.6384e-17,0,96.759,1176.8,FLYING
17.552,-3.8818e-16,0,5.5021,2.6944e-17,0,3.5138e-05,3.5138e-05,0,-1.6801e-17,0,96.759,1176.8,FLYING
17.555,-3.8811e-16,0,5.5021,2.6937e-17,0,3.5096e-05,3.5096e-05,0,-1.7727e-17,0,96.758,1176.8,FLYING
17.557,-3.8805e-16,0,5.5021,2.6929e-17,0,3.5055e-05,3.5055e-05,0,-1.8992e-17,0,96.758,1176.8,FLYING
17.56,-3.8798e-16,0,5.5021,2.6921e-17,0,3.5013e-05,3.5013e-05,0,-2.0597e-17,0,96.757,1176.8,FLYING
17.562,-3.8791e-16,0,5.5021,2.6912e-17,0,3.4972e-05,3.4972e-05,0,-2.254e-17,0,96.757,1176.8,FLYING
17.565,-3.8784e-16,0,5.5021,2.6903e-17,0,3.4931e-05,3.4931e-05,0,-2.4821e-17,0,96.756,1176.8,FLYING
17.567,-3.8778e-16,0,5.5021,2.6892e-17,0,3.4889e-05,3.4889e-05,0,-2.7272e-17,0,96.756,1176.8,FLYING
17.57,-3.8771e-16,0,5.5021,2.6881e-17,0,3.4848e-05,3.4848e-05,0,-3.0231e-17,0,96.755,1176.8,FLYING
17.572,-3.8764e-16,0,5.5021,2.6868e-17,0,3.4807e-05,3.4807e-05,0,-3.3529e-17,0,96.755,1176.8,FLYING
17.575,-3.8758e-16,0,5.5021,2.6853e-17,0,3.4766e-05,3.4766e-05,0,-3.7335e-17,0,96.755,1176.8,FLYING
17.577,-3.8751e-16,0,5.5021,2.6837e-17,0,3.4725e-05,3.4725e-05,0,-4.1309e-17,0,96.754,1176.8,FLYING
17.58,-3.8744e-16,0,5.5021,2.682e-17,0,3.4683e-05,3.4683e-05,0,-4.5622e-17,0,96.754,1176.8,FLYING
17.582,-3.8737e-16,0,5.5021,2.68e-17,0,3.4642e-05,3.4642e-05,0,-5.0272e-17,0,96.753,1176.8,FLYING
17.585,-3.8731e-16,0,5.5021,2.6779e-17,0,3.4601e-05,3.4601e-05,0,-5.5431e-17,0,96.753,1176.8,FLYING
17.587,-3.8724e-16,0,5.5021,2.6755e-17,0,3.456e-05,3.456e-05,0,-6.0927e-17,0,96.752,1176.8,FLYING
17.59,-3.8717e-16,0,5.5021,2.6729e-17,0,3.452e-05,3.452e-05,0,-6.6762e-17,0,96.752,1176.8,FLYING
17.592,-3.8711e-16,0,5.5021,2.67e-17,0,3.4479e-05,3.4479e-05,0,-7.3104e-17,0,96.751,1176.8,FLYING
17.595,-3.8704e-16,0,5.5021,2.6669e-17,0,3.4438e-05,3.4438e-05,0,-7.9613e-17,0,96.751,1176.8,FLYING
17.597,-3.8697e-16,0,5.5021,2.6635e-17,0,3.4397e-05,3.4397e-05,0,-8.6631e-17,0,96.75,1176.8,FLYING
17.6,-3.8691e-16,0,5.5021,2.6598e-17,0,3.4356e-05,3.4356e-05,0,-9.3816e-17,0,96.75,1176.8,FLYING
17.602,-3.8684e-16,0,5.5021,2.6558e-17,0,3.4316e-05,3.4316e-05,0,-1.0134e-16,0,96.75,1176.8,FLYING
17.605,-3.8677e-16,0,5.5021,2.6514e-17,0,3.4275e-05,3.4275e-05,0,-1.092e-16,0,96.749,1176.8,FLYING
17.607,-3.8671e-16,0,5.5021,2.6468e-17,0,3.4235e-05,3.4235e-05,0,-1.1723e-16,0,96.749,1176.8,FLYING
17.61,-3.8664e-16,0,5.5021,2.6417e-17,0,3.4194e-05,3.4194e-05,0,-1.2559e-16,0,96.748,1176.8,FLYING
17.612,-3.8658e-16,0,5.5021,2.6364e-17,0,3.4154e-05,3.4154e-05,0,-1.3429e-16,0,96.748,1176.8,FLYING
17.615,-3.8651e-16,0,5.5021,2.6306e-17,0,3.4113e-05,3.4113e-05,0,-1.435e-16,0,96.747,1176.8,FLYING
17.617,-3.8644e-16,0,5.5021,2.6245e-17,0,3.4073e-05,3.4073e-05,0,-1.5305e-16,0,96.747,1176.8,FLYING
17.62,-3.8638e-16,0,5.5021,2.6179e-17,0,3.4033e-05,3.4033e-05,0,-1.6276e-16,0,96.746,1176.8,FLYING
17.622,-3.8631e-16,0,5.5021,2.611e-17,0,3.3992e-05,3.3992e-05,0,-1.7298e-16,0,96.746,1176.8,FLYING
17.625,-3.8625e-16,0,5.5021,2.6036e-17,0,3.3952e-05,3.3952e-05,0,-1.8353e-16,0,96.745,1176.8,FLYING
17.627,-3.8618e-16,0,5.5021,2.5957e-17,0,3.3912e-05,3.3912e-05,0,-1.9443e-16,0,96.745,1176.8,FLYING
17.63,-3.8612e-16,0,5.5021,2.5874e-17,0,3.3872e-05,3.3872e-05,0,-2.0515e-16,0,96.745,1176.8,FLYING
17.632,-3.8606e-16,0,5.5021,2.5786e-17,0,3.3832e-05,3.3832e-05,0,-2.1587e-16,0,96.744,1176.8,FLYING
17.635,-3.8599e-16,0,5.5021,2.5694e-17,0,3.3792e-05,3.3792e-05,0,-2.2658e-16,0,96.744,1176.8,FLYING
17.637,-3.8593e-16,0,5.5021,2.5597e-17,0,3.3752e-05,3.3752e-05,0,-2.3712e-16,0,96.743,1176.8,FLYING
17.64,-3.8586e-16,0,5.5021,2.5495e-17,0,3.3712e-05,3.3712e-05,0,-2.4783e-16,0,96.743,1176.8,FLYING
17.642,-3.858e-16,0,5.5021,2.5389e-17,0,3.3672e-05,3.3672e-05,0,-2.5837e-16,0,96.742,1176.8,FLYING
17.645,-3.8574e-16,0,5.5021,2.5279e-17,0,3.3632e-05,3.3632e-05,0,-2.6873e-16,0,96.742,1176.8,FLYING
17.647,-3.8567e-16,0,5.5021,2.5164e-17,0,3.3592e-05,3.3592e-05,0,-2.7893e-16,0,96.741,1176.8,FLYING
17.65,-3.8561e-16,0,5.5021,2.5044e-17,0,3.3553e-05,3.3553e-05,0,-2.8878e-16,0,96.741,1176.8,FLYING
17.652,-3.8555e-16,0,5.5021,2.4921e-17,0,3.3513e-05,3.3513e-05,0,-2.9846e-16,0,96.74,1176.8,FLYING
17.655,-3.8549e-16,0,5.5021,2.4793e-17,0,3.3473e-05,3.3473e-05,0,-3.0779e-16,0,96.74,1176.8,FLYING
17.657,-3.8543e-16,0,5.5021,2.4661e-17,0,3.3434e-05,3.3434e-05,0,-3.1679e-16,0,96.739,1176.8,FLYING
17.66,-3.8536e-16,0,5.5021,2.4526e-17,0,3.3394e-05,3.3394e-05,0,-3.2544e-16,0,96.739,1176.8,FLYING
17.662,-3.853e-16,0,5.5021,2.4387e-17,0,3.3355e-05,3.3355e-05,0,-3.3393e-16,0,96.739,1176.8,FLYING
17.665,-3.8524e-16,0,5.5021,2.4244e-17,0,3.3315e-05,3.3315e-05,0,-3.4224e-16,0,96.738,1176.8,FLYING
17.667,-3.8518e-16,0,5.5021,2.4097e-17,0,3.3276e-05,3.3276e-05,0,-3.5021e-16,0,96.738,1176.8,FLYING
17.67,-3.8512e-16,0,5.5021,2.3947e-17,0,3.3236e-05,3.3236e-05,0,-3.58e-16,0,96.737,1176.8,FLYING
17.672,-3.8506e-16,0,5.5021,2.3794e-17,0,3.3197e-05,3.3197e-05,0,-3.6546e-16,0,96.737,1176.8,FLYING
17.675,-3.85e-16,0,5.5021,2.3638e-17,0,3.3158e-05,3.3158e-05,0,-3.7241e-16,0,96.736,1176.8,FLYING
17.677,-3.8494e-16,0,5.5021,2.3479e-17,0,3.3119e-05,3.3119e-05,0,-3.7901e-16,0,96.736,1176.8,FLYING
17.68,-3.8489e-16,0,5.5021,2.3316e-17,0,3.3079e-05,3.3079e-05,0,-3.8544e-16,0,96.735,1176.8,FLYING
17.682,-3.8483e-16,0,5.5021,2.3151e-17,0,3.304e-05,3.304e-05,0,-3.9154e-16,0,96.735,1176.8,FLYING
17.685,-3.8477e-16,0,5.5021,2.2984e-17,0,3.3001e-05,3.3001e-05,0,-3.9746e-16,0,96.734,1176.8,FLYING
17.687,-3.8471e-16,0,5.5021,2.2814e-17,0,3.2962e-05,3.2962e-05,0,-4.0321e-16,0,96.734,1176.8,FLYING
17.69,-3.8466e-16,0,5.5021,2.2641e-17,0,3.2923e-05,3.2923e-05,0,-4.0879e-16,0,96.734,1176.8,FLYING
17.692,-3.846e-16,0,5.5021,2.2466e-17,0,3.2884e-05,3.2884e-05,0,-4.142e-16,0,96.733,1176.8,FLYING
17.695,-3.8455e-16,0,5.5021,2.2289e-17,0,3.2845e-05,3.2845e-05,0,-4.1943e-16,0,96.733,1176.8,FLYING
17.697,-3.8449e-16,0,5.5021,2.211e-17,0,3.2806e-05,3.2806e-05,0,-4.245e-16,0,96.732,1176.8,FLYING
17.7,-3.8444e-16,0,5.5021,2.1928e-17,0,3.2768e-05,3.2768e-05,0,-4.2922e-16,0,96.732,1176.8,FLYING
17.702,-3.8438e-16,0,5.5021,2.1744e-17,0,3.2729e-05,3.2729e-05,0,-4.3361e-16,0,96.731,1176.8,FLYING
17.705,-3.8433e-16,0,5.5021,2.1559e-17,0,3.269e-05,3.269e-05,0,-4.3766e-16,0,96.731,1176.8,FLYING
17.707,-3.8427e-16,0,5.5021,2.1372e-17,0,3.2651e-05,3.2651e-05,0,-4.4153e-16,0,96.73,1176.8,FLYING
17.71,-3.8422e-16,0,5.5021,2.1183e-17,0,3.2613e-05,3.2613e-05,0,-4.4506e-16,0,96.73,1176.8,FLYING
17.712,-3.8417e-16,0,5.5021,2.0992e-17,0,3.2574e-05,3.2574e-05,0,-4.4843e-16,0,96.729,1176.8,FLYING
17.715,-3.8412e-16,0,5.5021,2.08e-17,0,3.2536e-05,3.2536e-05,0,-4.5145e-16,0,96.729,1176.8,FLYING
17.717,-3.8406e-16,0,5.5021,2.0607e-17,0,3.2497e-05,3.2497e-05,0,-4.5413e-16,0,96.729,1176.8,FLYING
17.72,-3.8401e-16,0,5.5021,2.0413e-17,0,3.2459e-05,3.2459e-05,0,-4.5665e-16,0,96.728,1176.8,FLYING
17.722,-3.8396e-16,0,5.5021,2.0217e-17,0,3.242e-05,3.242e-05,0,-4.5899e-16,0,96.728,1176.8,FLYING
17.725,-3.8391e-16,0,5.5021,2.0021e-17,0,3.2382e-05,3.2382e-05,0,-4.6116e-16,0,96.727,1176.8,FLYING
17.727,-3.8386e-16,0,5.5021,1.9824e-17,0,3.2344e-05,3.2344e-05,0,-4.6316e-16,0,96.727,1176.8,FLYING
17.73,-3.8381e-16,0,5.5021,1.9625e-17,0,3.2305e-05,3.2305e-05,0,-4.6483e-16,0,96.726,1176.8,FLYING
17.732,-3.8377e-16,0,5.5021,1.9427e-17,0,3.2267e-05,3.2267e-05,0,-4.6615e-16,0,96.726,1176.8,FLYING
17.735,-3.8372e-16,0,5.5021,1.9227e-17,0,3.2229e-05,3.2229e-05,0,-4.6696e-16,0,96.725,1176.8,FLYING
17.737,-3.8367e-16,0,5.5021,1.9027e-17,0,3.2191e-05,3.2191e-05,0,-4.6744e-16,0,96.725,1176.8,FLYING
17.74,-3.8362e-16,0,5.5021,1.8827e-17,0,3.2153e-05,3.2153e-05,0,-4.674e-16,0,96.724,1176.8,FLYING
17.742,-3.8358e-16,0,5.5021,1.8627e-17,0,3.2115e-05,3.2115e-05,0,-4.672e-16,0,96.724,1176.8,FLYING
17.745,-3.8353e-16,0,5.5021,1.8427e-17,0,3.2077e-05,3.2077e-05,0,-4.6683e-16,0,96.724,1176.8,FLYING
17.747,-3.8349e-16,0,5.5021,1.8228e-17,0,3.2039e-05,3.2039e-05,0,-4.6628e-16,0,96.723,1176.8,FLYING
17.75,-3.8344e-16,0,5.5021,1.8028e-17,0,3.2001e-05,3.2001e-05,0,-4.654e-16,0,96.723,1176.8,FLYING
17.752,-3.834e-16,0,5.5021,1.7829e-17,0,3.1963e-05,3.1963e-05,0,-4.6401e-16,0,96.722,1176.8,FLYING
17.755,-3.8335e-16,0,5.5021,1.763e-17,0,3.1925e-05,3.1925e-05,0,-4.6245e-16,0,96.722,1176.8,FLYING
17.757,-3.8331e-16,0,5.5021,1.7433e-17,0,3.1887e-05,3.1887e-05,0,-4.6055e-16,0,96.721,1176.8,FLYING
17.76,-3.8326e-16,0,5.5021,1.7235e-17,0,3.185e-05,3.185e-05,0,-4.5831e-16,0,96.721,1176.8,FLYING
17.762,-3.8322e-16,0,5.5021,1.7039e-17,0,3.1812e-05,3.1812e-05,0,-4.559e-16,0,96.72,1176.8,FLYING
17.765,-3.8318e-16,0,5.5021,1.6844e-17,0,3.1774e-05,3.1774e-05,0,-4.5299e-16,0,96.72,1176.8,FLYING
17.767,-3.8314e-16,0,5.5021,1.665e-17,0,3.1737e-05,3.1737e-05,0,-4.4973e-16,0,96.719,1176.8,FLYING
17.77,-3.831e-16,0,5.5021,1.6458e-17,0,3.1699e-05,3.1699e-05,0,-4.4614e-16,0,96.719,1176.8,FLYING
17.772,-3.8306e-16,0,5.5021,1.6267e-17,0,3.1662e-05,3.1662e-05,0,-4.4221e-16,0,96.718,1176.8,FLYING
17.775,-3.8302e-16,0,5.5021,1.6078e-17,0,3.1624e-05,3.1624e-05,0,-4.3794e-16,0,96.718,1176.8,FLYING
17.777,-3.8298e-16,0,5.5021,1.5891e-17,0,3.1587e-05,3.1587e-05,0,-4.3317e-16,0,96.718,1176.8,FLYING
17.78,-3.8294e-16,0,5.5021,1.5705e-17,0,3.1549e-05,3.1549e-05,0,-4.2822e-16,0,96.717,1176.8,FLYING
17.782,-3.829e-16,0,5.5021,1.5522e-17,0,3.1512e-05,3.1512e-05,0,-4.2311e-16,0,96.717,1176.8,FLYING
17.785,-3.8286e-16,0,5.5021,1.5341e-17,0,3.1475e-05,3.1475e-05,0,-4.1782e-16,0,96.716,1176.8,FLYING
17.787,-3.8282e-16,0,5.5021,1.5162e-17,0,3.1438e-05,3.1438e-05,0,-4.1237e-16,0,96.716,1176.8,FLYING
17.79,-3.8278e-16,0,5.5021,1.4986e-17,0,3.14e-05,3.14e-05,0,-4.0659e-16,0,96.715,1176.8,FLYING
17.792,-3.8275e-16,0,5.5021,1.4812e-17,0,3.1363e-05,3.1363e-05,0,-4.0029e-16,0,96.715,1176.8,FLYING
17.795,-3.8271e-16,0,5.5021,1.464e-17,0,3.1326e-05,3.1326e-05,0,-3.9366e-16,0,96.714,1176.8,FLYING
17.797,-3.8268e-16,0,5.5021,1.4472e-17,0,3.1289e-05,3.1289e-05,0,-3.8669e-16,0,96.714,1176.8,FLYING
17.8,-3.8264e-16,0,5.5021,1.4306e-17,0,3.1252e-05,3.1252e-05,0,-3.7938e-16,0,96.713,1176.8,FLYING
17.802,-3.826e-16,0,5.5021,1.4144e-17,0,3.1215e-05,3.1215e-05,0,-3.719e-16,0,96.713,1176.8,FLYING
17.805,-3.8257e-16,0,5.5021,1.3985e-17,0,3.1178e-05,3.1178e-05,0,-3.6426e-16,0,96.713,1176.8,FLYING
17.807,-3.8253e-16,0,5.5021,1.3829e-17,0,3.1141e-05,3.1141e-05,0,-3.5628e-16,0,96.712,1176.8,FLYING
17.81,-3.825e-16,0,5.5021,1.3677e-17,0,3.1104e-05,3.1104e-05,0,-3.4813e-16,0,96.712,1176.8,FLYING
17.812,-3.8247e-16,0,5.5021,1.3528e-17,0,3.1068e-05,3.1068e-05,0,-3.3964e-16,0,96.711,1176.8,FLYING
17.815,-3.8243e-16,0,5.5021,1.3382e-17,0,3.1031e-05,3.1031e-05,0,-3.3082e-16,0,96.711,1176.8,FLYING
17.817,-3.824e-16,0,5.5021,1.3241e-17,0,3.0994e-05,3.0994e-05,0,-3.2183e-16,0,96.71,1176.8,FLYING
17.82,-3.8237e-16,0,5.5021,1.3103e-17,0,3.0957e-05,3.0957e-05,0,-3.125e-16,0,96.71,1176.8,FLYING
17.822,-3.8233e-16,0,5.5021,1.2969e-17,0,3.0921e-05,3.0921e-05,0,-3.03e-16,0,96.709,1176.8,FLYING
17.825,-3.823e-16,0,5.5021,1.284e-17,0,3.0884e-05,3.0884e-05,0,-2.9334e-16,0,96.709,1176.8,FLYING
17.827,-3.8227e-16,0,5.5021,1.2714e-17,0,3.0848e-05,3.0848e-05,0,-2.8334e-16,0,96.708,1176.8,FLYING
17.83,-3.8224e-16,0,5.5021,1.2593e-17,0,3.0811e-05,3.0811e-05,0,-2.7284e-16,0,96.708,1176.8,FLYING
17.832,-3.8221e-16,0,5.5021,1.2476e-17,0,3.0775e-05,3.0775e-05,0,-2.6216e-16,0,96.708,1176.8,FLYING
17.835,-3.8218e-16,0,5.5021,1.2364e-17,0,3.0738e-05,3.0738e-05,0,-2.5115e-16,0,96.707,1176.8,FLYING
17.837,-3.8215e-16,0,5.5021,1.2257e-17,0,3.0702e-05,3.0702e-05,0,-2.3981e-16,0,96.707,1176.8,FLYING
17.84,-3.8212e-16,0,5.5021,1.2154e-17,0,3.0666e-05,3.0666e-05,0,-2.283e-16,0,96.706,1176.8,FLYING
17.842,-3.8209e-16,0,5.5021,1.2056e-17,0,3.0629e-05,3.0629e-05,0,-2.1645e-16,0,96.706,1176.8,FLYING
17.845,-3.8206e-16,0,5.5021,1.1964e-17,0,3.0593e-05,3.0593e-05,0,-2.0443e-16,0,96.705,1176.8,FLYING
17.847,-3.8203e-16,0,5.5021,1.1876e-17,0,3.0557e-05,3.0557e-05,0,-1.9191e-16,0,96.705,1176.8,FLYING
17.85,-3.82e-16,0,5.5021,1.1794e-17,0,3.0521e-05,3.0521e-05,0,-1.7922e-16,0,96.704,1176.8,FLYING
17.852,-3.8197e-16,0,5.5021,1.1717e-17,0,3.0485e-05,3.0485e-05,0,-1.662e-16,0,96.704,1176.8,FLYING
17.855,-3.8194e-16,0,5.5021,1.1646e-17,0,3.0449e-05,3.0449e-05,0,-1.5284e-16,0,96.703,1176.8,FLYING
17.857,-3.8191e-16,0,5.5021,1.1581e-17,0,3.0413e-05,3.0413e-05,0,-1.3914e-16,0,96.703,1176.8,FLYING
17.86,-3.8188e-16,0,5.5021,1.1521e-17,0,3.0377e-05,3.0377e-05,0,-1.2511e-16,0,96.703,1176.8,FLYING
17.862,-3.8185e-16,0,5.5021,1.1468e-17,0,3.0341e-05,3.0341e-05,0,-1.1074e-16,0,96.702,1176.8,FLYING
17.865,-3.8182e-16,0,5.5021,1.142e-17,0,3.0305e-05,3.0305e-05,0,-9.6038e-17,0,96.702,1176.8,FLYING
17.867,-3.818e-16,0,5.5021,1.1379e-17,0,3.0269e-05,3.0269e-05,0,-8.1169e-17,0,96.701,1176.8,FLYING
17.87,-3.8177e-16,0,5.5021,1.1345e-17,0,3.0233e-05,3.0233e-05,0,-6.5964e-17,0,96.701,1176.8,FLYING
17.872,-3.8174e-16,0,5.5021,1.1316e-17,0,3.0197e-05,3.0197e-05,0,-5.0763e-17,0,96.7,1176.8,FLYING
17.875,-3.8171e-16,0,5.5021,1.1295e-17,0,3.0162e-05,3.0162e-05,0,-3.5397e-17,0,96.7,1176.8,FLYING
17.877,-3.8168e-16,0,5.5021,1.128e-17,0,3.0126e-05,3.0126e-05,0,-2.0034e-17,0,96.699,1176.8,FLYING
17.88,-3.8165e-16,0,5.5021,1.1271e-17,0,3.009e-05,3.009e-05,0,-4.505e-18,0,96.699,1176.8,FLYING
17.882,-3.8163e-16,0,5.5021,1.1269e-17,0,3.0055e-05,3.0055e-05,0,1.085e-17,0,96.698,1176.8,FLYING
17.885,-3.816e-16,0,5.5021,1.1274e-17,0,3.0019e-05,3.0019e-05,0,2.6202e-17,0,96.698,1176.8,FLYING
17.887,-3.8157e-16,0,5.5021,1.1285e-17,0,2.9984e-05,2.9984e-05,0,4.1549e-17,0,96.698,1176.8,FLYING
17.89,-3.8154e-16,0,5.5021,1.1303e-17,0,2.9948e-05,2.9948e-05,0,5.6893e-17,0,96.697,1176.8,FLYING
17.892,-3.8151e-16,0,5.5021,1.1327e-17,0,2.9913e-05,2.9913e-05,0,7.2402e-17,0,96.697,1176.8,FLYING
17.895,-3.8148e-16,0,5.5021,1.1358e-17,0,2.9877e-05,2.9877e-05,0,8.7908e-17,0,96.696,1176.8,FLYING
17.897,-3.8146e-16,0,5.5021,1.1396e-17,0,2.9842e-05,2.9842e-05,0,1.0358e-16,0,96.696,1176.8,FLYING
17.9,-3.8143e-16,0,5.5021,1.144e-17,0,2.9807e-05,2.9807e-05,0,1.1925e-16,0,96.695,1176.8,FLYING
17.902,-3.814e-16,0,5.5021,1.1491e-17,0,2.9771e-05,2.9771e-05,0,1.3508e-16,0,96.695,1176.8,FLYING
17.905,-3.8137e-16,0,5.5021,1.1549e-17,0,2.9736e-05,2.9736e-05,0,1.5091e-16,0,96.694,1176.8,FLYING
17.907,-3.8134e-16,0,5.5021,1.1613e-17,0,2.9701e-05,2.9701e-05,0,1.6656e-16,0,96.694,1176.8,FLYING
17.91,-3.8131e-16,0,5.5021,1.1685e-17,0,2.9666e-05,2.9666e-05,0,1.8239e-16,0,96.693,1176.8,FLYING
17.912,-3.8128e-16,0,5.5021,1.1763e-17,0,2.9631e-05,2.9631e-05,0,1.9803e-16,0,96.693,1176.8,FLYING
17.915,-3.8125e-16,0,5.5021,1.1847e-17,0,2.9596e-05,2.9596e-05,0,2.1351e-16,0,96.692,1176.8,FLYING
17.917,-3.8122e-16,0,5.5021,1.1939e-17,0,2.9561e-05,2.9561e-05,0,2.2864e-16,0,96.692,1176.8,FLYING
17.92,-3.8119e-16,0,5.5021,1.2037e-17,0,2.9526e-05,2.9526e-05,0,2.4326e-16,0,96.692,1176.8,FLYING
17.922,-3.8116e-16,0,5.5021,1.2141e-17,0,2.9491e-05,2.9491e-05,0,2.5736e-16,0,96.691,1176.8,FLYING
17.925,-3.8113e-16,0,5.5021,1.2251e-17,0,2.9456e-05,2.9456e-05,0,2.7113e-16,0,96.691,1176.8,FLYING
17.927,-3.811e-16,0,5.5021,1.2367e-17,0,2.9421e-05,2.9421e-05,0,2.8455e-16,0,96.69,1176.8,FLYING
17.93,-3.8107e-16,0,5.5021,1.2489e-17,0,2.9386e-05,2.9386e-05,0,2.9762e-16,0,96.69,1176.8,FLYING
17.932,-3.8104e-16,0,5.5021,1.2616e-17,0,2.9351e-05,2.9351e-05,0,3.1019e-16,0,96.689,1176.8,FLYING
17.935,-3.8101e-16,0,5.5021,1.2749e-17,0,2.9317e-05,2.9317e-05,0,3.2241e-16,0,96.689,1176.8,FLYING
17.937,-3.8097e-16,0,5.5021,1.2887e-17,0,2.9282e-05,2.9282e-05,0,3.3429e-16,0,96.688,1176.8,FLYING
17.94,-3.8094e-16,0,5.5021,1.303e-17,0,2.9247e-05,2.9247e-05,0,3.4583e-16,0,96.688,1176.8,FLYING
17.942,-3.8091e-16,0,5.5021,1.3178e-17,0,2.9213e-05,2.9213e-05,0,3.5703e-16,0,96.687,1176.8,FLYING
17.945,-3.8087e-16,0,5.5021,1.333e-17,0,2.9178e-05,2.9178e-05,0,3.6771e-16,0,96.687,1176.8,FLYING
17.947,-3.8084e-16,0,5.5021,1.3488e-17,0,2.9144e-05,2.9144e-05,0,3.7823e-16,0,96.687,1176.8,FLYING
17.95,-3.8081e-16,0,5.5021,1.365e-17,0,2.9109e-05,2.9109e-05,0,3.8823e-16,0,96.686,1176.8,FLYING
17.952,-3.8077e-16,0,5.5021,1.3816e-17,0,2.9075e-05,2.9075e-05,0,3.9772e-16,0,96.686,1176.8,FLYING
17.955,-3.8074e-16,0,5.5021,1.3986e-17,0,2.904e-05,2.904e-05,0,4.0687e-16,0,96.685,1176.8,FLYING
17.957,-3.807e-16,0,5.5021,1.416e-17,0,2.9006e-05,2.9006e-05,0,4.155e-16,0,96.685,1176.8,FLYING
17.96,-3.8067e-16,0,5.5021,1.4338e-17,0,2.8972e-05,2.8972e-05,0,4.2397e-16,0,96.684,1176.8,FLYING
17.962,-3.8063e-16,0,5.5021,1.4519e-17,0,2.8937e-05,2.8937e-05,0,4.3226e-16,0,96.684,1176.8,FLYING
17.965,-3.8059e-16,0,5.5021,1.4704e-17,0,2.8903e-05,2.8903e-05,0,4.4021e-16,0,96.683,1176.8,FLYING
17.967,-3.8056e-16,0,5.5021,1.4893e-17,0,2.8869e-05,2.8869e-05,0,4.4765e-16,0,96.683,1176.8,FLYING
17.97,-3.8052e-16,0,5.5021,1.5084e-17,0,2.8835e-05,2.8835e-05,0,4.5458e-16,0,96.682,1176.8,FLYING
17.972,-3.8048e-16,0,5.5021,1.5279e-17,0,2.8801e-05,2.8801e-05,0,4.6134e-16,0,96.682,1176.8,FLYING
17.975,-3.8044e-16,0,5.5021,1.5476e-17,0,2.8767e-05,2.8767e-05,0,4.6776e-16,0,96.682,1176.8,FLYING
17.977,-3.804e-16,0,5.5021,1.5676e-17,0,2.8733e-05,2.8733e-05,0,4.7367e-16,0,96.681,1176.8,FLYING
17.98,-3.8036e-16,0,5.5021,1.5879e-17,0,2.8699e-05,2.8699e-05,0,4.794e-16,0,96.681,1176.8,FLYING
17.982,-3.8032e-16,0,5.5021,1.6084e-17,0,2.8665e-05,2.8665e-05,0,4.848e-16,0,96.68,1176.8,FLYING
17.985,-3.8028e-16,0,5.5021,1.6291e-17,0,2.8631e-05,2.8631e-05,0,4.8969e-16,0,96.68,1176.8,FLYING
17.987,-3.8024e-16,0,5.5021,1.6501e-17,0,2.8597e-05,2.8597e-05,0,4.9406e-16,0,96.679,1176.8,FLYING
17.99,-3.802e-16,0,5.5021,1.6712e-17,0,2.8563e-05,2.8563e-05,0,4.9793e-16,0,96.679,1176.8,FLYING
17.992,-3.8016e-16,0,5.5021,1.6925e-17,0,2.8529e-05,2.8529e-05,0,5.0128e-16,0,96.678,1176.8,FLYING
17.995,-3.8011e-16,0,5.5021,1.714e-17,0,2.8496e-05,2.8496e-05,0,5.0447e-16,0,96.678,1176.8,FLYING
17.997,-3.8007e-16,0,5.5021,1.7356e-17,0,2.8462e-05,2.8462e-05,0,5.0731e-16,0,96.677,1176.8,FLYING
18,-3.8003e-16,0,5.5021,1.7573e-17,0,2.8428e-05,2.8428e-05,0,5.0982e-16,0,96.677,1176.8,FLYING
